id,referencia,score_calidad,etapa_comercial,tipo_oportunidad,sectores,materiales_detectados,precio_formateado,entidad,departamento,ciudad,modalidad,contratista_nombre,contratista_nit,accion_sugerida,url_secop,descripcion
CO1.REQ.10945336,ICCU-LP-025-2026 (Fase de Selección (Presentación de ofertas)),95,Adjudicado (Contratista Seleccionado),Lead B2B de Venta Directa,Construcción & Obra Civil General,,"$59,808,708,596 COP",INSTITUTO DE CAMINOS Y CONSTRUCCIONES DE CUNDINAMARCA - ICCU,Distrito Capital de Bogotá,Bogotá,Licitación pública Obra Publica,CONSORCIO CORREDOR VIAL ICCU 025,No Definido,Contactar al contratista ganador/consorcio para ofrecer suministro y cotización inmediata.,https://community.secop.gov.co/Public/Tendering/OpportunityDetail/Index?noticeUID=CO1.NTC.10799403,"CONSTRUCCION DE LA CONEXIÓN VIAL Y DE ESPACIO PUBLICO SOBRE LA QUEBRADA TIBANICA A LA ALTURA DE LA AV. CIUDAD DE CALI ENTRE EL MUNICIPIO DE SOACHA, CUNDINAMARCA Y EL DISTRITO CAPITAL"
CO1.REQ.10778913,CD-SEGD-CONTINT-002-2026,95,Adjudicado (Contratista Seleccionado),Lead B2B de Venta Directa,Energía Solar & Alumbrado Público,alumbrado público,"$39,549,761,277 COP",ALCALDÍA DEL DISTRITO TURÍSTICO Y CULTURAL DE CARTAGENA DE INDIAS,Bolívar,Cartagena,Contratación Directa (con ofertas),EMPRESAS PUBLICAS DE MEDELLIN E.S.P.,890904996,Contactar al contratista ganador/consorcio para ofrecer suministro y cotización inmediata.,https://community.secop.gov.co/Public/Tendering/OpportunityDetail/Index?noticeUID=CO1.NTC.10638216,PRESTACIÓN DE SERVICIOS DE ACTIVIDADES INHERENTES AL ALUMBRADO PÚBLICO EN EL DISTRITO DE CARTAGENA DE INDIAS
CO1.REQ.10763438,EDUS-I.P.O.M. > C -023- 2026,95,Adjudicado (Contratista Seleccionado),Lead B2B de Venta Directa,"Construcción & Obra Civil General, Energía Solar & Alumbrado Público",alumbrado público,"$28,873,739,329 COP",Empresa Distrital de Desarrollo y Renovación Urbano Sostenible de Santa Marta- EDUS,Magdalena,Santa Marta,Contratación régimen especial (con ofertas),CONSORCIO ALUMBRADO SRM,No Definido,Contactar al contratista ganador/consorcio para ofrecer suministro y cotización inmediata.,https://community.secop.gov.co/Public/Tendering/OpportunityDetail/Index?noticeUID=CO1.NTC.10622105,EJECUTAR LAS OBRAS Y ACTIVIDADES NECESARIAS PARA LA EXPANSIÓN DE LA COBERTURA DEL SISTEMA DE ALUMBRADO PÚBLICO EN DIFERENTES SECTORES DEL DISTRITO DE SANTA MARTA QUE ACTUALMENTE CARECEN DEL SERVICIO O PRESENTAN DEFICIENCIAS EN LOS NIVELES DE ILUMINAC
CO1.REQ.10861670,IA 19 DE 2026,95,Adjudicado (Contratista Seleccionado),Lead B2B de Venta Directa,Construcción & Obra Civil General,,"$24,360,818,305 COP",EMPRESA DE DESARROLLO URBANO DE MEDELLIN,Antioquia,Medellín,Contratación régimen especial (con ofertas),UNION TEMPORAL MERIDIANO PASTORA,No Definido,Contactar al contratista ganador/consorcio para ofrecer suministro y cotización inmediata.,https://community.secop.gov.co/Public/Tendering/OpportunityDetail/Index?noticeUID=CO1.NTC.10717538,"CONSTRUCCIÓN DELRECREO DEPORTIVO Y ESPACIO PÚBLICO LA PASTORA EN EL DISTRITO ESPECIAL DE CIENCIA,TECNOLOGÍA E INNOVACIÓN DE MEDELLÍN"
CO1.REQ.11008813,LP-0011-2026 (Presentación de oferta),95,Adjudicado (Contratista Seleccionado),Lead B2B de Venta Directa,Alimentación Escolar (PAE),alimentacion escolar,"$20,018,163,982 COP",DEPARTAMENTO DEL ATLANTICO**,Atlántico,Barranquilla,Licitación pública,UNION TEMPORAL NUTRIFOOD,No Definido,Contactar al contratista ganador/consorcio para ofrecer suministro y cotización inmediata.,https://community.secop.gov.co/Public/Tendering/OpportunityDetail/Index?noticeUID=CO1.NTC.10862869,"SUMINISTRAR   UN   COMPLEMENTO   ALIMENTARIO   PARA   LOS   NIÑOS, NIÑAS   Y   ADOLESCENTES MATRICULADOS EN JORNADA REGULAR Y UNICA EN LOS ESTABLECIMIENTOS EDUCATIVOS OFICIALES DE LOS   20   MUNICIPIOS NO CERTIFICADOS DEL DEPARTAMENTO DEL ATLANTICO, "
CO1.REQ.10532336,LIC-SED-001-2026 (Presentación de oferta),95,Adjudicado (Contratista Seleccionado),Lead B2B de Venta Directa,Alimentación Escolar (PAE),"pae, alimentación escolar, alimentacion escolar","$17,676,754,020 COP",GOBERNACIÓN DE BOLÍVAR//,Bolívar,Turbaco,Licitación pública,UT MONTEMARIANA 2026-2,902085417,Contactar al contratista ganador/consorcio para ofrecer suministro y cotización inmediata.,https://community.secop.gov.co/Public/Tendering/OpportunityDetail/Index?noticeUID=CO1.NTC.10388556,"CONTRATAR LA EJECUCIÓN DEL PROGRAMA DE ALIMENTACIÓN ESCOLAR EN SEDES EDUCATIVAS PARA GARANTIZAR LA AMPLIACION DE LA COBERTURA, EN MODALIDADES INDUSTRIALIZADA Y/O PREPARADA EN SITIO Y/O LAS MODALIDADES DIFERENCIALES Y/O TRANSITORIAS QUE SE REQUIERAN, "
CO1.REQ.10594497,LP-SGR-0007-2026 (Presentación de oferta),95,Adjudicado (Contratista Seleccionado),Lead B2B de Venta Directa,Alimentación Escolar (PAE),"pae, alimentación escolar, complementos alimentarios","$13,611,167,720 COP",GOBERNACION DEL DEPARTAMENTO DEL CESAR,Cesar,Valledupar,Licitación pública,UNION TEMPORAL NUTRIENDO EL PAE 2026,902090675,Contactar al contratista ganador/consorcio para ofrecer suministro y cotización inmediata.,https://community.secop.gov.co/Public/Tendering/OpportunityDetail/Index?noticeUID=CO1.NTC.10449161,SUMINISTRO DE COMPLEMENTOS ALIMENTARIOS A LOS ESTUDIANTES MATRICULADOS EN LOS ESTABLECIMIENTOS EDUCATIVOS OFICIALES DE LAS ZONAS URBANAS Y RURALES EN EL MARCO DEL PROGRAMA DE ALIMENTACIÓN ESCOLAR DESARROLLADO EN 24 MUNICIPIOS NO CERTIFICADOS DEL DEPA
CO1.REQ.10609090,LP-SAPSB-03072-2026 (Fase de Selección (Presentación de ofertas)),95,Adjudicado (Contratista Seleccionado),Lead B2B de Venta Directa,"Construcción & Obra Civil General, Agua Potable & Saneamiento",acueducto,"$12,962,899,486 COP",Gobernación Norte de Santander*,Norte de Santander,Cúcuta,Licitación pública Obra Publica,UNIÓN TEMPORAL ACUEDUCTO LA ESPERANZA,No Definido,Contactar al contratista ganador/consorcio para ofrecer suministro y cotización inmediata.,https://community.secop.gov.co/Public/Tendering/OpportunityDetail/Index?noticeUID=CO1.NTC.10464169,CONSTRUCCION DEL ACUEDUCTO EN EL MUNICIPIO LA ESPERANZA EN NORTE DE SANTANDER
CO1.REQ.10874036,SED-CM-A-DBE-052-2026 (Presentación de oferta),95,Adjudicado (Contratista Seleccionado),Lead B2B de Venta Directa,Interventoría & Consultoría,interventoría integral,"$10,199,281,702 COP",SECRETARIA DE EDUCACION DEL DISTRITO,Distrito Capital de Bogotá,No Definido,Concurso de méritos abierto,GRUPO TAPIR S.A.S,901598869,Contactar al contratista ganador/consorcio para ofrecer suministro y cotización inmediata.,https://community.secop.gov.co/Public/Tendering/OpportunityDetail/Index?noticeUID=CO1.NTC.10729978,"Realizar la interventoría integral, esto es técnica, financiera, administrativa, contable, y jurídica a los contratos y/o convenios que suscriba la Secretaría de Educación del Distrito para ejecutar la modalidad correspondiente a la prestación del Se"
CO1.REQ.11066142,IP 007-2026,95,Adjudicado (Contratista Seleccionado),Lead B2B de Venta Directa,Construcción & Obra Civil General,obras complementarias,"$9,196,071,823 COP",RENTING DE ANTIOQUIA,Antioquia,No Definido,Contratación régimen especial (con ofertas),INFRAESTRUCTURA Y VIVIENDA S.A.S.,900023539,Contactar al contratista ganador/consorcio para ofrecer suministro y cotización inmediata.,https://community.secop.gov.co/Public/Tendering/OpportunityDetail/Index?noticeUID=CO1.NTC.10928642,"REALIZAR ACTIVIDADES DE MANTENIMIENTO, REHABILITACIÓN, PUNTOS CRÍTICOS Y OBRAS COMPLEMENTARIAS DEL CIRCUITO VIAL 60AN06 CONCORDIA LA QUIEBRA BETULIA"
CO1.REQ.11029089,LO-08-IN-006-2026 (Fase de Selección (Presentación de ofertas)),95,Adjudicado (Contratista Seleccionado),Lead B2B de Venta Directa,Construcción & Obra Civil General,,"$9,099,805,546 COP",DEPARTAMENTO DEL ARAUCA,Arauca,Arauca,Licitación pública Obra Publica,CONSORCIO VÍAL C&M 2026,No Definido,Contactar al contratista ganador/consorcio para ofrecer suministro y cotización inmediata.,https://community.secop.gov.co/Public/Tendering/OpportunityDetail/Index?noticeUID=CO1.NTC.10883061,"MEJORAMIENTO DE LA INFRAESTRUCTURA VIAL EN LA VÍA TAME PUERTO RONDÓN, DEPARTAMENTO DE ARAUCA"
CO1.REQ.10857461,INV-LP-0001-2026 (Fase de Selección (Presentación de ofertas)),95,Adjudicado (Contratista Seleccionado),Lead B2B de Venta Directa,Construcción & Obra Civil General,obras complementarias,"$8,880,583,884 COP",INSTITUTO DE VALORIZACION DE MANIZALES,Caldas,Manizales,Licitación pública Obra Publica,CONSORCIO POC 2026,No Definido,Contactar al contratista ganador/consorcio para ofrecer suministro y cotización inmediata.,https://community.secop.gov.co/Public/Tendering/OpportunityDetail/Index?noticeUID=CO1.NTC.10712536,"CONSTRUCCION DE VÍAS DE ACCESO, PUENTE Y OBRAS COMPLEMENTARIAS ZONA INDUSTRIAL - SECTOR MALTERÍA DE LA CIUDAD DE MANIZALES"
CO1.REQ.11007290,LP-MP-001-2026 (Fase de Selección (Presentación de ofertas)),95,Adjudicado (Contratista Seleccionado),Lead B2B de Venta Directa,"Construcción & Obra Civil General, Agua Potable & Saneamiento",acueductos,"$8,829,983,133 COP",MUNICIPIO DE PLATO,Magdalena,Plato,Licitación pública Obra Publica,UT ACUEDUCTOS PLATO,No Definido,Contactar al contratista ganador/consorcio para ofrecer suministro y cotización inmediata.,https://community.secop.gov.co/Public/Tendering/OpportunityDetail/Index?noticeUID=CO1.NTC.10861163,"CONSTRUCCIÓN DE ACUEDUCTOS COMUNITARIOS PARA LOS CORREGIMIENTOS DE BUENAVISTA Y SAN ANTONIO DEL RÍO, DELMUNICIPIO DE PLATO-MAGDALENA"
CO1.REQ.10874030,SED-CM-A-DBE-054-2026 (Presentación de oferta),95,Adjudicado (Contratista Seleccionado),Lead B2B de Venta Directa,Interventoría & Consultoría,interventoría integral,"$8,066,901,394 COP",SECRETARIA DE EDUCACION DEL DISTRITO,Distrito Capital de Bogotá,No Definido,Concurso de méritos abierto,CONSORCIO CIR 2026,No Definido,Contactar al contratista ganador/consorcio para ofrecer suministro y cotización inmediata.,https://community.secop.gov.co/Public/Tendering/OpportunityDetail/Index?noticeUID=CO1.NTC.10729797,"REALIZAR LA INTERVENTORÍA INTEGRAL (TÉCNICA, FINANCIERA, ADMINISTRATIVA, CONTABLE Y JURÍDICA) A LAS ÓRDENES DE COMPRA Y/O CONTRATOS QUE SUSCRIBA LA SECRETARÍA DE EDUCACIÓN DEL DISTRITO PARA EJECUTAR LA MODALIDAD DE REFRIGERIOS ESCOLARES DEL PROGRAMA "
CO1.REQ.10561779,CMA-001-2026 (Presentación de oferta),95,Adjudicado (Contratista Seleccionado),Lead B2B de Venta Directa,Interventoría & Consultoría,,"$7,795,143,189 COP",MUNICIPIO DE COGUA,Cundinamarca,Cogua,Concurso de méritos abierto,CONSORCIO INTERCOGUA AP.,No Definido,Contactar al contratista ganador/consorcio para ofrecer suministro y cotización inmediata.,https://community.secop.gov.co/Public/Tendering/OpportunityDetail/Index?noticeUID=CO1.NTC.10417270,"INTERVENTORIA TÉCNICA, ADMINISTRATIVA, REGULATORIA, AMBIENTAL PARA EL SERVICIO DE ALUMBRADO PÚBLICO, SERVICIOS TECNOLOGICOS ASOCIADOS A EL, Y LAS OBRAS DE MODERNIZACIÓN, EXPANSIÓN, ALUMBRADO NAVIDEÑO Y ORNAMENTAL DEL MUNICIPIO DE COGUA - CUNDINAMARCA"
CO1.REQ.10591247,GCSJ-CM-009-2026 (Presentación de oferta),95,Adjudicado (Contratista Seleccionado),Lead B2B de Venta Directa,Interventoría & Consultoría,interventoría técnica,"$7,718,344,254 COP",DEPARTAMENTO DEL META,Meta,Villavicencio,Concurso de méritos abierto,UNION TEMPORAL GESTION INTEGRAL PAE META 2026,902088767,Contactar al contratista ganador/consorcio para ofrecer suministro y cotización inmediata.,https://community.secop.gov.co/Public/Tendering/OpportunityDetail/Index?noticeUID=CO1.NTC.10446918,"INTERVENTORÍA TÉCNICA, ADMINISTRATIVA, FINANCIERA Y JURÍDICA A LA PRESTACIÓN DEL SERVICIO PARA LA IMPLEMENTACIÓN DEL PROGRAMA DE ALIMENTACIÓN ESCOLAR A TRAVÉS DEL SUMINISTRO DE COMPLEMENTOS ALIMENTARIOS Y SERVICIO DE ALIMENTACIÓN EN RESIDENCIAS ESCOL"
CO1.REQ.10972272,SPO-003-2026,95,Adjudicado (Contratista Seleccionado),Lead B2B de Venta Directa,"Construcción & Obra Civil General, Agua Potable & Saneamiento",alcantarillado,"$7,549,302,639 COP",EMPRESA PARA EL DESARROLLO URBANO EDURHA CAREPA-COMPRADOR,Antioquia,Carepa,Contratación régimen especial (con ofertas),CONSORCIO SANEAMIENTO CURRULAO 2026,No Definido,Contactar al contratista ganador/consorcio para ofrecer suministro y cotización inmediata.,https://community.secop.gov.co/Public/Tendering/OpportunityDetail/Index?noticeUID=CO1.NTC.10830350,"CONTRATO DE OBRA PARA LA CONSTRUCCIÓN DE ALCANTARILLADO RESIDUAL VÍA CENTRO DE SALUD DON BOSCO DE CURRULAO EN EL DISTRITO DE TURBO, ANTIOQUIA, IDENTIFICADO CON CÓDIGO BPIN 2026003050019"
CO1.REQ.10561501,LP-SAPSB-03005-2026 (Fase de Selección (Presentación de ofertas)),95,Adjudicado (Contratista Seleccionado),Lead B2B de Venta Directa,"Construcción & Obra Civil General, Agua Potable & Saneamiento","planta de tratamiento, aguas residuales, tratamiento de aguas","$6,905,844,208 COP",Gobernación Norte de Santander*,Norte de Santander,Cúcuta,Licitación pública Obra Publica,CONSORCIO PAMPLONITA PTAR,No Definido,Contactar al contratista ganador/consorcio para ofrecer suministro y cotización inmediata.,https://community.secop.gov.co/Public/Tendering/OpportunityDetail/Index?noticeUID=CO1.NTC.10416482,"CONSTRUCCION PLANTA DE TRATAMIENTO DE AGUAS RESIDUALES DEL MUNICIPIO DE PAMPLONITA, NORTE DE SANTANDER"
CO1.REQ.10620845,LP-DEO-SGI-022-2026 (Fase de Selección (Presentación de ofertas)),95,Adjudicado (Contratista Seleccionado),Lead B2B de Venta Directa,Construcción & Obra Civil General,,"$6,461,171,578 COP",INVIAS,Distrito Capital de Bogotá,Bogotá,Licitación pública Obra Publica,CONSORCIO ALBANIA RUTA 88GJ02,No Definido,Contactar al contratista ganador/consorcio para ofrecer suministro y cotización inmediata.,https://community.secop.gov.co/Public/Tendering/OpportunityDetail/Index?noticeUID=CO1.NTC.10479801,"REHABILITACIÓN Y MANTENIMIENTO PERIODICO DE LAS CARRETERAS SAN ROQUE - LA PAZ (4901), VALLEDUPAR - LA PAZ (8004) LA PAZ - DISTRACCIÓN RUTA 4902, VALLEDUPAR- RIO SECO - SAN JUAN (8004A) PASO NACIONAL POR SAN JUAN (49GJB) DISTRACCIÓN ALBANIA RUTA 8801 "
CO1.REQ.11005004,SCJ-CMA-002-2026 (Presentación de oferta),95,Adjudicado (Contratista Seleccionado),Lead B2B de Venta Directa,Interventoría & Consultoría,interventoría técnica,"$6,440,000,000 COP","SECRETARIA DISTRITAL DE SEGURIDAD, CONVIVENCIA Y JUSTICIA",Distrito Capital de Bogotá,No Definido,Concurso de méritos abierto,CONSORCIO VIGILANCIA INTEGRAL ALIMENTARIA PPL,No Definido,Contactar al contratista ganador/consorcio para ofrecer suministro y cotización inmediata.,https://community.secop.gov.co/Public/Tendering/OpportunityDetail/Index?noticeUID=CO1.NTC.10859762,"13657 - INTERVENTORÍA TÉCNICA, ADMINISTRATIVA, FINANCIERA, CONTABLE Y JURÍDICA SOBRE EL SERVICIO DE ALIMENTACION PREPARADA, EMPACADA Y ENTREGADA INDIVIDUALMENTE EN SITIO, BAJO EL SISTEMA DE RACIÓN DIARIA   A LAS PERSONAS PRIVADAS DE LA LIBERTAD, QUE "
CO1.REQ.10344674,LP-2026-001 (Fase de Selección (Presentación de ofertas)),95,Adjudicado (Contratista Seleccionado),Lead B2B de Venta Directa,Construcción & Obra Civil General,pavimento rígido,"$5,619,913,929 COP",MUNICIPIO DE PUERTO RICO - CAQUETA,Caquetá,Puerto Rico,Licitación pública Obra Publica,GRUPO EMPRESARIAL LOS BALCANES S.A.S,901678913,Contactar al contratista ganador/consorcio para ofrecer suministro y cotización inmediata.,https://community.secop.gov.co/Public/Tendering/OpportunityDetail/Index?noticeUID=CO1.NTC.10202221,"MEJORAMIENTO EN PAVIMENTO RÍGIDO DE 2.07 KM EN LA VÍA RURAL EL CARMELO - LA ESTRELLITA DEL MUNICIPIO DE PUERTO RICO, DEPARTAMENTO DEL CAQUETÁ"
CO1.REQ.10765233,LP-075-CENACTELEMÁTICA-2026 (Presentación de oferta),95,Adjudicado (Contratista Seleccionado),Lead B2B de Venta Directa,Tecnología & Equipos de Cómputo,"equipos de computo, software","$5,244,714,692 COP",CENTRAL ADMINISTRATIVA Y CONTABLE TELEMATICA,Cundinamarca,Facatativá,Licitación pública,UT SIRED COMPUTO 2026,No Definido,Contactar al contratista ganador/consorcio para ofrecer suministro y cotización inmediata.,https://community.secop.gov.co/Public/Tendering/OpportunityDetail/Index?noticeUID=CO1.NTC.10699656,"ADQUISICION DE EQUIPOS DE COMPUTO, PERIFERICOS Y SOFTWARE DE OFIMATICA PARA LOS EQUIPOS DE COMPUTO DE LAS UNIDADES DEL EJERCITO NACIONAL DEL PRIMER SEMESTRE 2026"
CO1.REQ.10588885,LP-SE-001-2026 (Presentación de oferta),95,Adjudicado (Contratista Seleccionado),Lead B2B de Venta Directa,Alimentación Escolar (PAE),"pae, complemento alimentario, alimentacion escolar","$5,070,873,564 COP",MUNICIPIO DE YUMBO VALLE,Valle del Cauca,No Definido,Licitación pública,UNION TEMPORAL ALIMENTANDO YUMBO 2026 II,No Definido,Contactar al contratista ganador/consorcio para ofrecer suministro y cotización inmediata.,https://community.secop.gov.co/Public/Tendering/OpportunityDetail/Index?noticeUID=CO1.NTC.10444101,"BRINDAR COMPLEMENTO ALIMENTARIO AM/PM - REFUERZO COMPLEMENTO AM/PM, ALMUERZO JORNADA UNICA, PARA LA IMPLEMENTACION DEL PROGRAMA DE ALIMENTACION ESCOLAR EN LAS INSTITUCIONES EDUCATIVAS OFICIALES DEL MUNICIPIO DE YUMBO VALLE DEL CAUCA"
CO1.REQ.11000537,SE-LP-001-2026 (Presentación de oferta),95,Adjudicado (Contratista Seleccionado),Lead B2B de Venta Directa,Alimentación Escolar (PAE),"ración preparada en sitio, ración industrializada, complementos alimentarios, complemento alimentario","$5,006,525,760 COP",MUNICIPIO DE BUCARAMANGA,Santander,Bucaramanga,Licitación pública,UNIÓN TEMPORAL BGA ALIMENTAR 26,No Definido,Contactar al contratista ganador/consorcio para ofrecer suministro y cotización inmediata.,https://community.secop.gov.co/Public/Tendering/OpportunityDetail/Index?noticeUID=CO1.NTC.10854906,"SUMINISTRO DIARIO DE COMPLEMENTO ALIMENTARIO SEGÚN MODALIDADES DE ATENCIÓN: RACIÓN INDUSTRIALIZADA, RACIÓN PREPARADA EN SITIO - TIPO ALMUERZO, RACIÓN PREPARADA EN SITIO - COMPLEMENTO ALIMENTARIO JORNADA MAÑANA/JORNADA TARDE PARA NIÑOS, NIÑAS, ADOLESC"
CO1.REQ.10582579,MHCP-SIE-04-2026 (Presentación de oferta),95,Adjudicado (Contratista Seleccionado),Lead B2B de Venta Directa,Tecnología & Equipos de Cómputo,equipos de cómputo,"$4,926,103,906 COP",MINISTERIO DE HACIENDA Y CREDITO PUBLICO,Distrito Capital de Bogotá,No Definido,Selección abreviada subasta inversa,UT CONVINES IX,No Definido,Contactar al contratista ganador/consorcio para ofrecer suministro y cotización inmediata.,https://community.secop.gov.co/Public/Tendering/OpportunityDetail/Index?noticeUID=CO1.NTC.10439166,Adquisición de equipos de cómputo requeridos para garantizar la operación y funcionamiento del Ministerio de Hacienda y Crédito Público.
CO1.REQ.9825062,02-2026,95,Adjudicado (Contratista Seleccionado),Lead B2B de Venta Directa,Alimentación Escolar (PAE),"pae, alimentación escolar, complemento alimentario","$4,848,966,024 COP",MUNICIPIO DE MARINILLA,Antioquia,Marinilla,Contratación régimen especial (con ofertas),Fundacion Accion Solidaria Por Colombia,900569044,Contactar al contratista ganador/consorcio para ofrecer suministro y cotización inmediata.,https://community.secop.gov.co/Public/Tendering/OpportunityDetail/Index?noticeUID=CO1.NTC.9673718,"Aunar esfuerzos técnicos, administrativos, financieros y logísticos para la ejecución del Programa de Alimentación Escolar (PAE) en el Municipio de Marinilla, Antioquia, a través del cual se brinda un complemento alimentario y nutricional a los niños"
CO1.REQ.10592227,SUBASTA INVERSA No. 018-2026 MDN-UGG-DA (Presentación de oferta),95,Adjudicado (Contratista Seleccionado),Lead B2B de Venta Directa,Tecnología & Equipos de Cómputo,"software, seguridad perimetral","$4,399,717,980 COP",MINISTERIO DE DEFENSA NACIONAL,Distrito Capital de Bogotá,Bogotá,Selección abreviada subasta inversa,Grupo Microsistemas Colombia SAS,900418656,Contactar al contratista ganador/consorcio para ofrecer suministro y cotización inmediata.,https://community.secop.gov.co/Public/Tendering/OpportunityDetail/Index?noticeUID=CO1.NTC.10465309,"RENOVACION GARANTIA EXTENDIDA A TODO COSTO DEL SOFTWARE Y HARDWARE DE LA PLATAFORMA DE SEGURIDAD PERIMETRAL Y SUSCRIPCION DE SOFTWARE, PARA LA UNIDAD DE GESTION GENERAL DEL MINISTERIO DE DEFENSA NACIONAL"
CO1.REQ.10502863,CMA-DEO-SGI-010-2026   (Presentación de oferta),95,Adjudicado (Contratista Seleccionado),Lead B2B de Venta Directa,Interventoría & Consultoría,interventoría integral,"$4,200,000,000 COP",INVIAS,Distrito Capital de Bogotá,Bogotá,Concurso de méritos abierto,C RUTA ANTIOQUIA 010 2HMV,No Definido,Contactar al contratista ganador/consorcio para ofrecer suministro y cotización inmediata.,https://community.secop.gov.co/Public/Tendering/OpportunityDetail/Index?noticeUID=CO1.NTC.10360321,"INTERVENTORÍA INTEGRAL PARA LA GESTION VIAL INTEGRAL DE LAS CARRETERAS: SANTUARIO - CRUCE RUTA 45 (CAÑO ALEGRE), RUTA 6005; HOYO RICO - LOS LLANOS, RUTA 2510; LOS LLANOS - TARAZÁ, RUTA 2511; TARAZÁ - CAUCASIA, RUTA 2512; Y LA PINTADA - MEDELLÍN (AUTO"
CO1.REQ.10444045,CMA-DEO-SGI-002-2026  (Presentación de oferta),95,Adjudicado (Contratista Seleccionado),Lead B2B de Venta Directa,Interventoría & Consultoría,interventoría integral,"$4,162,994,013 COP",INVIAS,Distrito Capital de Bogotá,Bogotá,Concurso de méritos abierto,INGENIEROS CIVILES ESPECIALISTAS S.A.S.,No Definido,Contactar al contratista ganador/consorcio para ofrecer suministro y cotización inmediata.,https://community.secop.gov.co/Public/Tendering/OpportunityDetail/Index?noticeUID=CO1.NTC.10302840,"INTERVENTORÍA INTEGRAL PARA LA GESTÓN VIAL INTEGRAL DE LA RUTA NACIONAL 21 SECTOR: MONTERÍA - CERETÉ, PASO NACIONAL POR CERETÉ, SECTOR VARIANTE ORIENTAL DE MONTERÍA, TRAMO 21CRA, RUTA NACIONAL 74 SECTOR: CERETÉ - CRUCE RUTA 25 (LA YE); RUTA NACIONAL "
CO1.REQ.10883445,LOPIH004-2026 (Fase de Selección (Presentación de ofertas)),95,Adjudicado (Contratista Seleccionado),Lead B2B de Venta Directa,Construcción & Obra Civil General,obras complementarias,"$3,921,006,788 COP",INDERHUILA,Huila,Neiva,Licitación pública Obra Publica,CONSORCIO CUBIERTAS PRO,No Definido,Contactar al contratista ganador/consorcio para ofrecer suministro y cotización inmediata.,https://community.secop.gov.co/Public/Tendering/OpportunityDetail/Index?noticeUID=CO1.NTC.10738676,"CONTRATAR LA CONSTRUCCIÓN DE CUBIERTAS Y OBRAS COMPLEMENTARIAS PARA INFRAESTRUCTURA DEPORTIVA EN LOS MUNICIPIOS DE SAN AGUSTÍN, EL PITAL, BARAYA Y LA PLATA, DEPARTAMENTO DEL HUILA"
CO1.REQ.10561823,SA-MEN-08-2026 (Presentación de oferta),95,Adjudicado (Contratista Seleccionado),Lead B2B de Venta Directa,Tecnología & Equipos de Cómputo,licenciamiento,"$3,748,875,800 COP",MINISTERIO DE EDUCACION NACIONAL (MEN),Distrito Capital de Bogotá,Bogotá,Selección abreviada subasta inversa,M.S.L. DISTRIBUCIONES Y CIA S.A.S,830031855,Contactar al contratista ganador/consorcio para ofrecer suministro y cotización inmediata.,https://community.secop.gov.co/Public/Tendering/OpportunityDetail/Index?noticeUID=CO1.NTC.10417514,"ADQUISICIÓN Y RENOVACIÓN DEL LICENCIAMIENTO, QUE INCLUYA  SOPORTE, ACTUALIZACIÓN Y MANTENIMIENTO, PARA LA GESTIÓN TÉCNICA, DE APLICACIONES, DE PROYECTOS Y SEGURIDAD TI DEL MINISTERIO DE EDUCACIÓN NACIONAL"
CO1.REQ.11057858,SASI 012-033-2026 (Presentación de oferta),95,Adjudicado (Contratista Seleccionado),Lead B2B de Venta Directa,"Eventos, Logística & Víveres","frutas, verduras, víveres","$3,500,000,000 COP",AGENCIA LOGISTICA DE LAS FUERZAS MILITARES,Distrito Capital de Bogotá,Bogotá,Selección abreviada subasta inversa,ELKIN ALONSO TOBON CAMPUZANO,16511170,Contactar al contratista ganador/consorcio para ofrecer suministro y cotización inmediata.,https://community.secop.gov.co/Public/Tendering/OpportunityDetail/Index?noticeUID=CO1.NTC.10914266,"SUMINISTRO DE VÍVERES FRESCOS EN GENERAL, TALES COMO CARNES ROJAS Y BLANCAS (RES, CERDO Y AVES DE CORRAL), PESCADO Y MARISCOS, FRUTAS, VERDURAS, TUBÉRCULOS, EMBUTIDOS (CARNES PROCESADAS Y PREPARADAS), LÁCTEOS Y DERIVADOS, BEBIDAS Y JUGOS CONCENTRADOS"
CO1.REQ.10381391,CMA-0001-2026 (Presentación de oferta),95,Adjudicado (Contratista Seleccionado),Lead B2B de Venta Directa,Interventoría & Consultoría,interventoria tecnica,"$3,310,972,700 COP",DEPARTAMENTO DEL ATLANTICO**,Atlántico,Barranquilla,Concurso de méritos abierto,CONSORCIO INTERPAE ATLANTICO 2026,902073558,Contactar al contratista ganador/consorcio para ofrecer suministro y cotización inmediata.,https://community.secop.gov.co/Public/Tendering/OpportunityDetail/Index?noticeUID=CO1.NTC.10238284,"INTERVENTORIA TECNICA, ADMINISTRATIVA, JURIDICA Y FINANCIERA PARA EL SUMINISTRO DE UN COMPLEMENTO ALIMENTARIO PARA LOS NIÑOS, NIÑAS Y ADOLESCENTES MATRICULADOS EN JORNADA REGULAR Y UNICA EN LOS ESTABLECIMIENTOS EDUCATIVOS OFICIALES DE LOS 20 MUNICIPI"
CO1.REQ.10793160,EDUH-IP-005-2026,95,Adjudicado (Contratista Seleccionado),Lead B2B de Venta Directa,Agua Potable & Saneamiento,"ptar, tratamiento de aguas, plantas de tratamiento, aguas residuales, alcantarillado","$3,228,559,145 COP",EDUH-Turbo,Antioquia,Turbo,Contratación régimen especial (con ofertas),M&G CONSTRUCTORES Y CONSULTORES S.A.S.,901681691,Contactar al contratista ganador/consorcio para ofrecer suministro y cotización inmediata.,https://community.secop.gov.co/Public/Tendering/OpportunityDetail/Index?noticeUID=CO1.NTC.10648303,"LA OPTIMIZACIÓN DE LA RED DE ALCANTARILLADO SANITARIO, AMPLIACIÓN DE LA RED DE ALCANTARILLADO SANITARIO Y LA  CONSTRUCCIÓN DE PLANTAS DE TRATAMIENTO DE AGUAS RESIDUALES (PTAR) EN LOS BARRIOS URBANOS DEL MUNICIPIO DE SAN PEDRO DE URABA - ANTIOQUIA"
CO1.REQ.11000416,FFDS-CMA-003-2026 (Presentación de oferta),95,Adjudicado (Contratista Seleccionado),Lead B2B de Venta Directa,Interventoría & Consultoría,interventoría técnica,"$3,187,805,632 COP",FONDO FINANCIERO DISTRITAL DE SALUD..,Distrito Capital de Bogotá,No Definido,Concurso de méritos abierto,CONSORCIO 7/24,No Definido,Contactar al contratista ganador/consorcio para ofrecer suministro y cotización inmediata.,https://community.secop.gov.co/Public/Tendering/OpportunityDetail/Index?noticeUID=CO1.NTC.10854496,"CONTRATAR LA INTERVENTORÍA TÉCNICA, ADMINISTRATIVA, FINANCIERA, CONTABLE Y JURÍDICA DEL CONTRATO DENOMINADO  CONTRATAR LOS SERVICIOS DE CENTRO DE CONTACTO PARA LA ORIENTACIÓN Y REGULACIÓN DE URGENCIAS EN SALUD DE LOS HABITANTES DE BOGOTÁ MEDIANTE EST"
CO1.REQ.10584476,ARI.LP-014-2026 (Fase de Selección (Presentación de ofertas)),95,Adjudicado (Contratista Seleccionado),Lead B2B de Venta Directa,"Construcción & Obra Civil General, Energía Solar & Alumbrado Público",sistemas fotovoltaicos,"$3,152,430,591 COP",ARAUCA ILUMINADA SAS ESP,Arauca,Arauca,Licitación pública Obra Publica,Altair Tecnik S.A.S.,901746219,Contactar al contratista ganador/consorcio para ofrecer suministro y cotización inmediata.,https://community.secop.gov.co/Public/Tendering/OpportunityDetail/Index?noticeUID=CO1.NTC.10439763,"IMPLEMENTACIÓN DE ENERGÍA ALTERNATIVAS MEDIANTE SISTEMAS FOTOVOLTAICOS EN DIFERENTES INSTITUCIONES EDUCATIVAS DEL MUNICIPIO DE ARAUCA, DEPARTAMENTO DE ARAUCA"
CO1.REQ.11130605,FDLCH-CIA-323-2026,95,Adjudicado (Contratista Seleccionado),Lead B2B de Venta Directa,Construcción & Obra Civil General,malla vial,"$3,046,345,988 COP",ALCALDÍA LOCAL DE CHAPINERO - FONDO DE DESARROLLO LOCAL,Distrito Capital de Bogotá,Bogotá,Contratación Directa (con ofertas),UNIDAD ADMINISTRATIVA ESPECIAL DE REHABILITACIÓN Y MANTENIMIENTO VIAL,900127032,Contactar al contratista ganador/consorcio para ofrecer suministro y cotización inmediata.,https://community.secop.gov.co/Public/Tendering/OpportunityDetail/Index?noticeUID=CO1.NTC.10986287,"AUNAR ESFUERZOS TÉCNICOS, ADMINISTRATIVOS, FINANCIEROS Y JURÍDICOS PARA LA GESTIÓN Y CONSERVACIÓN DEL ESPACIO PÚBLICO PARA LA MOVILIDAD DE LA LOCALIDAD DE CHAPINERO"
CO1.REQ.10944608,4SU-012-2026 (Presentación de oferta),95,Adjudicado (Contratista Seleccionado),Lead B2B de Venta Directa,Alimentación Escolar (PAE),alimentación escolar,"$2,919,822,471 COP",ALCALDIA MUNICIPIO DE ARAUCA,Arauca,Arauca,Selección abreviada subasta inversa,UNION TEMPORAL CRECIENDO SALUDABLE 2026,No Definido,Contactar al contratista ganador/consorcio para ofrecer suministro y cotización inmediata.,https://community.secop.gov.co/Public/Tendering/OpportunityDetail/Index?noticeUID=CO1.NTC.10808918,"APOYO AL PROGRAMA DE ALIMENTACIÓN ESCOLAR PARA LOS ESTUDIANTES DE LAS SEDES EDUCATIVAS OFICIALES DE LA ZONA URBANA EN EL MUNICIPIO DE ARAUCA, DEPARTAMENTO DE ARAUCA"
CO1.REQ.11008712,4151.010.32.1.1258-2026 (Fase de Selección (Presentación de ofertas)),95,Adjudicado (Contratista Seleccionado),Lead B2B de Venta Directa,Construcción & Obra Civil General,,"$2,914,537,697 COP",SANTIAGO DE CALI DISTRITO ESPECIAL - SECRETARIA DE INFRAESTRUCTURA,Valle del Cauca,Cali,Licitación pública Obra Publica,FENIX ASFALTOS Y CONCRETOS SAS,901603298,Contactar al contratista ganador/consorcio para ofrecer suministro y cotización inmediata.,https://community.secop.gov.co/Public/Tendering/OpportunityDetail/Index?noticeUID=CO1.NTC.10862819,"REALIZAR EL MANTENIMIENTO, REHABILITACIÓN Y CONSTRUCCIÓN DE PUENTES PEATONALES Y VEHICULARES EN LA ZONA URBANA Y RURAL DEL DISTRITO DE SANTIAGO DE CALI"
CO1.REQ.11084394,CM-SE-007-2026 (Presentación de oferta),95,Adjudicado (Contratista Seleccionado),Lead B2B de Venta Directa,Interventoría & Consultoría,interventoría técnica,"$2,829,972,915 COP",MUNICIPIO DE PUERTO GAITAN,Meta,Puerto Gaitán,Concurso de méritos abierto,No Definido,No Definido,Contactar al contratista ganador/consorcio para ofrecer suministro y cotización inmediata.,https://community.secop.gov.co/Public/Tendering/OpportunityDetail/Index?noticeUID=CO1.NTC.10940526,"INTERVENTORÍA TÉCNICA, JURÍDICA, ADMINISTRATIVA Y FINANCIERA DEL CONTRATO QUE TIENE COMO OBJETO: SUMINISTRAR COMPLEMENTO ALIMENTARIO ALMUERZO EN MODALIDAD OLLA COMUNITARIA DENTRO DE LA IMPLEMENTACIÓN DEL PROGRAMA DE ALIMENTACIÓN ESCOLAR PARA ESTUDIAN"
CO1.REQ.10579632,CMA-DEO-SVR-011-2026 (Presentación de oferta),95,Adjudicado (Contratista Seleccionado),Lead B2B de Venta Directa,Interventoría & Consultoría,interventoría integral,"$2,718,073,000 COP",INVIAS,Distrito Capital de Bogotá,Bogotá,Concurso de méritos abierto,CONSORCIO FATIMA 040,No Definido,Contactar al contratista ganador/consorcio para ofrecer suministro y cotización inmediata.,https://community.secop.gov.co/Public/Tendering/OpportunityDetail/Index?noticeUID=CO1.NTC.10438656,INTERVENTORÍA INTEGRAL PARA EL MEJORAMIENTO Y OBRAS COMPLEMENTARIAS DE LA VÍA 3202B CRUCE CANDELARIA CRUCERO LA INDUSTRIA PARA LA CONEXIÓN CON FLORIDA EN EL DEPARTAMENTO DEL VALLE DEL CAUCA
CO1.REQ.11026773,SBV-CM-SA-001- 2026 (Presentación de oferta),95,Adjudicado (Contratista Seleccionado),Lead B2B de Venta Directa,Interventoría & Consultoría,interventoría técnica,"$2,590,079,236 COP",DEPARTAMENTO DE CUNDINAMARCA-SECRETARIA DEL AMBIENTE,Distrito Capital de Bogotá,No Definido,Concurso de méritos abierto,Ecointegral LTDA,830009030,Contactar al contratista ganador/consorcio para ofrecer suministro y cotización inmediata.,https://community.secop.gov.co/Public/Tendering/OpportunityDetail/Index?noticeUID=CO1.NTC.10880842,"INTERVENTORÍA TÉCNICA, SOCIO - AMBIENTAL, ADMINISTRATIVA, JURÍDICA,FINANCIERA Y CONTABLE DE LA ETAPA DE OPERACIÓN DEL CONTRATO DE CONCESIÓN NO. 001 DE 2002 CUYO OBJETO ES REALIZAR POR EL SISTEMA DE CONCESIÓN, CONFORME AL DOCUMENTO CONDICIONES INVITAC"
CO1.REQ.10885657,SE-SASIE-0036-2026 (Presentación de oferta),95,Adjudicado (Contratista Seleccionado),Lead B2B de Venta Directa,Alimentación Escolar (PAE),"pae, alimentación escolar, complemento alimentario","$2,569,320,000 COP",MUNICIPIO DE SEGOVIA,Antioquia,No Definido,Selección abreviada subasta inversa,INVERSIONES ECONOMICAS PSS SAS,900557916,Contactar al contratista ganador/consorcio para ofrecer suministro y cotización inmediata.,https://community.secop.gov.co/Public/Tendering/OpportunityDetail/Index?noticeUID=CO1.NTC.10763609,"SUMINISTRO DE RACIONES PREPARADAS EN SITIO, TIPO COMPLEMENTO ALIMENTARIO PARA LOS NIÑOS, NIÑAS Y ADOLESCENTES DE LAS INSTITUCIONES EDUCATIVAS PÚBLICAS DEL MUNICIPIO DE SEGOVIA ANTIOQUIA, BENEFICIADOS DEL PROGRAMA DE ALIMENTACIÓN ESCOLAR PAE PARA LA V"
CO1.REQ.10450716,CMA-DEO-SGI-008-2026 (Presentación de oferta),95,Adjudicado (Contratista Seleccionado),Lead B2B de Venta Directa,Interventoría & Consultoría,interventoría integral,"$2,487,749,387 COP",INVIAS,Distrito Capital de Bogotá,Bogotá,Concurso de méritos abierto,C. INTERVIAL JN,No Definido,Contactar al contratista ganador/consorcio para ofrecer suministro y cotización inmediata.,https://community.secop.gov.co/Public/Tendering/OpportunityDetail/Index?noticeUID=CO1.NTC.10309669,"INTERVENTORÍA INTEGRAL PARA EL MANTENIMIENTO, REHABILITACIÓN, Y ATENCIÓN OBRAS DE EMERGENCIA DE LA RUTA 70, TRAMO 7007 SECTOR: AGUACLARA - OCAÑA; TRAMO 7008 SECTOR: OCAÑA SARDINATA; TRAMO 7009 SECTOR: SARDINATA - EL ZULIA, INCLUYENDO EL TRAMO 70NSA S"
CO1.REQ.10625032,FTIC-CM-003-2026 (Presentación de oferta),95,Adjudicado (Contratista Seleccionado),Lead B2B de Venta Directa,Interventoría & Consultoría,interventoría integral,"$2,468,772,558 COP",FONDO UNICO DE TECNOLOGÍAS DE LA INFORMACIÓN Y LAS COMUNICACIONES,Distrito Capital de Bogotá,Bogotá,Concurso de méritos abierto,CONSORCIO SERVIPOSTAL 4/72,No Definido,Contactar al contratista ganador/consorcio para ofrecer suministro y cotización inmediata.,https://community.secop.gov.co/Public/Tendering/OpportunityDetail/Index?noticeUID=CO1.NTC.10480120,"Contratar la interventoría integral para llevar a cabo el seguimiento y verificación de las obligaciones técnicas, jurídicas, administrativas y financieras del Contrato de Concesión No. 0010 de 2004, sus prórrogas y modificaciones, suscrito entre el "
CO1.REQ.10590037,CO 18 DE 2026.,95,Adjudicado (Contratista Seleccionado),Lead B2B de Venta Directa,Tecnología & Equipos de Cómputo,"software, licencias de software","$2,421,404,240 COP",EMPRESA DE DESARROLLO URBANO DE MEDELLIN,Antioquia,Medellín,Contratación Directa (con ofertas),MCAD TRAINING & CONSULTING S.A.S.,901510263,Contactar al contratista ganador/consorcio para ofrecer suministro y cotización inmediata.,https://community.secop.gov.co/Public/Tendering/OpportunityDetail/Index?noticeUID=CO1.NTC.10445589,"SERVICIO DE ACTUALIZACIÓN, ADQUISICIÓN, SOPORTE Y MIGRACIÓN DE LICENCIAS DE SOFTWARE ESPECIALIZADO DE LA EMPRESA DE DESARROLLO URBANO EDU"
CO1.REQ.10853419,SA-011-2026 (Presentación de oferta),95,Adjudicado (Contratista Seleccionado),Lead B2B de Venta Directa,Tecnología & Equipos de Cómputo,equipos de cómputo,"$2,406,798,800 COP",UNIDADES TECNOLOGICAS DE SANTANDER,Santander,Bucaramanga,Selección abreviada subasta inversa,VORTICE S.A.S.,901307114,Contactar al contratista ganador/consorcio para ofrecer suministro y cotización inmediata.,https://community.secop.gov.co/Public/Tendering/OpportunityDetail/Index?noticeUID=CO1.NTC.10708032,"ADQUISICIÓN DE EQUIPOS DE CÓMPUTO (WORKSTATION, AIO y PORTATILES), PARA EL FORTALECIMIENTO DE LOS PROCESOS ACADÉMICOS, DEMANDA ADMINISTRATIVA Y DOTACIÓN DE LABORATORIOS EN MARCO DE LOS PROYECTOS DE INVERSIÓN NO. 48-2025, 20-2026, 21-2026, 22-2026 y 2"
CO1.REQ.10551674,LP-2026-4 (Fase de Selección (Presentación de ofertas)),95,Adjudicado (Contratista Seleccionado),Lead B2B de Venta Directa,"Construcción & Obra Civil General, Acero & Metalmecánica",estructura metalica,"$2,339,298,298 COP",ALCALDIA DE PASTO,Nariño,Pasto,Licitación pública Obra Publica,CONSORCIO CUBIERTA ID 2026,No Definido,Contactar al contratista ganador/consorcio para ofrecer suministro y cotización inmediata.,https://community.secop.gov.co/Public/Tendering/OpportunityDetail/Index?noticeUID=CO1.NTC.10408138,"EL CONTRATISTA SE COMPROMETE PARA CON EL MUNICIPIO DE PASTO - SECRETARÍA DE INFRAESTRUCTURA Y VALORIZACIÓN, A REALIZAR LA OBRA,  CONSTRUCCION DE ESTRUCTURA METALICA PARA  CUBIERTA EN LA ZONA URBANA DE POLIDEPORTIVO BARRIO LA ROSA, POLIDEPORTIVO BARRI"
CO1.REQ.11086135,CMA-0008-2026 (Presentación de oferta),95,Adjudicado (Contratista Seleccionado),Lead B2B de Venta Directa,Interventoría & Consultoría,interventoria tecnica,"$2,223,516,227 COP",DEPARTAMENTO DEL ATLANTICO**,Atlántico,Barranquilla,Concurso de méritos abierto,Consorcio AS Atlántico 2026,No Definido,Contactar al contratista ganador/consorcio para ofrecer suministro y cotización inmediata.,https://community.secop.gov.co/Public/Tendering/OpportunityDetail/Index?noticeUID=CO1.NTC.10941580,"INTERVENTORIA TECNICA, ADMINISTRATIVA, FINANCIERA Y JURIDICA PARA EL PROYECTO FORTALECIMIENTO DEL PROGRAMA DE ALIMENTACION ESCOLAR - PAE PARA LA ATENCION DE NIÑOS, NIÑAS Y ADOLESCENTES MATRICULADOS EN LOS ESTABLECIMIENTOS EDUCATIVOS OFICIALES DE LOS "
CO1.REQ.10980995,SED-SA-SI-OTIC-056-2026 (Presentación de oferta),95,Adjudicado (Contratista Seleccionado),Lead B2B de Venta Directa,Tecnología & Equipos de Cómputo,"infraestructura tecnológica, licenciamiento, seguridad perimetral","$2,205,154,336 COP",SECRETARIA DE EDUCACION DEL DISTRITO,Distrito Capital de Bogotá,No Definido,Selección abreviada subasta inversa,WEXLER S.A.S,900390198,Contactar al contratista ganador/consorcio para ofrecer suministro y cotización inmediata.,https://community.secop.gov.co/Public/Tendering/OpportunityDetail/Index?noticeUID=CO1.NTC.10837049,"REALIZAR LA RENOVACIÓN DEL LICENCIAMIENTO DE LA PLATAFORMA DE SEGURIDAD PERIMETRAL EXISTENTE Y ADQUIRIR LA SOLUCIÓN LAN, WIFI Y FIREWALL COMPATIBLE CON LA INFRAESTRUCTURA TECNOLÓGICA ACTUAL DE LA SECRETARÍA DE EDUCACIÓN DEL DISTRITO"
CO1.REQ.10706827,SED-SA-SI-OTIC-042-2026  (Presentación de oferta),95,Adjudicado (Contratista Seleccionado),Lead B2B de Venta Directa,Tecnología & Equipos de Cómputo,infraestructura tecnológica,"$2,174,300,000 COP",SECRETARIA DE EDUCACION DEL DISTRITO,Distrito Capital de Bogotá,No Definido,Selección abreviada subasta inversa,UT SIELCOM2026,No Definido,Contactar al contratista ganador/consorcio para ofrecer suministro y cotización inmediata.,https://community.secop.gov.co/Public/Tendering/OpportunityDetail/Index?noticeUID=CO1.NTC.10579598,"REALIZAR LA RENOVACIÓN Y EXTENSIÓN DEL SOPORTE Y GARANTÍA DE LA
INFRAESTRUCTURA TECNOLÓGICA DEL DATA CENTER ALTERNO (DCA), ASÍ COMO EL
SUMINISTRO E IMPLEMENTACIÓN DE LOS COMPONENTES REQUERIDOS PARA EL FORTALECIMIENTO DE LOS DATA CENTER DE LA SECRETAR"
CO1.REQ.11085412,CONVENIO INTERADMINISTRATIVO 004-2026,95,Adjudicado (Contratista Seleccionado),Lead B2B de Venta Directa,Agua Potable & Saneamiento,"ptar, tratamiento de aguas, acueducto, planta de tratamiento, aguas residuales, alcantarillado","$2,169,643,662 COP",ALCALDIA MUNICIPAL DE MOGOTES,Santander,Mogotes,Contratación Directa (con ofertas),"EMPRESA DE SERVICIOS PUBLICOS DE ACUEDUCTO, ALCANTARILLADO Y ASEO DE MOGOTES",900344248,Contactar al contratista ganador/consorcio para ofrecer suministro y cotización inmediata.,https://community.secop.gov.co/Public/Tendering/OpportunityDetail/Index?noticeUID=CO1.NTC.10940852,"CONVENIO INTERADMINISTRATIVO ENTRE EL MUNICIPIO DE MOGOTES Y LA EMPRESA DE SERVICIOS PÚBLICOS DE ACUEDUCTO, ALCANTARILLADO Y ASEO DE MOGOTES S.A. E.S.P.  ESPAMOGOTES S.A. E.S.P. PARA LA CAPTACIÓN Y CANALIZACIÓN DE LA CORRIENTE CHORRO PICHO, OPTIMIZAC"
CO1.REQ.11020791,SUB-141-2026 (Presentación de oferta),95,Adjudicado (Contratista Seleccionado),Lead B2B de Venta Directa,Vehículos & Maquinaria,vehículos,"$2,133,500,000 COP",GOBIERNO DEPARTAMENTAL,Tolima,No Definido,Selección abreviada subasta inversa,VRAE S.A.S,901360718,Contactar al contratista ganador/consorcio para ofrecer suministro y cotización inmediata.,https://community.secop.gov.co/Public/Tendering/OpportunityDetail/Index?noticeUID=CO1.NTC.10875054,"CONTRATAR LA COMPRAVENTA DE VEHÍCULOS CON LAS CONFIGURACIONES TÉCNICAS DEFINIDAS POR LA ENTIDAD, INCLUIDOS VEHÍCULOS DE INTERVENCIÓN RÁPIDA - VIR DEBIDAMENTE EQUIPADOS Y ADECUADOS, PARA LA ATENCIÓN DE EMERGENCIAS Y DESASTRES, ESPECIALMENTE LOS ASOCIA"
CO1.REQ.10623819,LP-SVCH-SPI-236-2026 (Fase de Selección (Presentación de ofertas)),95,Adjudicado (Contratista Seleccionado),Lead B2B de Venta Directa,Construcción & Obra Civil General,,"$2,066,136,645 COP",MUNICIPIO DE SAN VICENTE DE CHUCURI,Santander,San Vicente De Chucurí,Licitación pública Obra Publica,CONSORCIO DIVAD HUELLAS INDIA 26,No Definido,Contactar al contratista ganador/consorcio para ofrecer suministro y cotización inmediata.,https://community.secop.gov.co/Public/Tendering/OpportunityDetail/Index?noticeUID=CO1.NTC.10478595,"CONSTRUCCION DE PLACAHUELLAS PARA EL SECTOR EL SALTO DE LA INDIA, SAN VICENTE DE CHUCURI-SANTANDER"
CO1.REQ.10635369,CM-LP-098-2026 (Fase de Selección (Presentación de ofertas)),95,Adjudicado (Contratista Seleccionado),Lead B2B de Venta Directa,"Construcción & Obra Civil General, Agua Potable & Saneamiento","plantas de tratamiento, ptar, ptap","$1,892,913,190 COP",CLUB MILITAR,Distrito Capital de Bogotá,Bogotá,Licitación pública Obra Publica,CONSORCIO PLANTAS CM,No Definido,Contactar al contratista ganador/consorcio para ofrecer suministro y cotización inmediata.,https://community.secop.gov.co/Public/Tendering/OpportunityDetail/Index?noticeUID=CO1.NTC.10551077,"CONSTRUCCIÓN, RECUPERACIÓN Y PUESTA EN FUNCIONAMIENTO DE LAS PLANTAS DE TRATAMIENTO DE POTABLE (PTAP) Y PLANTAS DE TRATAMIENTO DE AGUA RESIDUAL (PTAR) DEL CLUB MILITAR"
CO1.REQ.10651385,CMA-DEO-SGI-030-2026 (Presentación de oferta),95,Adjudicado (Contratista Seleccionado),Lead B2B de Venta Directa,Interventoría & Consultoría,interventoría integral,"$1,822,181,431 COP",INVIAS,Distrito Capital de Bogotá,Bogotá,Concurso de méritos abierto,ARCA ARQUITECTURA E INGENIERÍA S.A.,800173768,Contactar al contratista ganador/consorcio para ofrecer suministro y cotización inmediata.,https://community.secop.gov.co/Public/Tendering/OpportunityDetail/Index?noticeUID=CO1.NTC.10509822,"INTERVENTORÍA INTEGRAL PARA LA REHABILITACION Y MANTENIMIENTO DE LA VIA DUITAMA - LA PALMERA, RUTA  55 TRAMO  5503, DEPARTAMENTO DE BOYACA"
CO1.REQ.10928532,ICC-LP-184-2026 (Fase de Selección (Presentación de ofertas)),95,Adjudicado (Contratista Seleccionado),Lead B2B de Venta Directa,"Construcción & Obra Civil General, Energía Solar & Alumbrado Público","redes eléctricas, redes electricas","$1,764,504,211 COP",INSTITUTO CARO Y CUERVO,Distrito Capital de Bogotá,Bogotá,Licitación pública Obra Publica,CONSORCIO REDES ELECTRICAS ANRE,No Definido,Contactar al contratista ganador/consorcio para ofrecer suministro y cotización inmediata.,https://community.secop.gov.co/Public/Tendering/OpportunityDetail/Index?noticeUID=CO1.NTC.10782086,Llevar a cabo las obras de modernización y normalización de las redes eléctricas del edificio de la Imprenta patriótica y sistema de alumbrado exterior perteneciente al instituto Caro y Cuervo sede Chía.
CO1.REQ.10690311,CMA-001-2026 (Presentación de oferta),95,Adjudicado (Contratista Seleccionado),Lead B2B de Venta Directa,Interventoría & Consultoría,estudios y diseños,"$1,750,318,429 COP",ALCALDIA MUNICIPAL DE VIOTÁ,Cundinamarca,Viotá,Concurso de méritos abierto,MAV-UMB VIOTA,No Definido,Contactar al contratista ganador/consorcio para ofrecer suministro y cotización inmediata.,https://community.secop.gov.co/Public/Tendering/OpportunityDetail/Index?noticeUID=CO1.NTC.10544729,ESTUDIOS Y DISEÑOS PARA LA CONSTRUCCIÓN DE LA PLANTA DE TRATAMIENTO DE AGUAS RESIDUALES PTAR Y OBRAS COMPLEMENTARIAS DEL MUNICIPIO DE VIOTÁ
CO1.REQ.10894834,CD-STD-CIMI-061-2026,95,Adjudicado (Contratista Seleccionado),Lead B2B de Venta Directa,Tecnología & Equipos de Cómputo,software,"$1,737,994,500 COP",SENA REGIONAL SANTANDER Grupo de Apoyo Administrativo Mixto,Santander,Bucaramanga,Contratación Directa (con ofertas),E-TECH SOLUTIONS S.A.S.,800094574,Contactar al contratista ganador/consorcio para ofrecer suministro y cotización inmediata.,https://community.secop.gov.co/Public/Tendering/OpportunityDetail/Index?noticeUID=CO1.NTC.10750932,"CONTRATAR LA COMPRA DE SOFTWARE ELECTUDE DE ACUERDO A LA NORMATIVIDAD VIGENTE EN EL CIMI, VIG2026"
CO1.REQ.10906994,SAMC-099-CENACTELEMATICA-2026 (Manifestación de interés (Menor Cuantía)) (Presentación de oferta),95,Adjudicado (Contratista Seleccionado),Lead B2B de Venta Directa,Tecnología & Equipos de Cómputo,"equipos de cómputo, infraestructura tecnológica, software, licencias de software","$1,642,406,000 COP",CENTRAL ADMINISTRATIVA Y CONTABLE TELEMATICA,Cundinamarca,Facatativá,Selección Abreviada de Menor Cuantía,RED ACCESS 2026,No Definido,Contactar al contratista ganador/consorcio para ofrecer suministro y cotización inmediata.,https://community.secop.gov.co/Public/Tendering/OpportunityDetail/Index?noticeUID=CO1.NTC.10765743,"LA ADQUISICIÓN DE EQUIPOS DE CÓMPUTO, LICENCIAS DE SOFTWARE E INFRAESTRUCTURA TECNOLÓGICA, INCLUYENDO COMPONENTES DE RED Y PROCESAMIENTO DE DATOS, PARA EL FORTALECIMIENTO DE LAS CAPACIDADES OPERATIVAS Y ADMINISTRATIVAS DE LA UNIDAD BACOM 2, A EJECUTA"
CO1.REQ.10873845,CAR-CM-003-2026 (Presentación de oferta),95,Adjudicado (Contratista Seleccionado),Lead B2B de Venta Directa,Interventoría & Consultoría,estudios y diseños,"$1,635,073,520 COP",CORPORACION AUTONOMA REGIONAL DE CUNDINAMARCA - CAR.,Distrito Capital de Bogotá,No Definido,Concurso de méritos abierto,VIACON SAS,No Definido,Contactar al contratista ganador/consorcio para ofrecer suministro y cotización inmediata.,https://community.secop.gov.co/Public/Tendering/OpportunityDetail/Index?noticeUID=CO1.NTC.10730493,ESTUDIOS Y DISEÑOS A NIVEL DE INGENIERÍA DE DETALLE PARA LA OPTIMIZACIÓN DEL SISTEMA DE TRATAMIENTO DE AGUAS RESIDUALES PTAR I DEL MUNICIPIO DE SESQUILÉ - CUNDINAMARCA
CO1.REQ.10657102,CMA-001-2026 (Presentación de oferta),95,Adjudicado (Contratista Seleccionado),Lead B2B de Venta Directa,Interventoría & Consultoría,estudios y diseños,"$1,625,134,243 COP",MUNICIPIO DE URIBIA,La Guajira,Uribia,Concurso de méritos abierto,CONSORCIO PMAA URIBIA 2026,No Definido,Contactar al contratista ganador/consorcio para ofrecer suministro y cotización inmediata.,https://community.secop.gov.co/Public/Tendering/OpportunityDetail/Index?noticeUID=CO1.NTC.10511147,"ESTUDIOS Y DISEÑOS PARA FORMULACIÓN DEL PLAN MAESTRO DE ACUEDUCTO Y
ALCANTARILLADO EN LOS CORREGIMIENTOS DE SIAPANA, CABO DE LA VELA Y NAZARETH
EN EL MUNICIPIO DE URIBIA"
CO1.REQ.10733456,9016002 (Presentación de oferta),95,Adjudicado (Contratista Seleccionado),Lead B2B de Venta Directa,Tecnología & Equipos de Cómputo,equipos de cómputo,"$1,598,850,045 COP",DISTRITO ESPECIAL DE CIENCIA TECNOLOGIA E INNOVACION DE MEDELLIN,Antioquia,Medellín,Selección abreviada subasta inversa,NUEVA ERA SOLUCIONES S.A.S.,830037278,Contactar al contratista ganador/consorcio para ofrecer suministro y cotización inmediata.,https://community.secop.gov.co/Public/Tendering/OpportunityDetail/Index?noticeUID=CO1.NTC.10590884,Adquirir Equipos de Cómputo
CO1.REQ.10770237,SAMC003-2026 (Manifestación de interés (Menor Cuantía)) (Presentación de oferta),95,Adjudicado (Contratista Seleccionado),Lead B2B de Venta Directa,Construcción & Obra Civil General,obras civiles,"$1,588,885,998 COP",Rama Judicial  Dirección Seccional de Administración Judicial de Medellín,Antioquia,Medellín,Selección Abreviada de Menor Cuantía,UT RAMA CAMPEN 2026,No Definido,Contactar al contratista ganador/consorcio para ofrecer suministro y cotización inmediata.,https://community.secop.gov.co/Public/Tendering/OpportunityDetail/Index?noticeUID=CO1.NTC.10624615,"REALIZAR LAS OBRAS CIVILES NECESARIAS PARA LA REMODELACIÓN INTEGRAL DE LA PLAZOLETA PERIMETRAL, ASÍ COMO LA IMPERMEABILIZACIÓN DE LA CUBIERTA Y EL MANTENIMIENTO MEDIANTE SELLADO DE LA FACHADA PERIMETRAL EN VIDRIO DEL EDIFICIO HORACIO MONTOYA GIL - SE"
CO1.REQ.10632680,1008-CONT-016-2026,95,Adjudicado (Contratista Seleccionado),Lead B2B de Venta Directa,Energía Solar & Alumbrado Público,alumbrado público,"$1,573,793,269 COP",MUNICIPIO DE GUARNE,Antioquia,Guarne,Contratación Directa (con ofertas),ILUMINA EMPRESA DE ALUMBRADO PÚBLICO DE GUARNE S.A.S.,902075055,Contactar al contratista ganador/consorcio para ofrecer suministro y cotización inmediata.,https://community.secop.gov.co/Public/Tendering/OpportunityDetail/Index?noticeUID=CO1.NTC.10490731,"CONTRATO INTERADMINISTRATIVO PARA LA PRESTACIÓN INTEGRAL DEL SERVICIO DE ALUMBRADO PÚBLICO EN EL MUNICIPIO DE GUARNE - ANTIOQUIA COMPRENDIENDO TODOS SUS COMPONENTES: ADMINISTRACIÓN, OPERACIÓN, MANTENIMIENTO, MODERNIZACIÓN, REPOSICIÓN, EXPANSIÓN, INCO"
CO1.REQ.10368215,139COGFM DIADF 2026 (Manifestación de interés (Menor Cuantía)) (Presentación de oferta),95,Adjudicado (Contratista Seleccionado),Lead B2B de Venta Directa,"Construcción & Obra Civil General, Agua Potable & Saneamiento","agua potable, obras complementarias","$1,531,521,980 COP",COMANDO GENERAL DE LAS FUERZAS MILITARES,Distrito Capital de Bogotá,Bogotá,Selección Abreviada de Menor Cuantía,Hapil Ingenieria SAS,830098798,Contactar al contratista ganador/consorcio para ofrecer suministro y cotización inmediata.,https://community.secop.gov.co/Public/Tendering/OpportunityDetail/Index?noticeUID=CO1.NTC.10225064,"EJECUTAR LA CONSTRUCCIÓN DE LA INFRAESTRUCTURA DE SOPORTE (CAPTACIÓN, ADUCCIÓN, SISTEMA DE TRATAMIENTO AGUA POTABLE, CONDUCCIÓN, RED DE DISTRIBUCIÓN, ALMACENAMIENTO Y OBRAS COMPLEMENTARIAS) PARA EL PUESTO AVANZADO DE INFANTERÍA DE MARINA MOCHUELO. El"
CO1.REQ.10988794,CONVOCATORIA PÚBLICA No. 002 - 2026,95,Adjudicado (Contratista Seleccionado),Lead B2B de Venta Directa,"Construcción & Obra Civil General, Agua Potable & Saneamiento","plantas de tratamiento, aguas residuales, tratamiento de aguas","$1,499,753,295 COP","EMPRESA DE ACUEDUCTO, ALCANTARILLADO Y ASEO DEL MUNICIPIO DE LA JAGUA DE IBIRICO - CESAR S.A E.S.PAAA DE LA JAGUA DE IBIRICO",No Definido,No Definido,Contratación régimen especial (con ofertas),C.AGUAS DEL FUTURO,No Definido,Contactar al contratista ganador/consorcio para ofrecer suministro y cotización inmediata.,https://community.secop.gov.co/Public/Tendering/OpportunityDetail/Index?noticeUID=CO1.NTC.10842687,"OPTIMIZACIÓN DE LA PLANTAS DE TRATAMIENTO DE AGUAS RESIDUALES DE LOS CORREGIMIENTOS DE LA PALMITA, BOQUERÓN Y LA VICTORIA DE SAN ISIDRO EN EL MUNICIPIO DE LA JAGUA DE IBIRICO, DEPARTAMENTO DEL CESAR"
CO1.REQ.10388013,SED-CM-001-2026 (Presentación de oferta),95,Adjudicado (Contratista Seleccionado),Lead B2B de Venta Directa,Interventoría & Consultoría,interventoría técnica,"$1,498,457,780 COP",GOBERNACION DEL VALLE DEL CAUCA - SECRETARIA DE EDUCACION,Valle del Cauca,Cali,Concurso de méritos abierto,PADEL AUDITORES SAS,819001616,Contactar al contratista ganador/consorcio para ofrecer suministro y cotización inmediata.,https://community.secop.gov.co/Public/Tendering/OpportunityDetail/Index?noticeUID=CO1.NTC.10246748,"REALIZAR LA INTERVENTORÍA TÉCNICA, ADMINISTRATIVA, FINANCIERA, CONTABLE, JURÍDICA, AMBIENTAL Y SOCIAL EN EL MARCO DEL PROYECTO DENOMINADO:  IMPLEMENTACIÓN DEL PROGRAMA DE ALIMENTACIÓN ESCOLAR (PAE) PARA LOS ESTABLECIMIENTOS EDUCATIVOS OFICIALES PARA "
CO1.REQ.10521668,LP SVIV 001 DE 2026 (Fase de Selección (Presentación de ofertas)),95,Adjudicado (Contratista Seleccionado),Lead B2B de Venta Directa,"Construcción & Obra Civil General, Agua Potable & Saneamiento",alcantarillado,"$1,496,513,457 COP",ALCALDIA MUNICIPAL DE OCAÑA,Norte de Santander,Ocaña,Licitación pública Obra Publica,UNIÓN TEMPORAL INGELCAD,No Definido,Contactar al contratista ganador/consorcio para ofrecer suministro y cotización inmediata.,https://community.secop.gov.co/Public/Tendering/OpportunityDetail/Index?noticeUID=CO1.NTC.10377454,"CONSTRUCCION DE LAS REDES DE ALCANTARILLADO EN SECTORES PRIORIZADOS DE LOS BARRIOS; BELÉN, BERMEJAL, GALÁN, PRIMERO DE MAYO, SIMÓN BOLIVAR Y SURQUITOS, MUNICIPIO DE OCAÑA, NORTE DE SANTANDER"
CO1.REQ.10595309,CMA-DEO-SGI-024-2026   (Presentación de oferta),95,Adjudicado (Contratista Seleccionado),Lead B2B de Venta Directa,Interventoría & Consultoría,interventoría integral,"$1,490,001,285 COP",INVIAS,Distrito Capital de Bogotá,Bogotá,Concurso de méritos abierto,CONSORCIO CORREDOR OCCIDENTAL.,No Definido,Contactar al contratista ganador/consorcio para ofrecer suministro y cotización inmediata.,https://community.secop.gov.co/Public/Tendering/OpportunityDetail/Index?noticeUID=CO1.NTC.10453251,"INTERVENTORÍA INTEGRAL PARA LA GESTIÓN VIAL INTEGRAL DE LA CARRETERA LOS ALPES - MADRID - BOGOTÁ, TRAMO 5008A Y VARIANTE DE MADRID, TRAMO 50CNG, EN EL DEPARTAMENTO DE CUNDINAMARCA"
CO1.REQ.10550838,SI-URT-7-2026 (Presentación de oferta),95,Adjudicado (Contratista Seleccionado),Lead B2B de Venta Directa,Tecnología & Equipos de Cómputo,equipos tecnológicos,"$1,475,800,430 COP",UNIDAD ADMINISTRATIVA ESPECIAL DE GESTION DE RESTITUCION DE TIERRAS DESPOJADAS**,Distrito Capital de Bogotá,Bogotá,Selección abreviada subasta inversa,UT GRUPO OLAM CAPITAL,901946698,Contactar al contratista ganador/consorcio para ofrecer suministro y cotización inmediata.,https://community.secop.gov.co/Public/Tendering/OpportunityDetail/Index?noticeUID=CO1.NTC.10407605,Adquirir equipos tecnológicos para reforzar la plataforma tecnológica de la unidad administrativa especial de gestión de restitución de tierras despojadas
CO1.REQ.10804551,FDLBOSA CM 003-2026 (155836) (Presentación de oferta),95,Adjudicado (Contratista Seleccionado),Lead B2B de Venta Directa,Interventoría & Consultoría,interventoría técnica,"$1,445,191,711 COP",FONDO DE DESARROLLO LOCAL DE BOSA,Distrito Capital de Bogotá,Bogotá,Concurso de méritos abierto,CONSORCIO INTERVENTORIA BOSA VIAS 2026,No Definido,Contactar al contratista ganador/consorcio para ofrecer suministro y cotización inmediata.,https://community.secop.gov.co/Public/Tendering/OpportunityDetail/Index?noticeUID=CO1.NTC.10659003,"REALIZAR LA INTERVENTORÍA TÉCNICA, ADMINISTRATIVA, FINANCIERA, JURÍDICA, SOCIAL, AMBIENTAL Y SST AL CONTRATO DE OBRA PÚBLICA EL CUAL TIENE POR OBJETO:  EJECUTAR POR EL SISTEMA DE PRECIOS UNITARIOS FIJOS, A MONTO AGOTABLE Y SIN FORMULA DE REAJUSTE LAS"
CO1.REQ.10555654,SI-LP-04-2026 (Fase de Selección (Presentación de ofertas)),95,Adjudicado (Contratista Seleccionado),Lead B2B de Venta Directa,Construcción & Obra Civil General,,"$1,402,677,577 COP",GOBERNACIÓN DE RISARALDA**,Risaralda,Pereira,Licitación pública Obra Publica,UJ INGENIEROS SAS,901799739,Contactar al contratista ganador/consorcio para ofrecer suministro y cotización inmediata.,https://community.secop.gov.co/Public/Tendering/OpportunityDetail/Index?noticeUID=CO1.NTC.10412539,"OBRAS DE MANEJO DE AGUAS Y ESTABILIDAD DE TALUD FINCA REY SOL, VEREDA LA QUIEBRA EN EL MUNICIPIO DE BALBOA DEPARTAMENTO DE RISARALDA EN CUMPLIMIENTO DE LA SENTENCIA JUDICIAL PROFERIDA POR EL TRIBUNAL DE LO CONTENCIOSO ADMINISTRATIVO DE RISARALDA DENT"
CO1.REQ.10662526,SI-SAM-006-2026 (Manifestación de interés (Menor Cuantía)) (Presentación de oferta),95,Adjudicado (Contratista Seleccionado),Lead B2B de Venta Directa,Construcción & Obra Civil General,infraestructura física,"$1,372,318,102 COP",DEPARTAMENTO DE CORDOBA,Córdoba,Montería,Selección Abreviada de Menor Cuantía,CONSORCIO METROPOL,902091112,Contactar al contratista ganador/consorcio para ofrecer suministro y cotización inmediata.,https://community.secop.gov.co/Public/Tendering/OpportunityDetail/Index?noticeUID=CO1.NTC.10516248,"MANTENIMIENTO DE LA INFRAESTRUCTURA FÍSICA Y DOTACIÓN DE LAS 
SUBESTACIONES Y PUESTOS DE POLICÍA ADSCRITAS A LA POLICÍA METROPOLITANA DE SAN 
JERÓNIMO DE MONTERÍA"
CO1.REQ.10908618,OCA-CM-005-2026 (Presentación de oferta),95,Adjudicado (Contratista Seleccionado),Lead B2B de Venta Directa,Interventoría & Consultoría,estudios y diseños,"$1,370,681,318 COP",ALCALDIA DEL MUNICIPIO DE ACACIAS,Meta,Acacías,Concurso de méritos abierto,CONSORCIO MITIGACION ACACIAS 2026,No Definido,Contactar al contratista ganador/consorcio para ofrecer suministro y cotización inmediata.,https://community.secop.gov.co/Public/Tendering/OpportunityDetail/Index?noticeUID=CO1.NTC.10763494,"ESTUDIOS Y DISEÑOS PARA INTERVENCION Y OBRAS DE MITIGACION DE RIESGOS DE DESASTRES EN PUNTOS CRITICOS DEL MUNICIPIO DE ACACIAS, META ."
CO1.REQ.11118325,17285 OBRAS CHIGORODO,95,Adjudicado (Contratista Seleccionado),Lead B2B de Venta Directa,Construcción & Obra Civil General,obras complementarias,"$1,343,358,041 COP",DEPARTAMENTO DE ANTIOQUIA//,Antioquia,Medellín,Contratación régimen especial (con ofertas),MUNICIPIO DE CHIGORODO,890980998,Contactar al contratista ganador/consorcio para ofrecer suministro y cotización inmediata.,https://community.secop.gov.co/Public/Tendering/OpportunityDetail/Index?noticeUID=CO1.NTC.10974338,"AUNAR ESFUERZOS TÉCNICOS, ADMINISTRATIVOS, FINANCIEROS Y OPERATIVOS ENTRE EL DEPARTAMENTO DE ANTIOQUIA Y EL MUNICIPIO DE CHIGORODO PARA LA EJECUCIÓN DE OBRAS DE MITIGACIÓN Y REDUCCIÓN DEL RIESGO EN LAS SUBREGIONES DEL DEPARTAMENTO DE ANTIOQUIA, EN EL"
CO1.REQ.10533532,SDM-CD-34-2026,95,Adjudicado (Contratista Seleccionado),Lead B2B de Venta Directa,Tecnología & Equipos de Cómputo,licenciamiento,"$1,260,161,195 COP",SECRETARÍA DISTRITAL DE MOVILIDAD,Distrito Capital de Bogotá,Bogotá,Contratación Directa (con ofertas),ORACLE COLOMBIA LTDA,800103052,Contactar al contratista ganador/consorcio para ofrecer suministro y cotización inmediata.,https://community.secop.gov.co/Public/Tendering/OpportunityDetail/Index?noticeUID=CO1.NTC.10487831,ADQUIRIR LA RENOVACIÓN DEL SOPORTE DEL LICENCIAMIENTO ORACLE DE PROPIEDAD DE LA SECRETARÍA DISTRITAL DE MOVILIDAD
CO1.REQ.10612668,CM112B0426 (Presentación de oferta),95,Adjudicado (Contratista Seleccionado),Lead B2B de Venta Directa,Interventoría & Consultoría,estudios y diseños,"$1,254,140,300 COP",DEPARTAMENTO DE ANTIOQUIA//,Antioquia,Medellín,Concurso de méritos abierto,CONSORCIO RIONEGRO 2026.,No Definido,Contactar al contratista ganador/consorcio para ofrecer suministro y cotización inmediata.,https://community.secop.gov.co/Public/Tendering/OpportunityDetail/Index?noticeUID=CO1.NTC.10469750,"Realizar la consultoría para la elaboración de los estudios y diseños del Plan Maestro de Acueducto de las veredas Río Abajo y Los Pinos del municipio de Rionegro, Antioquia, incluyendo el diagnóstico técnico del sistema existente, la formulación y e"
CO1.REQ.10630409,CMA-DEO-SVR-032-2026 (Presentación de oferta),95,Adjudicado (Contratista Seleccionado),Lead B2B de Venta Directa,Interventoría & Consultoría,interventoría integral,"$1,239,194,600 COP",INVIAS,Distrito Capital de Bogotá,Bogotá,Concurso de méritos abierto,ENLACE,901686261,Contactar al contratista ganador/consorcio para ofrecer suministro y cotización inmediata.,https://community.secop.gov.co/Public/Tendering/OpportunityDetail/Index?noticeUID=CO1.NTC.10488368,"INTERVENTORÍA INTEGRAL PARA EL MANTENIMIENTO Y MEJORAMIENTO DE VÍAS DE TERCER ORDEN EN EL MUNICIPIO DE LORICA, DEPARTAMENTO DE CÓRDOBA, BAJO LOS LINEAMIENTOS DEL PROGRAMA  COLOMBIA RURAL , EN EL MARCO DEL CONVENIO INTERADMINISTRATIVO 912 DE 2021"
CO1.REQ.10671567,FDLSUBA-SASI-002-2026 (154763) (Presentación de oferta),95,Adjudicado (Contratista Seleccionado),Lead B2B de Venta Directa,Vehículos & Maquinaria,motocicletas,"$1,233,816,000 COP",ALCALDÍA LOCAL DE SUBA,Distrito Capital de Bogotá,Bogotá,Selección abreviada subasta inversa,MOTO WORLD ORIENTE SAS,No Definido,Contactar al contratista ganador/consorcio para ofrecer suministro y cotización inmediata.,https://community.secop.gov.co/Public/Tendering/OpportunityDetail/Index?noticeUID=CO1.NTC.10782687,"COMPRAR MOTOCICLETAS PARA EL FORTALECIMIENTO DE LA CAPACIDAD OPERATIVA Y DE REACCIÓN DE LA ESTACIÓN DE POLICÍA DE LA LOCALIDAD DE SUBA, DE CONFORMIDAD CON LAS ESPECIFICACIONES TÉCNICAS ."
CO1.REQ.10671837,CMA-SEGD-002-2026 (Presentación de oferta),95,Adjudicado (Contratista Seleccionado),Lead B2B de Venta Directa,Interventoría & Consultoría,interventoría integral,"$1,227,145,070 COP",ALCALDÍA DEL DISTRITO TURÍSTICO Y CULTURAL DE CARTAGENA DE INDIAS,Bolívar,Cartagena,Concurso de méritos abierto,QBM2 INGENIERIA ELECTRICA S.A.,800008788,Contactar al contratista ganador/consorcio para ofrecer suministro y cotización inmediata.,https://community.secop.gov.co/Public/Tendering/OpportunityDetail/Index?noticeUID=CO1.NTC.10528734,INTERVENTORÍA INTEGRAL AL CONTRATO DE PRESTACIÓN DE SERVICIOS DE ACTIVIDADES INHERENTES AL ALUMBRADO PÚBLICO EN EL DISTRITO DE CARTAGENA DE INDIAS
CO1.REQ.10383641,LP-001-2026 (Presentación de oferta),95,Adjudicado (Contratista Seleccionado),Lead B2B de Venta Directa,Energía Solar & Alumbrado Público,alumbrado público,"$1,197,321,600 COP",ALCALDIA MUNICIPIO DE MANZANARES,Caldas,Manzanares,Licitación pública,CONSORCIO MANZANARES ILUMINADA,No Definido,Contactar al contratista ganador/consorcio para ofrecer suministro y cotización inmediata.,https://community.secop.gov.co/Public/Tendering/OpportunityDetail/Index?noticeUID=CO1.NTC.10240326,"CONCESIÓN PARA LA OPERACIÓN, ADMINISTRACIÓN, MANTENIMIENTO, REPOSICIÓN Y EXPANSIÓN DEL SISTEMA DE ALUMBRADO PÚBLICO, EN EL MUNICIPIO DE MANZANARES, CALDAS"
CO1.REQ.10656358,LP 01 DE 2026 FRR - SISTEMA FOTOVOLTAICO (Fase de Selección (Presentación de ofertas)),95,Adjudicado (Contratista Seleccionado),Lead B2B de Venta Directa,"Construcción & Obra Civil General, Energía Solar & Alumbrado Público","fotovoltaica, fotovoltaico, sistema fotovoltaico","$1,148,947,210 COP",FONDO ROTATORIO DE LA REGISTRADURIA,Distrito Capital de Bogotá,No Definido,Licitación pública Obra Publica,UNIÓN TEMPORAL REGISTRADURÍA FOTOVOLTAICA,No Definido,Contactar al contratista ganador/consorcio para ofrecer suministro y cotización inmediata.,https://community.secop.gov.co/Public/Tendering/OpportunityDetail/Index?noticeUID=CO1.NTC.10510668,Implementar un sistema de energía fotovoltaica en algunas sedes del nivel desconcentrado de la Registraduría Nacional del estado Civil.
CO1.REQ.11021328,CM-SE-006-2026 (Presentación de oferta),95,Adjudicado (Contratista Seleccionado),Lead B2B de Venta Directa,Interventoría & Consultoría,interventoría técnica,"$1,130,686,155 COP",MUNICIPIO DE PUERTO GAITAN,Meta,Puerto Gaitán,Concurso de méritos abierto,ADRIANA MARIA VERA MONROY,52073664,Contactar al contratista ganador/consorcio para ofrecer suministro y cotización inmediata.,https://community.secop.gov.co/Public/Tendering/OpportunityDetail/Index?noticeUID=CO1.NTC.10875187,"INTERVENTORÍA TÉCNICA, JURÍDICA, ADMINISTRATIVA Y FINANCIERA DEL PROGRAMA DEL CONTRATO DE SUMINISTRO QUE TIENEN POR OBJETO EL SUMINISTRAR COMPLEMENTO ALIMENTARIO MODALIDAD RACIÓN INDUSTRIALIZADA, COMIDA CALIENTE TRANSPORTADA Y PREPARADA EN SITIO DENT"
CO1.REQ.10848719,CARDER CD CI 854-2026 ESTUFAS Y STARD,95,Adjudicado (Contratista Seleccionado),Lead B2B de Venta Directa,"Construcción & Obra Civil General, Agua Potable & Saneamiento","aguas residuales, tratamiento de aguas","$1,123,875,150 COP",CORPORACION AUTONOMA REGIONAL DE RISARALDA,Risaralda,Pereira,Contratación Directa (con ofertas),EMPRESA DE DESARROLLO TERRITORIAL URBANO Y RURAL DE RISARALDA - EDUR,900118630,Contactar al contratista ganador/consorcio para ofrecer suministro y cotización inmediata.,https://community.secop.gov.co/Public/Tendering/OpportunityDetail/Index?noticeUID=CO1.NTC.10709019,"Aunar esfuerzos entre la CORPORACION AUTONOMA REGIONAL DE RISARALDA CARDER y la EMPRESA DE DESARROLLO URBANO Y RURAL DE RISARALDA - EDUR, para el mejoramiento del saneamiento hídrico de las cuencas hidrográficas rurales mediante la construcción de si"
CO1.REQ.10706093,SASI-03-2026 (Presentación de oferta),95,Adjudicado (Contratista Seleccionado),Lead B2B de Venta Directa,Tecnología & Equipos de Cómputo,equipos de cómputo,"$1,115,532,980 COP",MINISTERIO DE MINAS Y ENERGIA,Distrito Capital de Bogotá,Bogotá,Selección abreviada subasta inversa,NUEVA ERA SOLUCIONES S.A.S.,830037278,Contactar al contratista ganador/consorcio para ofrecer suministro y cotización inmediata.,https://community.secop.gov.co/Public/Tendering/OpportunityDetail/Index?noticeUID=CO1.NTC.10561156,"Adquirir equipos de cómputo para usuario final, con el fin de garantizar la disponibilidad, actualización y eficiencia en el desarrollo de las funciones institucionales del Ministerio."
CO1.REQ.10736434,9016003 (Manifestación de interés (Menor Cuantía)) (Presentación de oferta),95,Adjudicado (Contratista Seleccionado),Lead B2B de Venta Directa,"Construcción & Obra Civil General, Agua Potable & Saneamiento","acueducto, ptar, alcantarillado","$1,114,042,925 COP",DISTRITO ESPECIAL DE CIENCIA TECNOLOGIA E INNOVACION DE MEDELLIN,Antioquia,Medellín,Selección Abreviada de Menor Cuantía,AZ CONSTRUCCIONES SAS,811011847,Contactar al contratista ganador/consorcio para ofrecer suministro y cotización inmediata.,https://community.secop.gov.co/Public/Tendering/OpportunityDetail/Index?noticeUID=CO1.NTC.10590509,Construcción de obras de mantenimiento de la PTAR y de redes para los sistemas de acueducto y alcantarillado en la Vereda La Aldea Parte Baja del corregimiento de San Sebastián de Palmitas
CO1.REQ.10939722,LP-004-2026-HOMIL (Presentación de oferta),95,Adjudicado (Contratista Seleccionado),Lead B2B de Venta Directa,Tecnología & Equipos de Cómputo,software,"$1,103,102,630 COP",HOSPITAL MILITAR CENTRAL,Distrito Capital de Bogotá,No Definido,Licitación pública,DATA INTEGRAL,901052834,Contactar al contratista ganador/consorcio para ofrecer suministro y cotización inmediata.,https://community.secop.gov.co/Public/Tendering/OpportunityDetail/Index?noticeUID=CO1.NTC.10794354,"ACTUALIZACIÓN DEL SOPORTE DE FÁBRICA Y GARANTÍA DE LOS EQUIPOS (HARDWARE) Y SOFTWARE QUE SOPORTAN LA SOLUCIÓN DE ALMACENAMIENTO MARCA HITACHI, ACTUALIZACIÓN DEL SOPORTE DE FÁBRICA Y GARANTÍA DE LOS EQUIPOS (HOST DE VIRTUALIZACIÓN) Y ADQUISICIÓN DE UN"
CO1.REQ.10892901,SGA-SASI-12-2026 (Presentación de oferta),95,Adjudicado (Contratista Seleccionado),Lead B2B de Venta Directa,Tecnología & Equipos de Cómputo,"infraestructura tecnológica, licenciamiento, seguridad perimetral","$1,087,115,776 COP",SECRETARÍA GENERAL DE LA ALCALDÍA MAYOR DE BOGOTÁ,Distrito Capital de Bogotá,Bogotá,Selección abreviada subasta inversa,UT DataSEYC,5896312378,Contactar al contratista ganador/consorcio para ofrecer suministro y cotización inmediata.,https://community.secop.gov.co/Public/Tendering/OpportunityDetail/Index?noticeUID=CO1.NTC.10747910,Adquirir la renovación del licenciamiento y soporte para los sistemas de seguridad perimetral que hacen parte de la infraestructura tecnológica de la Secretaría General y la Secretaría Jurídica Distrital de la Alcaldía Mayor de Bogotá D.C.
CO1.REQ.10784524,CDFP-027-26-1,95,Adjudicado (Contratista Seleccionado),Lead B2B de Venta Directa,"Tecnología & Equipos de Cómputo, Salud: Insumos & Equipos Médicos, Dotación, Uniformes & Mobiliario","equipos de cómputo, reactivos, equipos biomédicos, biomédicos, muebles, laboratorio clínico","$1,069,000,000 COP",ESE HOSPITAL LOCAL CARTAGENA DE INDIAS.*,Bolívar,Cartagena,Contratación régimen especial (con ofertas),Comprolab S.A.S,860350711,Contactar al contratista ganador/consorcio para ofrecer suministro y cotización inmediata.,https://community.secop.gov.co/Public/Tendering/OpportunityDetail/Index?noticeUID=CO1.NTC.10638464,"SUMINISTRO DE REACTIVOS, INSUMOS, DISPOSITIVOS MÉDICO-QUIRÚRGICOS, PRUEBAS RÁPIDAS, CONTROLES DE CALIDAD INTERNO Y EXTERNO, Y/O LO DEMÁS QUE SE REQUIERA, ASÍ COMO LA DOTACIÓN EN MODALIDAD DE COMODATO DE EQUIPOS BIOMÉDICOS, EQUIPOS DE CÓMPUTO Y SUS AC"
CO1.REQ.10968722,SA-022-2026 (Manifestación de interés (Menor Cuantía)) (Presentación de oferta),95,Adjudicado (Contratista Seleccionado),Lead B2B de Venta Directa,Construcción & Obra Civil General,escenarios deportivos,"$1,067,471,545 COP",INSTITUTO DE DEPORTES Y RECREACION DE MEDELLIN,Antioquia,Medellín,Selección Abreviada de Menor Cuantía,AGENCIAR CONSULTORES ASOCIADOS SAS,830013749,Contactar al contratista ganador/consorcio para ofrecer suministro y cotización inmediata.,https://community.secop.gov.co/Public/Tendering/OpportunityDetail/Index?noticeUID=CO1.NTC.10822380,MANTENIMIENTO PREVENTIVO Y CORRECTIVO DE CUBIERTAS Y CARPINTERIA METÁLICA EN LOS ESCENARIOS DEPORTIVOS Y RECREATIVOS ADMINISTRADOS POR EL INDER MEDELLÍN
CO1.REQ.10822689,RE-ESAL-AMA-002-2026,95,Adjudicado (Contratista Seleccionado),Lead B2B de Venta Directa,Alimentación Escolar (PAE),"pae, alimentación escolar, alimentacion escolar","$1,049,016,828 COP",ALCALDÍA MUNICIPAL DE AQUITANIA,Boyacá,Aquitania,Contratación régimen especial (con ofertas),FUNDACION SOMOS MANOS UNIDAS,900402667,Contactar al contratista ganador/consorcio para ofrecer suministro y cotización inmediata.,https://community.secop.gov.co/Public/Tendering/OpportunityDetail/Index?noticeUID=CO1.NTC.10677500,"AUNAR ESFUERZOS TECNICOS, ADMINISTRATIVOS Y FINANCIEROS PARA BRINDAR ALIMENTACION ESCOLAR A LOS ESTUDIANTES MATRICULADOS EN LAS INSTITUCIONES EDUCATIVAS OFICIALES DEL MUNICIPIO DE AQUITANIA-BOYACA, DE ACUERDO CON LOS LINEAMIENTOS ESTABLECIDOS Y ADOPT"
CO1.REQ.10995538,CP-003-2026,95,Adjudicado (Contratista Seleccionado),Lead B2B de Venta Directa,Construcción & Obra Civil General,"adecuación de infraestructura, infraestructura física","$1,018,000,000 COP",ESE HOSPITAL SAN JUAN DE DIOS DE ITUANGO,Antioquia,Ituango,Contratación régimen especial (con ofertas),Raizing S.A.S,9017524054,Contactar al contratista ganador/consorcio para ofrecer suministro y cotización inmediata.,https://community.secop.gov.co/Public/Tendering/OpportunityDetail/Index?noticeUID=CO1.NTC.10850132,"ADECUACIÓN DE INFRAESTRUCTURA FÍSICA DEL PUESTO DE SALUD EL CARMELO DE LA E.S.E. HOSPITAL SAN JUAN DE DIOS DE ITUANGO, DE CONFORMIDAD A LA ASIGNACIÓN DE RECURSOS AUTORIZADOS MEDIANTE RESOLUCIÓN 111 DE 2026 DEL MINISTERIO DE SALUD Y PROTECCIÓN SOCIAL"
CO1.REQ.10350876,CM-PDA-014-2026 (Presentación de oferta),95,Adjudicado (Contratista Seleccionado),Lead B2B de Venta Directa,Interventoría & Consultoría,interventoría integral,"$1,004,431,223 COP",EMPRESAS PÚBLICAS DE CUNDINAMARCA S.A. E.S.P.,Distrito Capital de Bogotá,Bogotá,Concurso de méritos abierto,H2O CONSULTING SAS,830091774,Contactar al contratista ganador/consorcio para ofrecer suministro y cotización inmediata.,https://community.secop.gov.co/Public/Tendering/OpportunityDetail/Index?noticeUID=CO1.NTC.10207592,INTERVENTORÍA INTEGRAL A LA  CONSTRUCCIÓN DE LA FASE I DEL PLAN MAESTRO DE ACUEDUCTO Y ALCANTARILLADO DEL MUNICIPIO DE CAPARRAPÍ - CUNDINAMARCA  y  CONSTRUCCIÓN DE LA ALTERNATIVA DE ABASTECIMIENTO Y TRATAMIENTO DE AGUA POTABLE EN EL MUNICIPIO DE NOCA
CO1.REQ.11156949,CD-SI-1778-2026,95,Adjudicado (Contratista Seleccionado),Lead B2B de Venta Directa,Construcción & Obra Civil General,"vías terciarias, mejoramiento de vías","$1,000,000,000 COP",GOBERNACION DE CALDAS,Caldas,No Definido,Contratación Directa (con ofertas),Alcaldía De Villamaria,890801152,Contactar al contratista ganador/consorcio para ofrecer suministro y cotización inmediata.,https://community.secop.gov.co/Public/Tendering/OpportunityDetail/Index?noticeUID=CO1.NTC.11011467,"AUNAR ESFUERZOS TÉCNICOS, ADMINISTRATIVOS Y FINANCIEROS PARA EL MEJORAMIENTO DE VÍAS TERCIARIAS MEDIANTE LA CONSTRUCCIÓN DE PLACAS HUELLA EN LA ZONA RURAL EN EL MUNICIPIO VILLAMARIA DEPARTAMENTO DE CALDAS"
CO1.REQ.11131625,CD-SI-1780-2026,95,Adjudicado (Contratista Seleccionado),Lead B2B de Venta Directa,Construcción & Obra Civil General,"vías terciarias, mejoramiento de vías","$1,000,000,000 COP",GOBERNACION DE CALDAS,Caldas,No Definido,Contratación Directa (con ofertas),MUNICIPIO DE PACORA,890801136,Contactar al contratista ganador/consorcio para ofrecer suministro y cotización inmediata.,https://community.secop.gov.co/Public/Tendering/OpportunityDetail/Index?noticeUID=CO1.NTC.11001369,"AUNAR ESFUERZOS TÉCNICOS, ADMINISTRATIVOS Y FINANCIEROS PARA EL MEJORAMIENTO DE VÍAS TERCIARIAS MEDIANTE LA CONSTRUCCIÓN DE PLACAS HUELLA EN LA ZONA RURAL EN EL MUNICIPIO PACORA DEPARTAMENTO DE CALDAS."
CO1.REQ.10747182,CGR-255-2026,93,Adjudicado (Contratista Seleccionado),Lead B2B de Venta Directa,Tecnología & Equipos de Cómputo,"redes de datos, infraestructura tecnológica","$7,852,368,407 COP",CGR-NIVEL CENTRAL,Distrito Capital de Bogotá,No Definido,Contratación Directa (con ofertas),Corporación Colombia Digital,830101214,Contactar al contratista ganador/consorcio para ofrecer suministro y cotización inmediata.,https://community.secop.gov.co/Public/Tendering/OpportunityDetail/Index?noticeUID=CO1.NTC.10601846,"FORTALECER LA INFRAESTRUCTURA TECNOLÓGICA Y LOS SERVICIOS DE CONECTIVIDD INSTITUCIONAL DE LA CONTRALORÍA GENERAL DE LA REPÚBLICA MEDIANTE PLATAFORMAS DE COMUNICACIONES, REDES DE DATOS, SEGURIDAD DIGITAL Y SERVICIOS DIGITALES, PARA SOPORTAR LA TRANSFO"
CO1.REQ.10671942,SASI 002 DE 2026 (Presentación de oferta),93,Adjudicado (Contratista Seleccionado),Lead B2B de Venta Directa,Tecnología & Equipos de Cómputo,"licenciamiento, seguridad perimetral","$6,384,948,664 COP",SUPERINTENDENCIA DE NOTARIADO Y REGISTRO,Distrito Capital de Bogotá,Bogotá,Selección abreviada subasta inversa,Q&C INGENIERIA SAS,830092541,Contactar al contratista ganador/consorcio para ofrecer suministro y cotización inmediata.,https://community.secop.gov.co/Public/Tendering/OpportunityDetail/Index?noticeUID=CO1.NTC.10530347,"ADQUISICIÓN Y RENOVACIÓN DE EQUIPOS DE NETWORKING, SEGURIDAD PERIMETRAL, CONECTIVIDAD WIRELESS Y CONTROL DE ACCESO, INCLUYENDO LICENCIAMIENTO, SOPORTE Y GARANTÍA."
CO1.REQ.10663439,MP-SI-CD-CINT-438-2026,93,Adjudicado (Contratista Seleccionado),Lead B2B de Venta Directa,Agua Potable & Saneamiento,"acueducto, alcantarillado","$4,823,763,350 COP",MUNICIPIO DE PITALITO,Huila,Pitalito,Contratación Directa (con ofertas),EMPRESA DE SERVICIOS PUBLICOS DOMICILIARIOS DE PITALITO EMPITALITO E.S.P,800089312,Contactar al contratista ganador/consorcio para ofrecer suministro y cotización inmediata.,https://community.secop.gov.co/Public/Tendering/OpportunityDetail/Index?noticeUID=CO1.NTC.10518113,"AUNAR ESFUERZOS ENTRE EL MUNICIPIO DE PITALITO Y LA EMPRESA DE SERVICIOS PUBLICOS DOMICILIARIOS DE PITALITO EMPITALITO E.S.P. PARA LA CONSTRUCCIÓN, OPTIMIZACIÓN Y REPOSICION DE REDES DE ACUEDUCTO, ALCANTARILLADO Y OBRAS CONEXAS EN LA TRANSVERSAL 3RA "
CO1.REQ.10574050,2026-VIVA-IA-010,93,Adjudicado (Contratista Seleccionado),Lead B2B de Venta Directa,"Construcción & Obra Civil General, Agua Potable & Saneamiento","aguas residuales, tratamiento de aguas","$4,747,316,454 COP",EMPRESA DE VIVIENDA DE ANTIOQUIA-VIVA,Antioquia,Medellín,Contratación régimen especial (con ofertas),Consorcio Pozos sépticos VIVA 2026,No Definido,Contactar al contratista ganador/consorcio para ofrecer suministro y cotización inmediata.,https://community.secop.gov.co/Public/Tendering/OpportunityDetail/Index?noticeUID=CO1.NTC.10430701,EJECUCIÓN DEL PROYECTO DE MEJORAMIENTO DE LA CALIDAD DEL RECURSO HÍDRICO MEDIANTE LA IMPLEMENTACIÓN DE SISTEMAS DE TRATAMIENTO DE AGUAS RESIDUALES DOMÉSTICAS TIPO SÉPTICO ADICIONADO CON FILTRO ANAERÓBICO DE FLUJO ASCENDENTE (FAFA).
CO1.REQ.10391392,SASI-001-2026 (Presentación de oferta),93,Adjudicado (Contratista Seleccionado),Lead B2B de Venta Directa,Tecnología & Equipos de Cómputo,"infraestructura tecnológica, software","$4,706,370,200 COP",ARCHIVO GENERAL DE LA NACION,Distrito Capital de Bogotá,No Definido,Selección abreviada subasta inversa,UT CONVTI,902071509,Contactar al contratista ganador/consorcio para ofrecer suministro y cotización inmediata.,https://community.secop.gov.co/Public/Tendering/OpportunityDetail/Index?noticeUID=CO1.NTC.10247884,"Adquirir hardware e instalación para la infraestructura Tecnológica del Archivo General de
La Nación, como solución integrada de almacenamiento, recursos informáticos, red y
gestión, completamente terminada y operativa, para mantener la operación tec"
CO1.REQ.10789614,CPS-228-2026,93,Adjudicado (Contratista Seleccionado),Lead B2B de Venta Directa,"Agua Potable & Saneamiento, Vehículos & Maquinaria","agua potable, acueducto","$4,609,250,000 COP",MUNICIPIO DE URIBIA,La Guajira,Uribia,Contratación Directa (con ofertas),AAA URIBIA S.A.S E.S.P,900375703,Contactar al contratista ganador/consorcio para ofrecer suministro y cotización inmediata.,https://community.secop.gov.co/Public/Tendering/OpportunityDetail/Index?noticeUID=CO1.NTC.10643175,"DISTRIBUCIÓN Y TRANSPORTE DE
AGUA POTABLE DURANTE EL SEGUNDO SEMESTRE DEL 2026, MEDIANTE EL USO DE
EQUIPOS CONVENCIONALES - CAMIONES CISTERNA, EN COMUNIDADES INDÍGENAS
DISPERSAS NO CONECTADAS A LA RED DE ACUEDUCTO, EN CUMPLIMIENTO DE LA
SENTENCIA T- "
CO1.REQ.10889462,DNP-SI-004-2026 (Presentación de oferta),93,Adjudicado (Contratista Seleccionado),Lead B2B de Venta Directa,Tecnología & Equipos de Cómputo,"licenciamiento, seguridad perimetral","$2,154,900,000 COP",DEPARTAMENTO NACIONAL DE PLANEACIÓN,Distrito Capital de Bogotá,Bogotá,Selección abreviada subasta inversa,eyc ingenieros SAS,900024202,Contactar al contratista ganador/consorcio para ofrecer suministro y cotización inmediata.,https://community.secop.gov.co/Public/Tendering/OpportunityDetail/Index?noticeUID=CO1.NTC.10747301,"110407526 110409026- Renovar el licenciamiento, soporte y mantenimiento de la solución de seguridad perimetral, de conformidad con las condiciones técnicas exigidas para el Departamento Nacional de Planeación (DNP)."
CO1.REQ.10574368,SASI-VLL-CEAI-002-2026 (Presentación de oferta),93,Adjudicado (Contratista Seleccionado),Lead B2B de Venta Directa,Tecnología & Equipos de Cómputo,"software, licenciamiento","$2,113,740,000 COP",SENA REGIONAL VALLE Grupo de Apoyo Administrativo Mixto,Valle del Cauca,Cali,Selección abreviada subasta inversa,UT SOFTWARE CALI,902085638,Contactar al contratista ganador/consorcio para ofrecer suministro y cotización inmediata.,https://community.secop.gov.co/Public/Tendering/OpportunityDetail/Index?noticeUID=CO1.NTC.10430908,Adquirir el licenciamiento del software SOLIDWORKS en modalidad suscripción SaaS (nube) para los Centros de Formación del Servicio Nacional de Aprendizaje SENA
CO1.REQ.10812292,CD-SPI-261-2026,93,Adjudicado (Contratista Seleccionado),Lead B2B de Venta Directa,"Construcción & Obra Civil General, Agua Potable & Saneamiento","acueducto, obras complementarias, alcantarillado","$1,958,736,230 COP",MUNICIPIO DE ABEJORRAL,Antioquia,Abejorral,Contratación Directa (con ofertas),EMPRESA DE DESARROLLO TERRITORIAL DE DON MATIAS,901852866,Contactar al contratista ganador/consorcio para ofrecer suministro y cotización inmediata.,https://community.secop.gov.co/Public/Tendering/OpportunityDetail/Index?noticeUID=CO1.NTC.10666706,"CONTRATO INTERADMINISTRATIVO DE MANDATO SIN REPRESENTACIÓN PARA LA GERENCIA Y ADMINISTRACIÓN DEL PROYECTO DE REPOSICIÓN DE REDES DE ACUEDUCTO, ALCANTARILLADO Y OBRAS COMPLEMENTARIAS FASE 1 DEL MUNICIPIO DE ABEJORRAL (ANTIOQUIA)."
CO1.REQ.10891030,1300.19.3.001.2026,93,Adjudicado (Contratista Seleccionado),Lead B2B de Venta Directa,Agua Potable & Saneamiento,"planta de tratamiento, agua potable","$1,600,000,000 COP",MUNICIPIO DE YUMBO VALLE,Valle del Cauca,No Definido,Contratación Directa (con ofertas),EMPRESA OFICIAL DE SERVICIOS PÚBLICOS DE YUMBO S.A. ESP,900005956,Contactar al contratista ganador/consorcio para ofrecer suministro y cotización inmediata.,https://community.secop.gov.co/Public/Tendering/OpportunityDetail/Index?noticeUID=CO1.NTC.10746136,OPTIMIZAR LOS PROCESOS DE OPERACION Y FUNCIONAMIENTO DE LA PLANTA DE TRATAMIENTO DE AGUA POTABLE PLATANARES DEL MUNICIPIO DE YUMBO
CO1.REQ.10551489,121-GINREDPA-2026 (Manifestación de interés (Menor Cuantía)) (Presentación de oferta),93,Adjudicado (Contratista Seleccionado),Lead B2B de Venta Directa,"Construcción & Obra Civil General, Agua Potable & Saneamiento","planta de tratamiento, agua potable","$1,378,024,111 COP",DIMAR - GRUPO INTENDENCIA REGIONAL PACIFICO,Valle del Cauca,No Definido,Selección Abreviada de Menor Cuantía,CORENA INGENIERIA SAS,900778046,Contactar al contratista ganador/consorcio para ofrecer suministro y cotización inmediata.,https://community.secop.gov.co/Public/Tendering/OpportunityDetail/Index?noticeUID=CO1.NTC.10407641,"CONSTRUCCIÓN DE LA NUEVA PLANTA DE TRATAMIENTO DE AGUA POTABLE PARA LAS INSTALACIONES DEL CENTRO DE INVESTIGACIONES OCEANOGRÁFICAS E HIDROGRÁFICAS DEL PACIFICO UBICADO EN TUMACO, EN CUMPLIMIENTO DE LO ESTABLECIDO EN EL PLAN NACIONAL DE INFRAESTRUCTUR"
CO1.REQ.11156847,CV-009-2026.,93,Adjudicado (Contratista Seleccionado),Lead B2B de Venta Directa,Agua Potable & Saneamiento,"acueducto, alcantarillado","$1,343,720,959 COP",ALCALDIA MUNICIPAL DE CHIA,Cundinamarca,Chía,Contratación Directa (con ofertas),EMPRESA DE SERVICIOS PUBLICOS DE CHIA E.S.P.,899999714,Contactar al contratista ganador/consorcio para ofrecer suministro y cotización inmediata.,https://community.secop.gov.co/Public/Tendering/OpportunityDetail/Index?noticeUID=CO1.NTC.11011064,"AUNAR ESFUERZOS ADMINISTRATIVOS Y FINANCIEROS PARA LA ASIGNACIÓN Y PAGOS DE SUBSIDIOS DE LOS SERVICIOS DE ACUEDUCTO, ALCANTARILLADO Y ASEO DIRIGIDO A LOS USUARIOS Y/O SUSCRIPTORES DE LOS ESTRATOS 1, 2 Y 3, DE CONFORMIDAD CON LA LEY 142 DE 1994 Y SUS "
CO1.REQ.10640997,SGCC-SA-SU-007-2026 (Presentación de oferta),93,Adjudicado (Contratista Seleccionado),Lead B2B de Venta Directa,Tecnología & Equipos de Cómputo,"equipos de cómputo, computadores","$1,019,931,000 COP",SECRETARIA GENERAL Y DE CERCANIA AL CIUDADANO,Distrito Capital de Bogotá,Bogotá,Selección abreviada subasta inversa,REDCOMPUTO LTDA,830016004,Contactar al contratista ganador/consorcio para ofrecer suministro y cotización inmediata.,https://community.secop.gov.co/Public/Tendering/OpportunityDetail/Index?noticeUID=CO1.NTC.10496632,"ADQUIRIR EQUIPOS DE CÓMPUTO PARA LA SECRETARÍA GENERAL Y DE CERCANIA AL CIUDADANO EN CUMPLIMIENTO DEL PLAN DE DESARROLLO, CORRESPONDIENTE A LA META 349  RENOVAR EL 15% DE LOS EQUIPOS DE CÓMPUTO DE  USO INSTITUCIONAL"
CO1.REQ.10753631,LP-004-2026 (Fase de Selección (Presentación de ofertas)),93,Adjudicado (Contratista Seleccionado),Lead B2B de Venta Directa,"Construcción & Obra Civil General, Agua Potable & Saneamiento","aguas residuales, tratamiento de aguas","$1,019,633,877 COP",AGUAS DE MANIZALES,Caldas,Manizales,Licitación pública Obra Publica,OBRAS PTAR 2026,No Definido,Contactar al contratista ganador/consorcio para ofrecer suministro y cotización inmediata.,https://community.secop.gov.co/Public/Tendering/OpportunityDetail/Index?noticeUID=CO1.NTC.10607710,"OPTIMIZACIÓN, ADECUACIÓN Y MANTENIMIENTO DE SISTEMAS DE TRATAMIENTO DE AGUAS RESIDUALES LOCALIZADOS EN ZONA RURAL DEL MUNICIPIO DE MANIZALES EN CUMPLIMIENTO DEL FALLO DE LA AP 2023-00265 Y EN EL MARCO DEL CONTRATO INTERADMINISTRATIVO 2509241073 SUSCR"
CO1.REQ.10573078,LP-SEG-3075-2026 (Presentación de oferta),90,Adjudicado (Contratista Seleccionado),Lead B2B de Venta Directa,Alimentación Escolar (PAE),"pae, alimentación escolar","$81,540,019,500 COP",Gobernación Norte de Santander*,Norte de Santander,Cúcuta,Licitación pública,UT ALIMENTAR NORTE 2026,902094866,Contactar al contratista ganador/consorcio para ofrecer suministro y cotización inmediata.,https://community.secop.gov.co/Public/Tendering/OpportunityDetail/Index?noticeUID=CO1.NTC.10590391,"SERVICIO DE ALIMENTACIÓN ESCOLAR A NIÑOS, NIÑAS, ADOLESCENTES Y JÓVENES DE INSTITUCIONES EDUCATIVAS OFICIALES DURANTE LA VIGENCIA 2026 EN LOS MUNICIPIOS NO CERTIFICADOS EN EDUCACIÓN DEL DEPARTAMENTO NORTE DE SANTANDER"
CO1.REQ.11177274,LIC-SI-011-2026 (Fase de Selección (Presentación de ofertas)),90,Licitación Abierta (En Ofertas),Oportunidad de Alianza / Cotización,Construcción & Obra Civil General,"mejoramiento de vias, vias terciarias","$47,180,291,002 COP",GOBERNACIÓN DE BOLÍVAR//,Bolívar,Turbaco,Licitación pública Obra Publica,No Definido,No Definido,Compartir la oportunidad con clientes aliados para que presenten oferta incluyendo nuestros suministros.,https://community.secop.gov.co/Public/Tendering/OpportunityDetail/Index?noticeUID=CO1.NTC.11031990,"MEJORAMIENTO DE VIAS URBANAS Y VIAS TERCIARIAS EN LOS MUNICIPIOS DE ARJONA, MAGANGUE, BARRANCO DE LOBA Y SANTA CATALINA, DEPARTAMENTO DE BOLIVAR"
CO1.REQ.11091903,LP-SGR-0011-2026,90,Licitación Abierta (En Ofertas),Oportunidad de Alianza / Cotización,Alimentación Escolar (PAE),"pae, alimentación escolar, complementos alimentarios, alimentacion escolar","$30,554,669,840 COP",GOBERNACION DEL DEPARTAMENTO DEL CESAR,Cesar,Valledupar,Licitación pública,No Definido,No Definido,Compartir la oportunidad con clientes aliados para que presenten oferta incluyendo nuestros suministros.,https://community.secop.gov.co/Public/Tendering/OpportunityDetail/Index?noticeUID=CO1.NTC.10947395,SUMINISTRO DE COMPLEMENTOS ALIMENTARIOS A LOS ESTUDIANTES MATRICULADOS EN LOS ESTABLECIMIENTOS EDUCATIVOS OFICIALES DE LAS ZONAS URBANAS Y RURALES EN EL MARCO DEL PROGRAMA DE ALIMENTACION ESCOLAR DESARROLLADO EN 24 MUNICIPIOS NO CERTIFICADOS DEL DEPA
CO1.REQ.11042595,LP-PDA-004-2026,90,Licitación Abierta (En Ofertas),Oportunidad de Alianza / Cotización,"Construcción & Obra Civil General, Agua Potable & Saneamiento","alcantarillados, ptar","$25,920,432,799 COP",EMPRESAS PÚBLICAS DE CUNDINAMARCA S.A. E.S.P.,Distrito Capital de Bogotá,Bogotá,Licitación pública Obra Publica,No Definido,No Definido,Compartir la oportunidad con clientes aliados para que presenten oferta incluyendo nuestros suministros.,https://community.secop.gov.co/Public/Tendering/OpportunityDetail/Index?noticeUID=CO1.NTC.10903545,CONSTRUCCIÓN Y/O OPTIMIZACIÓN DE SISTEMAS DE ALCANTARILLADOS (SANITARIO Y PLUVIAL) Y PTAR EN EL DEPARTAMENTO DE CUNDINAMARCA POR LOTES - APROPIACIÓN.
CO1.REQ.10762388,SED-LP-003-2026 (Presentación de oferta),90,Adjudicado (Contratista Seleccionado),Lead B2B de Venta Directa,Alimentación Escolar (PAE),"pae, alimentación escolar","$24,930,102,170 COP",GOBERNACIÓN DEPARTAMENTO DEL PUTUMAYO,Putumayo,Mocoa,Licitación pública,FUPADESO,900585288,Contactar al contratista ganador/consorcio para ofrecer suministro y cotización inmediata.,https://community.secop.gov.co/Public/Tendering/OpportunityDetail/Index?noticeUID=CO1.NTC.10617028,"FORTALECIMIENTO DEL ACCESO Y PERMANENCIA DE LOS NIÑOS, NIÑAS, ADOLESCENTES Y JÓVENES EN LOS ESTABLECIMIENTOS EDUCATIVOS OFICIALES, MEDIANTE LA ESTRATEGIA DE ALIMENTACIÓN ESCOLAR DURANTE EL SEGUNDO SEMESTRE DE LA VIGENCIA 2026 EN EL DEPARTAMENTO DEL P"
CO1.REQ.11032432,LP009-2026,90,Licitación Abierta (En Ofertas),Oportunidad de Alianza / Cotización,"Construcción & Obra Civil General, Agua Potable & Saneamiento","planta de tratamiento, agua potable, acueducto","$18,640,628,309 COP",MUNICIPIO DE PUERTO COLOMBIA,Atlántico,No Definido,Licitación pública Obra Publica,No Definido,No Definido,Compartir la oportunidad con clientes aliados para que presenten oferta incluyendo nuestros suministros.,https://community.secop.gov.co/Public/Tendering/OpportunityDetail/Index?noticeUID=CO1.NTC.10945483,AMPLIACION CONDUCCION PLANTA DE TRATAMIENTO DE AGUA POTABLE LAS FLORES - TANQUE DE REBOMBEO SALGAR TRAMO LOS MANATIES - SALGAR (ISSA ABUCHAIBE) DEL SISTEMA DE ACUEDUCTO DEL MUNICIPIO DE PUERTO COLOMBIA
CO1.REQ.10603388,009350C-26,90,Licitación Abierta (En Ofertas),Oportunidad de Alianza / Cotización,Construcción & Obra Civil General,obras civiles,"$17,884,709,741 COP",EMPRESA DE TRANSPORTE MASIVO DEL VALLE DE ABURRA LTDA,Antioquia,Bello,Contratación régimen especial,No Definido,No Definido,Compartir la oportunidad con clientes aliados para que presenten oferta incluyendo nuestros suministros.,https://community.secop.gov.co/Public/Tendering/OpportunityDetail/Index?noticeUID=CO1.NTC.10458183,"Ejecución de actividades de diseño, intervención y obras civiles de protección para la estabilización y salvaguarda de la banca de la vía férrea, las estructuras de contención y la infraestructura asociada del sistema férreo del valle de aburrá, ubic"
CO1.REQ.11116914,FDLSUBA-LP-013-2026  (155738),90,Licitación Abierta (En Ofertas),Oportunidad de Alianza / Cotización,Construcción & Obra Civil General,malla vial,"$13,400,000,000 COP",ALCALDÍA LOCAL DE SUBA,Distrito Capital de Bogotá,Bogotá,Licitación pública Obra Publica,No Definido,No Definido,Compartir la oportunidad con clientes aliados para que presenten oferta incluyendo nuestros suministros.,https://community.secop.gov.co/Public/Tendering/OpportunityDetail/Index?noticeUID=CO1.NTC.10972280,EJECUTAR POR EL SISTEMA DE PRECIOS UNITARIOS Y A MONTO AGOTABLE LAS ACTIVIDADES PARA LA CONSERVACION DE LA MALLA VIAL LOCAL E INTERMEDIA Y ESPACIO PÚBLICO EN LA LOCALIDAD DE SUBA EN LA CIUDAD DE BOGOTA D.C
CO1.REQ.10381967,SE-LP-001-2026 (Presentación de oferta),90,Adjudicado (Contratista Seleccionado),Lead B2B de Venta Directa,Alimentación Escolar (PAE),"pae, alimentación escolar","$13,292,211,865 COP",DEPARTAMENTO DE CORDOBA,Córdoba,Montería,Licitación pública,CONSORCIO CORDOBA NUTRE,902067860,Contactar al contratista ganador/consorcio para ofrecer suministro y cotización inmediata.,https://community.secop.gov.co/Public/Tendering/OpportunityDetail/Index?noticeUID=CO1.NTC.10239350,IMPLEMENTACIÓN DEL PROGRAMA DE ALIMENTACIÓN ESCOLAR -PAE- EN LOS ESTABLECIMIENTOS EDUCATIVOS OFICIALES DE LOS 27 MUNICIPIOS NO CERTIFICADOS DEL DEPARTAMENTO DE CÓRDOBA
CO1.REQ.11159633,OBR-SCC-015-2026,90,Licitación Abierta (En Ofertas),Oportunidad de Alianza / Cotización,Construcción & Obra Civil General,obras complementarias,"$11,250,671,062 COP",EMPRESA NACIONAL ESTATAL DE DESARROLLO TERRITORIAL S.A.S.,Santander,Bucaramanga,Contratación régimen especial,No Definido,No Definido,Compartir la oportunidad con clientes aliados para que presenten oferta incluyendo nuestros suministros.,https://community.secop.gov.co/Public/Tendering/OpportunityDetail/Index?noticeUID=CO1.NTC.11013750,MEJORAMIENTO DE OBRAS COMPLEMENTARIAS VIA 31VL04-1 POTRERITO - EL RETIRO MUNICIPIO DE PRADERA
CO1.REQ.11138572,FDLRUU-LP-005-2026,90,Licitación Abierta (En Ofertas),Oportunidad de Alianza / Cotización,Construcción & Obra Civil General,malla vial,"$11,246,096,549 COP",ALCALDIA LOCAL RAFAEL URIBE URIBE,Distrito Capital de Bogotá,No Definido,Licitación pública Obra Publica,No Definido,No Definido,Compartir la oportunidad con clientes aliados para que presenten oferta incluyendo nuestros suministros.,https://community.secop.gov.co/Public/Tendering/OpportunityDetail/Index?noticeUID=CO1.NTC.11004934,"EJECUTAR LAS OBRAS Y ACTIVIDADES PARA LA CONSTRUCCIÓN Y CONSERVACIÓN DE MALLA VIAL Y ESPACIO PÚBLICO DE LA LOCALIDAD DE RAFAEL URIBE URIBE A PRECIOS UNITARIOS FIJOS Y A MONTO AGOTABLE EN LA CIUDAD DE BOGOTÁ, D.C"
CO1.REQ.10699693,MD-SGR-CDO-044-2026,90,Licitación Abierta (En Ofertas),Oportunidad de Alianza / Cotización,"Construcción & Obra Civil General, Agua Potable & Saneamiento","acueducto, alcantarillado, mejoramiento de vías","$10,836,300,521 COP",EMPRESA DE DESARROLLO TERRITORIAL MASDESARROLLO,Chocó,Lloró,Contratación régimen especial,No Definido,No Definido,Compartir la oportunidad con clientes aliados para que presenten oferta incluyendo nuestros suministros.,https://community.secop.gov.co/Public/Tendering/OpportunityDetail/Index?noticeUID=CO1.NTC.10554705,"MEJORAMIENTO DE VÍAS URBANAS ETAPA 1 Y OPTIMIZACIÓN DE REDES DE ACUEDUCTO Y ALCANTARILLADO EN ALGUNAS DE SUS VÍAS MUNICIPIO DE GARAGOA, BOYACA  con código BPIN No. 202615299000)"
CO1.REQ.11068652,LPO-009-2026,90,Licitación Abierta (En Ofertas),Oportunidad de Alianza / Cotización,"Construcción & Obra Civil General, Agua Potable & Saneamiento","malla vial, acueducto, pavimento rígido","$10,168,261,817 COP",GOBERNACIÓN DE LA GUAJIRA,La Guajira,Riohacha,Licitación pública Obra Publica,No Definido,No Definido,Compartir la oportunidad con clientes aliados para que presenten oferta incluyendo nuestros suministros.,https://community.secop.gov.co/Public/Tendering/OpportunityDetail/Index?noticeUID=CO1.NTC.10925723,"CONSTRUCCIÓN DE PAVIMENTO RÍGIDO Y REPOSICIÓN DE REDES DE ACUEDUCTO EN LA MALLA VIAL DE LOS BARRIOS LA COSECHA, SAN JUDAS TADEO, DIVINO NIÑO Y NUEVO MILENIO, MUNICIPIO DE RIOHACHA, DEPARTAMENTO DE LA GUAJIRA"
CO1.REQ.10953535,ALC-037-2026,90,Licitación Abierta (En Ofertas),Oportunidad de Alianza / Cotización,"Construcción & Obra Civil General, Agua Potable & Saneamiento","ptar, tratamiento de aguas, planta de tratamiento, aguas residuales, obras complementarias","$9,586,648,472 COP",EMPRESA DE SERVICIOS PUBLICOS DE ALCANTARILLADO */,Cundinamarca,Ricaurte,Contratación régimen especial,No Definido,No Definido,Compartir la oportunidad con clientes aliados para que presenten oferta incluyendo nuestros suministros.,https://community.secop.gov.co/Public/Tendering/OpportunityDetail/Index?noticeUID=CO1.NTC.10808064,"CONTRATAR LA EJECUCION DE LAS OBRAS COMPLEMENTARIAS DEL SEGUNDO TREN DE LA PLANTA DE TRATAMIENTO DE AGUAS RESIDUALES - PTAR RÍO BOGOTÁ, ASÍ COMO EL COLECTOR SANITARIO BOSQUES DE PEÑALISA, EN EL MUNICIPIO DE RICAURTE, CUNDINAMARCA, EN EL MARCO DEL CON"
CO1.REQ.11146877,LOP-EICE-AMV-001-2026 (Fase de Selección (Presentación de ofertas)),90,Licitación Abierta (En Ofertas),Oportunidad de Alianza / Cotización,"Construcción & Obra Civil General, Energía Solar & Alumbrado Público","fotovoltaica, energía solar","$9,443,936,281 COP",EMPRESA INDUSTRIAL Y COMERCIAL DEL ESTADO AREA METROPOLITANA DE VALLEDUPAR E.I.C.E. AMV,Cesar,Valledupar,Licitación pública Obra Publica,No Definido,No Definido,Compartir la oportunidad con clientes aliados para que presenten oferta incluyendo nuestros suministros.,https://community.secop.gov.co/Public/Tendering/OpportunityDetail/Index?noticeUID=CO1.NTC.11001836,INSTALACIÓN DE SISTEMAS DE ENERGÍA SOLAR FOTOVOLTAICA EN ZONAS NO INTERCONECTADAS DEL MUNICIPIO DE PUEBLO BELLO DEPARTAMENTO DEL CESAR
CO1.REQ.11131768,LP-AIM-CO-004-2026,90,Licitación Abierta (En Ofertas),Oportunidad de Alianza / Cotización,Construcción & Obra Civil General,infraestructura educativa,"$8,301,889,643 COP",AGENCIA PARA LA INFRAESTRUCTURA DEL META,Meta,Villavicencio,Licitación pública Obra Publica,No Definido,No Definido,Compartir la oportunidad con clientes aliados para que presenten oferta incluyendo nuestros suministros.,https://community.secop.gov.co/Public/Tendering/OpportunityDetail/Index?noticeUID=CO1.NTC.10991254,"CONSTRUCCIÓN DE UNIDADES DE INFRAESTRUCTURA EDUCATIVA, EN LA INSTITUCIÓN EDUCATIVA GABRIEL GARCÍA MÁRQUEZ EN EL MUNICIPIO DE SAN CARLOS DE GUAROA, META Y CONSTRUCCIÓN DEL CERRAMIENTO DEL COLEGIO DEPARTAMENTAL DE BACHILLERATO DE LEJANÍAS, META"
CO1.REQ.11122746,OBR-SCC-VUP-012-2026,90,Licitación Abierta (En Ofertas),Oportunidad de Alianza / Cotización,Construcción & Obra Civil General,"pavimento rígido, obras complementarias","$8,165,378,198 COP","FONCOLOMBIA, FONDO MIXTO PARA EL DESARROLLO INTEGRAL Y LA GESTION SOCIAL DE COLOMBIA",Santander,Bucaramanga,Contratación régimen especial,No Definido,No Definido,Compartir la oportunidad con clientes aliados para que presenten oferta incluyendo nuestros suministros.,https://community.secop.gov.co/Public/Tendering/OpportunityDetail/Index?noticeUID=CO1.NTC.10977512,CONSTRUCCIÓN DE PAVIMENTO RÍGIDO Y OBRAS COMPLEMENTARIAS EN LOS REASENTAMIENTOS PATILLA Y CHANCLETA EN EL DEPARTAMENTO DE LA GUAJIRA MUNICIPIO DE BARRANCAS
CO1.REQ.11131022,LP-017-2026,90,Licitación Abierta (En Ofertas),Oportunidad de Alianza / Cotización,Construcción & Obra Civil General,"obras complementarias, escenarios deportivos","$7,952,790,583 COP",INSTITUTO DE DEPORTES Y RECREACION DE MEDELLIN,Antioquia,Medellín,Licitación pública Obra Publica,No Definido,No Definido,Compartir la oportunidad con clientes aliados para que presenten oferta incluyendo nuestros suministros.,https://community.secop.gov.co/Public/Tendering/OpportunityDetail/Index?noticeUID=CO1.NTC.10990262,"OBRAS DE CONSTRUCCIÓN, ADECUACIÓN Y MANTENIMIENTO DE CANCHAS EN ARENILLA Y/O SINTÉTICAS, ASÍ COMO LA EJECUCIÓN DE OBRAS COMPLEMENTARIAS EN ESCENARIOS DEPORTIVOS ADMINISTRADOS POR EL INDER MEDELLÍN."
CO1.REQ.11027525,009327C-26,90,Licitación Abierta (En Ofertas),Oportunidad de Alianza / Cotización,Agua Potable & Saneamiento,"plantas de tratamiento, aguas residuales, tratamiento de aguas","$7,665,434,009 COP",EMPRESA DE TRANSPORTE MASIVO DEL VALLE DE ABURRA LTDA,Antioquia,Bello,Contratación régimen especial,No Definido,No Definido,Compartir la oportunidad con clientes aliados para que presenten oferta incluyendo nuestros suministros.,https://community.secop.gov.co/Public/Tendering/OpportunityDetail/Index?noticeUID=CO1.NTC.10881419,"Mantenimiento preventivo y correctivo de los sistemas contra incendio y de los sistemas de presión de agua y plantas de tratamiento de aguas residuales, así como el suministro, instalación, puesta en funcionamiento y soporte del sistema de monitoreo "
CO1.REQ.11019988,REG 2026-044,90,Licitación Abierta (En Ofertas),Oportunidad de Alianza / Cotización,"Construcción & Obra Civil General, Energía Solar & Alumbrado Público",fotovoltaica,"$7,599,653,652 COP",SERVICIOS INTEGRALES DEL ESTADO COLOMBIANO SIEC SAS SOCIEDAD DE ECONOMIA MIXTA1,Distrito Capital de Bogotá,Bogotá,Contratación régimen especial,No Definido,No Definido,Compartir la oportunidad con clientes aliados para que presenten oferta incluyendo nuestros suministros.,https://community.secop.gov.co/Public/Tendering/OpportunityDetail/Index?noticeUID=CO1.NTC.10879371,"EJECUCION - CONSTRUCCIÓN DE SOLUCION FOTOVOLTAICA PARA LA GENERACION DE ENERGIA ELECTRICA EN VIVIENDAS RURALES DISPERSAS EN EL MUNICIPIO DE RIOHACHA, LA GUAJIRA"
CO1.REQ.11172468,LP-1-2026 (Fase de Selección (Presentación de ofertas)),90,Licitación Abierta (En Ofertas),Oportunidad de Alianza / Cotización,"Construcción & Obra Civil General, Agua Potable & Saneamiento","pavimento flexible, acueducto, alcantarillado","$7,500,127,330 COP",EMPRESA DE ACUEDUCTO Y ALCANTARILLADO DE VILLAVICENCIO E.S.P. 1,Meta,Villavicencio,Licitación pública Obra Publica,No Definido,No Definido,Compartir la oportunidad con clientes aliados para que presenten oferta incluyendo nuestros suministros.,https://community.secop.gov.co/Public/Tendering/OpportunityDetail/Index?noticeUID=CO1.NTC.11027339,"REHABILITACION DE VIAS MEDIANTE PAVIMENTO FLEXIBLE Y CONSTRUCCION DE LA RED DE ACUEDUCTO Y ALCANTARILLADO EN DIFERENTES VIAS DEL BARRIO BOCHICA EN EL MUNICIPIO DE VILLAVICENCIO, META"
CO1.REQ.11134912,LP-016-2026,90,Licitación Abierta (En Ofertas),Oportunidad de Alianza / Cotización,Construcción & Obra Civil General,"obras complementarias, escenarios deportivos","$6,740,114,727 COP",INSTITUTO DE DEPORTES Y RECREACION DE MEDELLIN,Antioquia,Medellín,Licitación pública Obra Publica,No Definido,No Definido,Compartir la oportunidad con clientes aliados para que presenten oferta incluyendo nuestros suministros.,https://community.secop.gov.co/Public/Tendering/OpportunityDetail/Index?noticeUID=CO1.NTC.10989664,"OBRAS DE CONSTRUCCIÓN, ADECUACIÓN Y MANTENIMIENTO DE CANCHAS DE FÚTBOL EN ARENILLA Y/O SINTÉTICAS, ASÍ COMO LA EJECUCIÓN DE OBRAS COMPLEMENTARIAS EN ESCENARIOS DEPORTIVOS ADMINISTRADOS POR EL INDER MEDELLÍN."
CO1.REQ.11134733,LP-015-2026,90,Licitación Abierta (En Ofertas),Oportunidad de Alianza / Cotización,Construcción & Obra Civil General,"obras complementarias, escenarios deportivos","$6,702,597,510 COP",INSTITUTO DE DEPORTES Y RECREACION DE MEDELLIN,Antioquia,Medellín,Licitación pública Obra Publica,No Definido,No Definido,Compartir la oportunidad con clientes aliados para que presenten oferta incluyendo nuestros suministros.,https://community.secop.gov.co/Public/Tendering/OpportunityDetail/Index?noticeUID=CO1.NTC.10989663,"OBRAS DE CONSTRUCCIÓN, ADECUACIÓN Y MANTENIMIENTO DE CANCHAS DE ARENILLA Y/O SINTÉTICAS DE FÚTBOL Y/O MICROFÚTBOL, ASÍ COMO LA EJECUCIÓN DE OBRAS COMPLEMENTARIAS EN ESCENARIOS DEPORTIVOS ADMINISTRADOS POR EL INDER MEDELLÍN."
CO1.REQ.11169424,INVITACIÓN PUBLICA A PRESENTAR OFERTA 004 DE 2026,90,Licitación Abierta (En Ofertas),Oportunidad de Alianza / Cotización,Construcción & Obra Civil General,mejoramiento de vías,"$6,469,344,797 COP",ASO-CIT,Cesar,Valledupar,Contratación régimen especial (con ofertas),No Definido,No Definido,Compartir la oportunidad con clientes aliados para que presenten oferta incluyendo nuestros suministros.,https://community.secop.gov.co/Public/Tendering/OpportunityDetail/Index?noticeUID=CO1.NTC.11023896,MEJORAMIENTO DE VÍAS RURALES MUISCA EN EL MUNICIPIO DE COTA CUNDINAMARCA
CO1.REQ.11129094,LP-014-2026.,90,Licitación Abierta (En Ofertas),Oportunidad de Alianza / Cotización,Construcción & Obra Civil General,"infraestructura física, obras complementarias, escenarios deportivos","$6,197,027,935 COP",INSTITUTO DE DEPORTES Y RECREACION DE MEDELLIN,Antioquia,Medellín,Licitación pública Obra Publica,No Definido,No Definido,Compartir la oportunidad con clientes aliados para que presenten oferta incluyendo nuestros suministros.,https://community.secop.gov.co/Public/Tendering/OpportunityDetail/Index?noticeUID=CO1.NTC.10990238,"MEJORAMIENTO, ADECUACIÓN, MANTENIMIENTO Y REPARACIÓN DE LA INFRAESTRUCTURA FÍSICA DEPORTIVA Y RECREATIVA A CARGO DEL INDER MEDELLÍN, INCLUYENDO PISCINAS, ESCENARIOS DEPORTIVOS Y RECREATIVOS[AR1.1][AR1.2], SUS ÁREAS COMPLEMENTARIAS Y DEMÁS ELEMENTOS A"
CO1.REQ.11161129,LP-006-2026,90,Licitación Abierta (En Ofertas),Oportunidad de Alianza / Cotización,"Construcción & Obra Civil General, Agua Potable & Saneamiento","planta de tratamiento, aguas residuales, ptar, tratamiento de aguas","$6,142,450,415 COP",CORMACARENA,Meta,Villavicencio,Licitación pública Obra Publica,No Definido,No Definido,Compartir la oportunidad con clientes aliados para que presenten oferta incluyendo nuestros suministros.,https://community.secop.gov.co/Public/Tendering/OpportunityDetail/Index?noticeUID=CO1.NTC.11015903,"OPTIMIZACIÓN Y PUESTA EN MARCHA DEL MÓDULO UNO DE LA PLANTA DE TRATAMIENTO DE AGUAS RESIDUALES - PTAR DEL MUNICIPIO DE GUAMAL, DEPARTAMENTO DEL META."
CO1.REQ.10694409,REG 2026-038,90,Licitación Abierta (En Ofertas),Oportunidad de Alianza / Cotización,"Construcción & Obra Civil General, Agua Potable & Saneamiento","malla vial, pavimento rígido, alcantarillado","$6,104,877,577 COP",SERVICIOS INTEGRALES DEL ESTADO COLOMBIANO SIEC SAS SOCIEDAD DE ECONOMIA MIXTA1,Distrito Capital de Bogotá,Bogotá,Contratación régimen especial,No Definido,No Definido,Compartir la oportunidad con clientes aliados para que presenten oferta incluyendo nuestros suministros.,https://community.secop.gov.co/Public/Tendering/OpportunityDetail/Index?noticeUID=CO1.NTC.10551673,"EJECUCIÓN - MEJORAMIENTO EN PAVIMENTO RÍGIDO Y REPOSICIÓN DE REDES DE ALCANTARILLADO SANITARIO EN LA MALLA VIAL DEL MUNICIPIO DE CIÉNAGA, MAGDALENA"
CO1.REQ.10609176,OBR-SCC-012-2026,90,Licitación Abierta (En Ofertas),Oportunidad de Alianza / Cotización,"Construcción & Obra Civil General, Agua Potable & Saneamiento","aguas residuales, tratamiento de aguas","$5,983,320,810 COP",EMPRESA NACIONAL ESTATAL DE DESARROLLO TERRITORIAL S.A.S.,Santander,Bucaramanga,Contratación régimen especial,No Definido,No Definido,Compartir la oportunidad con clientes aliados para que presenten oferta incluyendo nuestros suministros.,https://community.secop.gov.co/Public/Tendering/OpportunityDetail/Index?noticeUID=CO1.NTC.10463865,"CONSTRUCCIÓN DE UNIDADES SANITARIAS CON SISTEMA DE TRATAMIENTO DE AGUAS RESIDUALES EN EL SECTOR RURAL DEL MUNICIPIO DE MERCADERES, CAUCA"
CO1.REQ.10577583,SCC-043-2026,90,Licitación Abierta (En Ofertas),Oportunidad de Alianza / Cotización,"Construcción & Obra Civil General, Agua Potable & Saneamiento","aguas residuales, obras complementarias","$5,854,235,744 COP",EMPRESA INDUSTRIAL Y COMERCIAL DEL ESTADO AREA METROPOLITANA DE VALLEDUPAR E.I.C.E. AMV,Cesar,Valledupar,Contratación régimen especial,No Definido,No Definido,Compartir la oportunidad con clientes aliados para que presenten oferta incluyendo nuestros suministros.,https://community.secop.gov.co/Public/Tendering/OpportunityDetail/Index?noticeUID=CO1.NTC.10433068,"OPTIMIZACIÓN DEL SISTEMA DE MANTENIMIENTO DE AGUAS RESIDUALES DE LA LAGUNA EL AZUFRAL MEDIANTE INTERVENCIONES DE CERRAMIENTO, DRAGADO Y OBRAS COMPLEMENTARIAS EN EL MUNICIPIO DE BECERRIL, CESAR."
CO1.REQ.10676849,REG 2026-040,90,Licitación Abierta (En Ofertas),Oportunidad de Alianza / Cotización,"Construcción & Obra Civil General, Energía Solar & Alumbrado Público","fotovoltaica, energía solar","$5,203,117,571 COP",SERVICIOS INTEGRALES DEL ESTADO COLOMBIANO SIEC SAS SOCIEDAD DE ECONOMIA MIXTA1,Distrito Capital de Bogotá,Bogotá,Contratación régimen especial,No Definido,No Definido,Compartir la oportunidad con clientes aliados para que presenten oferta incluyendo nuestros suministros.,https://community.secop.gov.co/Public/Tendering/OpportunityDetail/Index?noticeUID=CO1.NTC.10551344,EJECUCIÓN - CONSTRUCCIÓN DE SISTEMAS INDIVIDUALES DE ENERGÍA SOLAR FOTOVOLTAICA EN LA ZONA RURAL DEL MUNICIPIO DE SUCRE EN EL DEPARTAMENTO DE SUCRE
CO1.REQ.11098991,LPO-03-2026,90,Licitación Abierta (En Ofertas),Oportunidad de Alianza / Cotización,Construcción & Obra Civil General,infraestructura fisica,"$5,060,000,000 COP",ALCALDÍA MUNICIPAL DE EL ESPINAL,Tolima,Espinal,Licitación pública Obra Publica,No Definido,No Definido,Compartir la oportunidad con clientes aliados para que presenten oferta incluyendo nuestros suministros.,https://community.secop.gov.co/Public/Tendering/OpportunityDetail/Index?noticeUID=CO1.NTC.10972109,MEJORAMIENTO DE LA INFRAESTRUCTURA FISICA DEL MALECON TURISTICO DE LA CAIMANERA DEL MUNICIPIO DE EL ESPINAL
CO1.REQ.11061608,No. OB-039-2026,90,Licitación Abierta (En Ofertas),Oportunidad de Alianza / Cotización,"Construcción & Obra Civil General, Energía Solar & Alumbrado Público","fotovoltaica, energía solar","$5,058,459,462 COP",FONER,Valle del Cauca,Cali,Contratación régimen especial,INGENIEROS & ARQUITECTOS CONSTRUCTORES S.A.S,No Definido,Compartir la oportunidad con clientes aliados para que presenten oferta incluyendo nuestros suministros.,https://community.secop.gov.co/Public/Tendering/OpportunityDetail/Index?noticeUID=CO1.NTC.10917086,"CONSTRUCCIÓN DE SISTEMAS AUTÓNOMOS DE GENERACIÓN DE ENERGÍA SOLAR FOTOVOLTAICA PARA LA ENERGIZACIÓN DE VIVIENDAS EN LAS ZONAS RURALES NO INTERCONECTADAS DEL MUNICIPIO DE CÉRTEGUI, CHOCÓ, IDENTIFICADO CON CÓDIGO BPIN NO. 2026271600001"
CO1.REQ.11174398,CO-032-2026,90,Licitación Abierta (En Ofertas),Oportunidad de Alianza / Cotización,Construcción & Obra Civil General,"obras complementarias, pavimento rigido","$5,049,096,254 COP",EMPRESA DE DESARROLLO URBANO DE ANDES - EDUAN,Antioquia,Andes,Contratación régimen especial,PARAGUAY CAUCASIA,902108221,Compartir la oportunidad con clientes aliados para que presenten oferta incluyendo nuestros suministros.,https://community.secop.gov.co/Public/Tendering/OpportunityDetail/Index?noticeUID=CO1.NTC.11029386,"CONSTRUCCION DE PAVIMENTO RIGIDO Y OBRAS
COMPLEMENTARIAS EN EL SECTOR PARAGUAY, ZONA
URBANA DEL MUNICIPIO DE CAUCASIA, ANTIOQUIA."
CO1.REQ.10951083,CW394590,90,Licitación Abierta (En Ofertas),Oportunidad de Alianza / Cotización,"Construcción & Obra Civil General, Agua Potable & Saneamiento","obras civiles, aguas residuales","$4,781,472,820 COP",EMPRESAS PUBLICAS DE MEDELLIN E.S.P.,Antioquia,Medellín,Contratación régimen especial,No Definido,No Definido,Compartir la oportunidad con clientes aliados para que presenten oferta incluyendo nuestros suministros.,https://community.secop.gov.co/Public/Tendering/OpportunityDetail/Index?noticeUID=CO1.NTC.10811720,"Suministro, transporte, instalación y puesta en marcha de equipos, servicios y obras civiles complementarias necesarias para las intervenciones en la estación de bombeo de aguas residuales El Águila, en el Municipio de Rionegro"
CO1.REQ.11136243,70007904 (Fase de Selección (Presentación de ofertas)),90,Licitación Abierta (En Ofertas),Oportunidad de Alianza / Cotización,Construcción & Obra Civil General,infraestructura educativa,"$4,525,590,856 COP",DISTRITO ESPECIAL DE CIENCIA TECNOLOGIA E INNOVACION DE MEDELLIN,Antioquia,Medellín,Licitación pública Obra Publica,No Definido,No Definido,Compartir la oportunidad con clientes aliados para que presenten oferta incluyendo nuestros suministros.,https://community.secop.gov.co/Public/Tendering/OpportunityDetail/Index?noticeUID=CO1.NTC.10996197,"Estudios, diseños, permisos, licencias y construcción de cubiertas en infraestructura educativa"
CO1.REQ.10746504,CW394010,90,Licitación Abierta (En Ofertas),Oportunidad de Alianza / Cotización,Construcción & Obra Civil General,obra civil,"$4,421,217,679 COP",EMPRESAS PUBLICAS DE MEDELLIN E.S.P.,Antioquia,Medellín,Contratación régimen especial,No Definido,No Definido,Compartir la oportunidad con clientes aliados para que presenten oferta incluyendo nuestros suministros.,https://community.secop.gov.co/Public/Tendering/OpportunityDetail/Index?noticeUID=CO1.NTC.10600604,"Contrato de obra civil, potencia eléctrica e iluminación - renovación Edificio EPM fase II"
CO1.REQ.11145740,RE-LP-001-2026,90,Licitación Abierta (En Ofertas),Oportunidad de Alianza / Cotización,Construcción & Obra Civil General,infraestructura educativa,"$4,363,328,854 COP",TIERRASUA S.A.S,Boyacá,Tunja,Licitación pública Obra Publica,No Definido,No Definido,Compartir la oportunidad con clientes aliados para que presenten oferta incluyendo nuestros suministros.,https://community.secop.gov.co/Public/Tendering/OpportunityDetail/Index?noticeUID=CO1.NTC.11004901,"MEJORAMIENTO Y DOTACIÓN DE LA INFRAESTRUCTURA EDUCATIVA EN LA SEDE PRINCIPAL DE LA INSTITUCIÓN EDUCATIVA TÉCNICO NACIONALIZADO DE PAUNA EN EL MUNICIPIO DE PAUNA, DEPARTAMENTO DE BOYACÁ"
CO1.REQ.11124283,CM-SI-001-2026 (Presentación de oferta),90,Licitación Abierta (En Ofertas),Oportunidad de Alianza / Cotización,Interventoría & Consultoría,interventoria integral,"$4,347,453,704 COP",MUNICIPIO DE YUMBO VALLE,Valle del Cauca,No Definido,Concurso de méritos abierto,No Definido,No Definido,Compartir la oportunidad con clientes aliados para que presenten oferta incluyendo nuestros suministros.,https://community.secop.gov.co/Public/Tendering/OpportunityDetail/Index?noticeUID=CO1.NTC.10979823,INTERVENTORIA INTEGRAL TECNICA ADMINISTRATIVA JURIDICA AMBIENTAL Y DE CONTROL DE CALIDAD DEL CONTRATO DE OBRA QUE TIENE COMO OBJETO CONSTRUCCION DE LA VIA CALLE DEL ESTUDIANTE Y OBRAS COMPLEMENTARIAS DEL MUNICIPIO DE YUMBO VALLE DEL CAUCA
CO1.REQ.11020566,056 DE 2026,90,Licitación Abierta (En Ofertas),Oportunidad de Alianza / Cotización,"Construcción & Obra Civil General, Agua Potable & Saneamiento","acueducto, alcantarillado","$4,325,962,778 COP",EMPRESA DE SERVICIOS PUBLICOS DOMICILIARIOS DE PITALITO EMPITALITO E.S.P,Huila,Pitalito,Contratación régimen especial,No Definido,No Definido,Compartir la oportunidad con clientes aliados para que presenten oferta incluyendo nuestros suministros.,https://community.secop.gov.co/Public/Tendering/OpportunityDetail/Index?noticeUID=CO1.NTC.10875508,"CONSTRUCCIÓN, OPTIMIZACIÓN Y REPOSICION DE REDES DE ACUEDUCTO, ALCANTARILLADO Y OBRAS CONEXAS EN LA TRANSVERSAL 3RA SUR DEL MUNICIPIO DE PITALITO HUILA"
CO1.REQ.10963717,900-CCE-0212-2026 -,90,Licitación Abierta (En Ofertas),Oportunidad de Alianza / Cotización,Agua Potable & Saneamiento,"agua potable, plantas de tratamiento","$4,238,571,200 COP",EMPRESAS MUNICIPALES DE CALI,Valle del Cauca,Cali,Contratación régimen especial,No Definido,No Definido,Compartir la oportunidad con clientes aliados para que presenten oferta incluyendo nuestros suministros.,https://community.secop.gov.co/Public/Tendering/OpportunityDetail/Index?noticeUID=CO1.NTC.10817348,SUMINISTRAR SAL PARA LAS PLANTAS DE TRATAMIENTO DE AGUA POTABLE DE LA UNIDAD DE PRODUCCIÓN DE AGUA POTABLE
CO1.REQ.11145293,CM 007 DE 2026 (Presentación de oferta),90,Licitación Abierta (En Ofertas),Oportunidad de Alianza / Cotización,Interventoría & Consultoría,interventoría técnica,"$3,991,279,762 COP",AREA METROPOLITANA DEL VALLE DE ABURRA,Antioquia,No Definido,Concurso de méritos abierto,No Definido,No Definido,Compartir la oportunidad con clientes aliados para que presenten oferta incluyendo nuestros suministros.,https://community.secop.gov.co/Public/Tendering/OpportunityDetail/Index?noticeUID=CO1.NTC.11001408,"INTERVENTORÍA TÉCNICA, ADMINISTRATIVA, JURÍDICA, FINANCIERA, AMBIENTAL Y CONTABLE A LA AMPLIACIÓN DEL PUENTE SIMÓN BOLÍVAR EN EL MUNICIPIO DE ENVIGADO, EN CUMPLIMIENTO AL ACTA DE EJECUCIÓN N°8 DEL CONVENIO INTERADMINISTRATIVO ENV-09-09-1418-24."
CO1.REQ.10784749,HUHMP-CTO-216-2026,90,Licitación Abierta (En Ofertas),Oportunidad de Alianza / Cotización,Tecnología & Equipos de Cómputo,software,"$3,600,000,000 COP",E.S.E. HOSPITAL UNIVERSITARIO HERNANDO MONCALEANO PERDOMO DE NEIVA,Huila,Neiva,Contratación régimen especial,No Definido,No Definido,Compartir la oportunidad con clientes aliados para que presenten oferta incluyendo nuestros suministros.,https://community.secop.gov.co/Public/Tendering/OpportunityDetail/Index?noticeUID=CO1.NTC.10638390,"ACTUALIZACIÓN, IMPLEMENTACIÓN, IMPLEMENTACIÓN, PRODUCCIÓN E INTEGRACIÓN CON SISTEMAS EXISTENTES DE UN SOFTWARE CLINICO, FINANCIERO Y ADMINISTRATIVO INTEGRADO, ADEMAS EL SOPORTE NIVEL 3 Y MANTENIMIENTO DEL SOFTWARE, PARA LA E.S.E. HOSPITAL UNIVERSITAR"
CO1.REQ.11154289,CO-029-2026,90,Licitación Abierta (En Ofertas),Oportunidad de Alianza / Cotización,Construcción & Obra Civil General,pavimento rigido,"$3,598,601,336 COP",EMPRESA DE DESARROLLO URBANO DE ANDES - EDUAN,Antioquia,Andes,Contratación régimen especial,ALVAREZ & ACOSTA ASOCIADOS S.A.S ZOMAC,No Definido,Compartir la oportunidad con clientes aliados para que presenten oferta incluyendo nuestros suministros.,https://community.secop.gov.co/Public/Tendering/OpportunityDetail/Index?noticeUID=CO1.NTC.11008469,"CONSTRUCCION DE PAVIMENTO RIGIDO EN LA VIA QUE ATRAVIESA LOS BARRIOS LA YE, LA ENVIDIA Y EL FERRY, EN EL MUNICIPIO DE CAUCASIA, ANTIOQUIA, Identificado con ID
1801984"
CO1.REQ.10936547,SASI015-2026 (Presentación de oferta),90,Adjudicado (Contratista Seleccionado),Lead B2B de Venta Directa,"Dotación, Uniformes & Mobiliario","dotación de calzado, vestido de labor","$3,421,952,850 COP",GOBERNACION DE NARIÑO,Nariño,Pasto,Selección abreviada subasta inversa,INVERSIONES SARHEM DE COLOMBIA SAS,830119276,Contactar al contratista ganador/consorcio para ofrecer suministro y cotización inmediata.,https://community.secop.gov.co/Public/Tendering/OpportunityDetail/Index?noticeUID=CO1.NTC.10789896,"SUMINISTRO DE TARJETAS ELECTRÓNICAS RECARGABLES Y
REDIMIBLES PARA DAR CUMPLIMIENTO CON LA DOTACIÓN DE CALZADO Y
VESTIDO DE LABOR PARA LOS FUNCIONARIOS PÚBLICOS DOCENTES Y
ADMINISTRATIVOS DE PLANTA DE CARGOS DE LA SECRETARÍA DE EDUCACIÓN
DEPARTAMENTAL"
CO1.REQ.11171789,CO-030-2026,90,Licitación Abierta (En Ofertas),Oportunidad de Alianza / Cotización,Construcción & Obra Civil General,obras complementarias,"$3,300,705,319 COP",EMPRESA DE DESARROLLO URBANO DE ANDES - EDUAN,Antioquia,Andes,Contratación régimen especial,VAMA SOLUCIONES S.A.S,No Definido,Compartir la oportunidad con clientes aliados para que presenten oferta incluyendo nuestros suministros.,https://community.secop.gov.co/Public/Tendering/OpportunityDetail/Index?noticeUID=CO1.NTC.11026640,"CONSTRUCCION DE PAVIMENTO EN CONCRETO RIGIDO Y OBRAS COMPLEMENTARIAS EN BARRIOS PUEBLO NUEVO, TRIANGULO, ASOVIVIENDA, BUENOS AIRES, EL BOSQUE Y
LAS GAVIOTAS MUNICIPIO DE CAUCASIA, ANTIOQUIA,Identificado con ID 1800721"
CO1.REQ.11025393,EMPUGI-LOP-0001 DE 2026,90,Licitación Abierta (En Ofertas),Oportunidad de Alianza / Cotización,"Construcción & Obra Civil General, Agua Potable & Saneamiento","aguas residuales, tratamiento de aguas, alcantarillado","$3,299,716,855 COP",EMPUGIGANTE S.A. E.S.P.,Huila,Gigante,Licitación pública Obra Publica,No Definido,No Definido,Compartir la oportunidad con clientes aliados para que presenten oferta incluyendo nuestros suministros.,https://community.secop.gov.co/Public/Tendering/OpportunityDetail/Index?noticeUID=CO1.NTC.10880743,CONSTRUCCIÓN DE ALCANTARILLADO Y SISTEMAS DE TRATAMIENTO DE AGUAS RESIDUALES DOMESTICAS EN EL CENTRO POBLADO RÍOLORO
CO1.REQ.10830474,CHQ-ESAL-007-2026,90,Adjudicado (Contratista Seleccionado),Lead B2B de Venta Directa,Alimentación Escolar (PAE),"pae, alimentación escolar","$3,243,145,832 COP",MUNICIPIO DE CHIQUINQUIRA+,Boyacá,Chiquinquirá,Contratación régimen especial (con ofertas),FUNDACION COLOMBIA EMPRENDE V. I.,900493853,Contactar al contratista ganador/consorcio para ofrecer suministro y cotización inmediata.,https://community.secop.gov.co/Public/Tendering/OpportunityDetail/Index?noticeUID=CO1.NTC.10685029,"AUNAR ESFUERZOS TÉCNICOS, ADMINISTRATIVOS Y FINANCIEROS EN LA IMPLEMENTACIÓN Y EJECUCIÓN DEL PROGRAMA DE ALIMENTACIÓN ESCOLAR PAE, PARA LOS ESTUDIANTES MATRICULADOS EN LAS INSTITUCIONES EDUCATIVAS OFICIALES DEL MUNICIPIO DE CHIQUINQUIRA DURANTE EL SE"
CO1.REQ.10798125,CD-GB-2655-2026,90,Adjudicado (Contratista Seleccionado),Lead B2B de Venta Directa,Alimentación Escolar (PAE),"pae, alimentación escolar","$3,243,145,832 COP",GOBERNACIÓN DE BOYACÁ,Boyacá,Tunja,Contratación Directa (con ofertas),MUNICIPIO DE CHIQUINQUIRA+,891800475,Contactar al contratista ganador/consorcio para ofrecer suministro y cotización inmediata.,https://community.secop.gov.co/Public/Tendering/OpportunityDetail/Index?noticeUID=CO1.NTC.10651944,"AUNAR ESFUERZOS TÉCNICOS, ADMINISTRATIVOS Y FINANCIEROS EN LA IMPLEMENTACIÓN Y EJECUCIÓN DEL PROGRAMA DE ALIMENTACIÓN ESCOLAR PAE, ENTRE EL DEPARTAMENTO DE BOYACÁ Y EL MUNICIPIO DE CHIQUINQUIRA, PARA GARANTIZAR EL PROGRAMA DE ALIMENTACIÓN ESCOLAR  PA"
CO1.REQ.10805869,CD-GB-2682-2026,90,Adjudicado (Contratista Seleccionado),Lead B2B de Venta Directa,Alimentación Escolar (PAE),"pae, alimentación escolar","$3,235,020,092 COP",GOBERNACIÓN DE BOYACÁ,Boyacá,Tunja,Contratación Directa (con ofertas),ALCALDIA MUNICIPAL DE PUERTO BOYACA - BOYACA,891800466,Contactar al contratista ganador/consorcio para ofrecer suministro y cotización inmediata.,https://community.secop.gov.co/Public/Tendering/OpportunityDetail/Index?noticeUID=CO1.NTC.10659820,"AUNAR ESFUERZOS TÉCNICOS, ADMINISTRATIVOS Y FINANCIEROS EN LA IMPLEMENTACIÓN Y EJECUCIÓN DEL PROGRAMA DE ALIMENTACIÓN ESCOLAR PAE, ENTRE EL DEPARTAMENTO DE BOYACÁ Y EL MUNICIPIO DE PUERTO BOYACA, PARA GARANTIZAR EL PROGRAMA DE ALIMENTACIÓN ESCOLAR  P"
CO1.REQ.10701666,MD-SGR-CDO-026-2026,90,Licitación Abierta (En Ofertas),Oportunidad de Alianza / Cotización,"Construcción & Obra Civil General, Agua Potable & Saneamiento",acueducto,"$3,234,775,657 COP",EMPRESA DE DESARROLLO TERRITORIAL MASDESARROLLO,Chocó,Lloró,Contratación régimen especial,No Definido,No Definido,Compartir la oportunidad con clientes aliados para que presenten oferta incluyendo nuestros suministros.,https://community.secop.gov.co/Public/Tendering/OpportunityDetail/Index?noticeUID=CO1.NTC.10555974,"CONSTRUCCIÓN, MEJORAMIENTO Y OPTIMIZACIÓN DEL SISTEMA DE ACUEDUCTO MUNICIPAL DE CAPITANEJO, SANTANDER."
CO1.REQ.11034299,ESAL-002-2026-2,90,Adjudicado (Contratista Seleccionado),Lead B2B de Venta Directa,Alimentación Escolar (PAE),"pae, alimentación escolar","$3,149,207,403 COP",ALCALDIA DE CAUCASIA,Antioquia,Caucasia,Contratación régimen especial (con ofertas),FUNDACION PROTEGER,900242855,Contactar al contratista ganador/consorcio para ofrecer suministro y cotización inmediata.,https://community.secop.gov.co/Public/Tendering/OpportunityDetail/Index?noticeUID=CO1.NTC.10888480,"PRESTACIÓN DE SERVICIOS PARA LA IMPLEMENTACIÓN DEL PROGRAMA DE
ALIMENTACIÓN ESCOLAR PAE-, PARA LOS NIÑOS, NIÑAS Y ADOLESCENTES DE LA 
MATRICULA OFICIAL DEL MUNICIPIO DE CAUCASIA - ANTIOQUIA, PARA LA VIGENCIA
2026-2"
CO1.REQ.11161230,LP-013-2026,90,Licitación Abierta (En Ofertas),Oportunidad de Alianza / Cotización,Construcción & Obra Civil General,obras complementarias,"$3,019,835,360 COP",CUNDINAMARCA-ALCALDIA MUNICIPIO MOSQUERA,Cundinamarca,Mosquera,Licitación pública Obra Publica,No Definido,No Definido,Compartir la oportunidad con clientes aliados para que presenten oferta incluyendo nuestros suministros.,https://community.secop.gov.co/Public/Tendering/OpportunityDetail/Index?noticeUID=CO1.NTC.11016005,"REHABILITACIÓN Y/O MEJORAMIENTO Y/O RECONSTRUCCIÓN DE VÍAS URBANAS, ESPACIO PÚBLICO Y OBRAS COMPLEMENTARIAS EN EL MUNICIPIO DE MOSQUERA, CUNDINAMARCA."
CO1.REQ.11150067,CM-PDA-026-2026,90,Licitación Abierta (En Ofertas),Oportunidad de Alianza / Cotización,Interventoría & Consultoría,interventoría integral,"$2,873,003,842 COP",EMPRESAS PÚBLICAS DE CUNDINAMARCA S.A. E.S.P.,Distrito Capital de Bogotá,Bogotá,Concurso de méritos abierto,No Definido,No Definido,Compartir la oportunidad con clientes aliados para que presenten oferta incluyendo nuestros suministros.,https://community.secop.gov.co/Public/Tendering/OpportunityDetail/Index?noticeUID=CO1.NTC.11005408,INTERVENTORÍA INTEGRAL A LA CONSTRUCCIÓN DE OBRAS DE ACUEDUCTO Y ALCANTARILLADO EN EL DEPARTAMENTO DE CUNDINAMARCA (GRUPO No 1 Y GRUPO No 2) LOTES
CO1.REQ.11005582,029-2026-OC,90,Licitación Abierta (En Ofertas),Oportunidad de Alianza / Cotización,"Construcción & Obra Civil General, Agua Potable & Saneamiento","aguas residuales, obras complementarias, alcantarillado","$2,832,666,960 COP",EMPRESA DE DESARROLLO SOSTENIBLE,Antioquia,Rionegro,Contratación régimen especial,No Definido,No Definido,Compartir la oportunidad con clientes aliados para que presenten oferta incluyendo nuestros suministros.,https://community.secop.gov.co/Public/Tendering/OpportunityDetail/Index?noticeUID=CO1.NTC.10859782,"EJECUCIÓN DE OBRAS COMPLEMENTARIAS PARA LA PUESTA EN FUNCIONAMIENTO DEL COLECTOR DE AGUAS RESIDUALES MARGEN IZQUIERDA A LA QUEBRADA CIMARRONAS, REDES DE IMPULSIÓN, TRANSPORTE Y RECOLECCIÓN, ESTACIÓN DE BOMBEO DE AGUA RESIDUAL EBAR Y DEMÁS OBRAS NECES"
CO1.REQ.10552241,Invitacion Cerrada EAV IC 001 2026,90,Licitación Abierta (En Ofertas),Oportunidad de Alianza / Cotización,"Agua Potable & Saneamiento, Interventoría & Consultoría","ptar, tratamiento de aguas, planta de tratamiento, aguas residuales, interventoría técnica, alcantarillado","$2,728,805,006 COP",PATRIMONIO AUTONOMO FONDO MINIGUALDAD,Distrito Capital de Bogotá,Bogotá,Contratación régimen especial,INTERVENTORIA Y CONSTRUCCIONES PARRA SAS,901193215,Compartir la oportunidad con clientes aliados para que presenten oferta incluyendo nuestros suministros.,https://community.secop.gov.co/Public/Tendering/OpportunityDetail/Index?noticeUID=CO1.NTC.10408527,"Interventoría técnica, administrativa, financiera, contable, ambiental, social y jurídica del contrato de obra que tiene por objeto: Realizar la construcción de la obra para el sistema de alcantarillado y planta de tratamiento de aguas residuales PTA"
CO1.REQ.11129249,CAR-CM-010-2026,90,Licitación Abierta (En Ofertas),Oportunidad de Alianza / Cotización,Interventoría & Consultoría,interventoría técnica,"$2,726,342,837 COP",CORPORACION AUTONOMA REGIONAL DE CUNDINAMARCA - CAR.,Distrito Capital de Bogotá,No Definido,Concurso de méritos abierto,No Definido,No Definido,Compartir la oportunidad con clientes aliados para que presenten oferta incluyendo nuestros suministros.,https://community.secop.gov.co/Public/Tendering/OpportunityDetail/Index?noticeUID=CO1.NTC.10998834,"REALIZAR LA INTERVENTORÍA TÉCNICA, ADMINISTRATIVA, FINANCIERA, CONTABLE, JURÍDICA Y AMBIENTAL AL CONTRATO CUYO OBJETO ES: IMPLEMENTACIÓN DE ESTRATEGIAS DE RESTAURACIÓN ECOLÓGICA CON ENFOQUE PARTICIPATIVO, ORIENTADAS A LA GESTIÓN SOSTENIBLE DE LOS ECO"
CO1.REQ.11173789,ICCU-CM-053-2026,90,Licitación Abierta (En Ofertas),Oportunidad de Alianza / Cotización,Interventoría & Consultoría,interventoría técnica,"$2,716,066,796 COP",INSTITUTO DE CAMINOS Y CONSTRUCCIONES DE CUNDINAMARCA - ICCU,Distrito Capital de Bogotá,Bogotá,Concurso de méritos abierto,No Definido,No Definido,Compartir la oportunidad con clientes aliados para que presenten oferta incluyendo nuestros suministros.,https://community.secop.gov.co/Public/Tendering/OpportunityDetail/Index?noticeUID=CO1.NTC.11031607,"INTERVENTORÍA TÉCNICA, ADMINISTRATIVA, FINANCIERA, AMBIENTAL Y LEGAL AL PROYECTO  MEJORAMIENTO Y REHABILITACION DE LA VÍA TRONCAL DEL TURISMO, EN EL TRAMO LA MARIA - TOBIA - PASO EL REJO - NIMAIMA - NOCAIMA, EN EL DEPARTAMENTO DE CUNDINAMARCA"
CO1.REQ.11153535,CW396800,90,Licitación Abierta (En Ofertas),Oportunidad de Alianza / Cotización,Construcción & Obra Civil General,obras civiles,"$2,673,850,953 COP",Central Hidoreléctrica de Caldas S.A E.S.P BIC,Caldas,Manizales,Contratación régimen especial,No Definido,No Definido,Compartir la oportunidad con clientes aliados para que presenten oferta incluyendo nuestros suministros.,https://community.secop.gov.co/Public/Tendering/OpportunityDetail/Index?noticeUID=CO1.NTC.11008240,No definido
CO1.REQ.11171797,No. OB-043-2026,90,Licitación Abierta (En Ofertas),Oportunidad de Alianza / Cotización,Construcción & Obra Civil General,pavimento rígido,"$2,457,841,217 COP",FONER,Valle del Cauca,Cali,Contratación régimen especial,INGENIERIA DE PROYECTOS STANFORD SAS,No Definido,Compartir la oportunidad con clientes aliados para que presenten oferta incluyendo nuestros suministros.,https://community.secop.gov.co/Public/Tendering/OpportunityDetail/Index?noticeUID=CO1.NTC.11026684,"CONSTRUCCIÓN DE PAVIMENTO RÍGIDO EN LAS CALLES: 18 DE MAYO Y LOS ESTUDIANTES EN EL MUNICIPIO DE MAGÜÍ, NARIÑO, IDENTIFICADO CON CÓDIGO BPIN NO. 202600000019658"
CO1.REQ.11144674,302-CD-2026,90,Licitación Abierta (En Ofertas),Oportunidad de Alianza / Cotización,Construcción & Obra Civil General,"malla vial, pavimento rígido","$2,430,942,774 COP",EMPRESA DE DESARROLLO URBANO Y RURAL DEL MUNICIPIO DE BELLO,Antioquia,Bello,Contratación régimen especial,GEOPACIFICO,901857052,Compartir la oportunidad con clientes aliados para que presenten oferta incluyendo nuestros suministros.,https://community.secop.gov.co/Public/Tendering/OpportunityDetail/Index?noticeUID=CO1.NTC.10999568,"EJECUCION, MANTENIMIENTO, ADECUACIÓN Y REHABILITACIÓN DE LA MALLA VIAL URBANA PRIORIZADA EN PAVIMENTO RÍGIDO (CONCRETO HIDRÁULICO) Y DE LA
RED VIAL URBANA Y RURAL EN AFIRMADO EN EL MUNICIPIO DE QUIBDÓ - CHOCÓ, DE CONFORMIDAD CON LAS ESPECIFICACIONES "
CO1.REQ.11150283,LP-009-2026,90,Licitación Abierta (En Ofertas),Oportunidad de Alianza / Cotización,Construcción & Obra Civil General,pavimento rígido,"$2,362,310,003 COP",MUNICIPIO DE CERETE,Córdoba,Cereté,Licitación pública Obra Publica,No Definido,No Definido,Compartir la oportunidad con clientes aliados para que presenten oferta incluyendo nuestros suministros.,https://community.secop.gov.co/Public/Tendering/OpportunityDetail/Index?noticeUID=CO1.NTC.11005234,"CONSTRUCCIÓN DE PAVIMENTO RÍGIDO EN LOS DIFERENTES SECTORES DE LA ZONA URBANA DEL MUNICIPIO DE CERETÉ, DEPARTAMENTO DE CÓRDOBA"
CO1.REQ.10760743,OBR-SMC-011-2026,90,Licitación Abierta (En Ofertas),Oportunidad de Alianza / Cotización,"Construcción & Obra Civil General, Agua Potable & Saneamiento","pavimento rígido, alcantarillado, mejoramiento de vías","$2,133,998,959 COP",FOMCOLOMBIA,Santander,Bucaramanga,Contratación régimen especial,No Definido,No Definido,Compartir la oportunidad con clientes aliados para que presenten oferta incluyendo nuestros suministros.,https://community.secop.gov.co/Public/Tendering/OpportunityDetail/Index?noticeUID=CO1.NTC.10645841,"MEJORAMIENTO DE VÍAS URBANAS A TRAVÉS DE PAVIMENTO RÍGIDO, ALCANTARILLADO SANITARIO Y PLUVIAL EN EL MUNICIPIO DE ZETAQUIRA, BOYACÁ"
CO1.REQ.11148346,GOB-AMA-SI-0065-2026,90,Licitación Abierta (En Ofertas),Oportunidad de Alianza / Cotización,"Dotación, Uniformes & Mobiliario","dotación de calzado, vestido de labor, calzado y vestido","$2,123,703,000 COP",GOBERNACION DEL AMAZONAS,Amazonas,Leticia,Selección abreviada subasta inversa,No Definido,No Definido,Compartir la oportunidad con clientes aliados para que presenten oferta incluyendo nuestros suministros.,https://community.secop.gov.co/Public/Tendering/OpportunityDetail/Index?noticeUID=CO1.NTC.11004001,"SUMINISTRO DE LA DOTACIÓN DE CALZADO Y VESTIDO DE LABOR PARA LOS SERVIDORES QUE SE ENCUENTREN EN LAS CONDICIONES ESTIPULADAS POR EL ARTÍCULO 1º DE LA LEY 70 DE 1988 Y EL DECRETO 1978 DE 1989, MEDIANTE LA ENTREGA DE BONOS REDIMIBLES"
CO1.REQ.11134980,LP-002-2026 (Fase de Selección (Presentación de ofertas)),90,Licitación Abierta (En Ofertas),Oportunidad de Alianza / Cotización,Construcción & Obra Civil General,obras complementarias,"$2,112,690,479 COP",IDUVI,Cundinamarca,Chía,Licitación pública Obra Publica,No Definido,No Definido,Compartir la oportunidad con clientes aliados para que presenten oferta incluyendo nuestros suministros.,https://community.secop.gov.co/Public/Tendering/OpportunityDetail/Index?noticeUID=CO1.NTC.10990075,"CONSTRUCCIÓN, ADECUACIÓN Y MANTENIMIENTO DE CERRAMIENTOS Y OBRAS COMPLEMENTARIAS EN LOS PREDIOS DE IMPORTANCIA ESTRATEGICA HIDRICA Y AMBIENTAL DEL MUNICIPIO DE CHÍA CUNDINAMARCA."
CO1.REQ.11141444,CAR-CM-009-2026,90,Licitación Abierta (En Ofertas),Oportunidad de Alianza / Cotización,Interventoría & Consultoría,interventoría técnica,"$2,083,327,443 COP",CORPORACION AUTONOMA REGIONAL DE CUNDINAMARCA - CAR.,Distrito Capital de Bogotá,No Definido,Concurso de méritos abierto,No Definido,No Definido,Compartir la oportunidad con clientes aliados para que presenten oferta incluyendo nuestros suministros.,https://community.secop.gov.co/Public/Tendering/OpportunityDetail/Index?noticeUID=CO1.NTC.10998767,"REALIZAR LA INTERVENTORÍA TÉCNICA, ADMINISTRATIVA, FINANCIERA, CONTABLE, JURÍDICA Y AMBIENTAL AL CONTRATO CUYO OBJETO ES: EJECUTAR ESTRATEGIAS DE REHABILITACIÓN Y REVEGETALIZACIÓN EN ÁREAS CON PRESENCIA DE ESPECIES PIONERAS COLONIZADORAS, EN LA RESER"
CO1.REQ.11162505,CW400161,90,Licitación Abierta (En Ofertas),Oportunidad de Alianza / Cotización,Construcción & Obra Civil General,obras civiles,"$2,064,302,346 COP",EMPRESAS PUBLICAS DE MEDELLIN E.S.P.,Antioquia,Medellín,Contratación régimen especial,No Definido,No Definido,Compartir la oportunidad con clientes aliados para que presenten oferta incluyendo nuestros suministros.,https://community.secop.gov.co/Public/Tendering/OpportunityDetail/Index?noticeUID=CO1.NTC.11016844,Obras civiles para subestación La Sierra 110kV y subestaciones de EPM en la subregión del Magdalena Medio Antioqueño
CO1.REQ.10945218,LP-004-2026,90,Licitación Abierta (En Ofertas),Oportunidad de Alianza / Cotización,Construcción & Obra Civil General,,"$2,031,876,712 COP",ESCUELA TALLER CARTAGENA DE INDIAS,No Definido,No Definido,Licitación pública Obra Publica,No Definido,No Definido,Compartir la oportunidad con clientes aliados para que presenten oferta incluyendo nuestros suministros.,https://community.secop.gov.co/Public/Tendering/OpportunityDetail/Index?noticeUID=CO1.NTC.10804136,"CONTRATAR EL SUMINISTRO E INSTALACIÓN DE LOS SISTEMAS DE ILUMINACIÓN, ELECTROACÚSTICA, INSTALACIONES ELÉCTRICAS, EXTINCIÓN DE INCENDIOS, DETECCIÓN DE INCENDIOS, SEGURIDAD Y CONTROL CCTV, PARA LA SALA MUSEO DE CIFORT CENTRO DE INTERPRETACIÓN FORTIFICA"
CO1.REQ.10626794,OB-024-2026,90,Licitación Abierta (En Ofertas),Oportunidad de Alianza / Cotización,"Construcción & Obra Civil General, Agua Potable & Saneamiento",alcantarillado,"$2,027,567,393 COP",FONDO MIXTO DE ETNOCULTURA Y DESARROLLO SOCIAL -FONPACIFICO,Distrito Capital de Bogotá,Bogotá,Contratación régimen especial,No Definido,No Definido,Compartir la oportunidad con clientes aliados para que presenten oferta incluyendo nuestros suministros.,https://community.secop.gov.co/Public/Tendering/OpportunityDetail/Index?noticeUID=CO1.NTC.10482143,"AMPLIACION DE ALCANTARILLADO SANITARIO EN LA VEREDA SAN MARCOS DEL MUNICIPIO DE ACEVEDO, HUILA"
CO1.REQ.11168086,SI-CMA-011-2026 (Presentación de oferta),90,Licitación Abierta (En Ofertas),Oportunidad de Alianza / Cotización,Interventoría & Consultoría,interventoría técnica,"$1,996,615,616 COP",DEPARTAMENTO DE CORDOBA,Córdoba,Montería,Concurso de méritos abierto,No Definido,No Definido,Compartir la oportunidad con clientes aliados para que presenten oferta incluyendo nuestros suministros.,https://community.secop.gov.co/Public/Tendering/OpportunityDetail/Index?noticeUID=CO1.NTC.11023927,"INTERVENTORÍA TÉCNICA, ADMINISTRATIVA, FINANCIERA, CONTABLE Y JURÍDICA AL PROYECTO CUYO OBJETO ES:  CONSTRUCCIÓN DE INSTITUCIÓN EDUCATIVA ÁLVARO ULCUE CHOCUE EN EL MUNICIPIO DE TUCHÍN - CÓRDOBA"
CO1.REQ.10921149,ESAL MP 011 2026,90,Adjudicado (Contratista Seleccionado),Lead B2B de Venta Directa,Alimentación Escolar (PAE),"pae, alimentación escolar","$1,986,985,290 COP",MUNICIPIO DE PAIPA,Boyacá,No Definido,Contratación régimen especial (con ofertas),FUNDACION SOMOS MANOS UNIDAS,900402667,Contactar al contratista ganador/consorcio para ofrecer suministro y cotización inmediata.,https://community.secop.gov.co/Public/Tendering/OpportunityDetail/Index?noticeUID=CO1.NTC.10777442,"AUNAR ESFUERZOS TECNICOS ADMINSTRATIVOS Y FINANCIEROS EN LA IMPLEMENTACIÓN Y EJECUCIÓN DEL PROGRAMA DE ALIMENTACIÓN ESCOLAR - PAE, PARA LOS ESTUDIANTES MATRICULADOS EN LAS INSTITUCIONES EDUCATIVAS OFICIALES DEL MUNICIPIO DE PAIPA DURANTE EL SEGUNDO S"
CO1.REQ.10805748,CD-GB-2680-2026,90,Adjudicado (Contratista Seleccionado),Lead B2B de Venta Directa,Alimentación Escolar (PAE),"pae, alimentación escolar","$1,986,985,290 COP",GOBERNACIÓN DE BOYACÁ,Boyacá,Tunja,Contratación Directa (con ofertas),MUNICIPIO DE PAIPA,891801240,Contactar al contratista ganador/consorcio para ofrecer suministro y cotización inmediata.,https://community.secop.gov.co/Public/Tendering/OpportunityDetail/Index?noticeUID=CO1.NTC.10658876,"AUNAR ESFUERZOS TÉCNICOS, ADMINISTRATIVOS Y FINANCIEROS EN LA IMPLEMENTACIÓN Y EJECUCIÓN DEL PROGRAMA DE ALIMENTACIÓN ESCOLAR PAE, ENTRE EL DEPARTAMENTO DE BOYACÁ Y EL MUNICIPIO DE PAIPA, PARA GARANTIZAR EL PROGRAMA DE ALIMENTACIÓN ESCOLAR  PAE, DURA"
CO1.REQ.11144622,LP-003-2026,90,Licitación Abierta (En Ofertas),Oportunidad de Alianza / Cotización,Construcción & Obra Civil General,obras complementarias,"$1,968,619,977 COP",IDUVI,Cundinamarca,Chía,Licitación pública Obra Publica,No Definido,No Definido,Compartir la oportunidad con clientes aliados para que presenten oferta incluyendo nuestros suministros.,https://community.secop.gov.co/Public/Tendering/OpportunityDetail/Index?noticeUID=CO1.NTC.11000167,"CONTRATAR LA EJECUCIÓN DE LAS OBRAS DE MANTENIMIENTO, MEJORAMIENTO, ADECUACIÓN Y OBRAS COMPLEMENTARIAS EN ESPACIOS DE USO COMUNAL DEL MUNICIPIO DE CHÍA CUNDINAMARCA"
CO1.REQ.10711000,009351C-26,90,Licitación Abierta (En Ofertas),Oportunidad de Alianza / Cotización,"Construcción & Obra Civil General, Interventoría & Consultoría","obras civiles, interventoria integral","$1,942,646,507 COP",EMPRESA DE TRANSPORTE MASIVO DEL VALLE DE ABURRA LTDA,Antioquia,Bello,Contratación régimen especial,No Definido,No Definido,Compartir la oportunidad con clientes aliados para que presenten oferta incluyendo nuestros suministros.,https://community.secop.gov.co/Public/Tendering/OpportunityDetail/Index?noticeUID=CO1.NTC.10567329,"Interventoria integral al contrato de diseño, intervención y obras civiles de protección para la estabilización y salvaguarda de la banca de la vía férrea, las estructuras de contención y la infraestructura asociada del sistema férreo del valle de ab"
CO1.REQ.10642299,IP011-2026,90,Licitación Abierta (En Ofertas),Oportunidad de Alianza / Cotización,"Construcción & Obra Civil General, Agua Potable & Saneamiento","acueducto, obras complementarias, alcantarillado","$1,929,763,491 COP",EMPRESA DE DESARROLLO TERRITORIAL DE DON MATIAS,Antioquia,Don Matías,Contratación régimen especial,No Definido,No Definido,Compartir la oportunidad con clientes aliados para que presenten oferta incluyendo nuestros suministros.,https://community.secop.gov.co/Public/Tendering/OpportunityDetail/Index?noticeUID=CO1.NTC.10497437,"OBRAS DE REPOSICIÓN DE REDES DE ACUEDUCTO, ALCANTARILLADO Y OBRASCOMPLEMENTARIAS, EN VÍAS DEL ÁREA URBANA DEL MUNICIPIO DE JARDÍN  ANTIOQUIA."
CO1.REQ.10918173,CA-005-2026,90,Adjudicado (Contratista Seleccionado),Lead B2B de Venta Directa,Alimentación Escolar (PAE),"pae, alimentación escolar","$1,904,857,251 COP",MUNICIPIO DE TARAZA+,Antioquia,Tarazá,Contratación régimen especial (con ofertas),FUNDACION PROTEGER,900242855,Contactar al contratista ganador/consorcio para ofrecer suministro y cotización inmediata.,https://community.secop.gov.co/Public/Tendering/OpportunityDetail/Index?noticeUID=CO1.NTC.10772393,"INTEGRAR ESFUERZOS INSTITUCIONALES, TÉCNICOS, ADMINSITRATIVOS Y FINACIEROS PARA LA GARANTÍA DEL DESARECHO A LA EDUCACIÓN A TRAVÉS DEL DESARROLLO DEL PROGRAMA DE ALIMENTACIÓN ESCOLAR-PAE-DIRIGIDO A LOS ÑIÑOS, NIÑAS, ADOLESCENTES Y JÓVENES CON MATRICUL"
CO1.REQ.11124047,SCC-058-2026,90,Licitación Abierta (En Ofertas),Oportunidad de Alianza / Cotización,Construcción & Obra Civil General,adecuación de infraestructura,"$1,850,652,354 COP",EMPRESA INDUSTRIAL Y COMERCIAL DEL ESTADO AREA METROPOLITANA DE VALLEDUPAR E.I.C.E. AMV,Cesar,Valledupar,Contratación régimen especial,No Definido,No Definido,Compartir la oportunidad con clientes aliados para que presenten oferta incluyendo nuestros suministros.,https://community.secop.gov.co/Public/Tendering/OpportunityDetail/Index?noticeUID=CO1.NTC.10978366,"ADECUACIÓN DE INFRAESTRUCTURA PARA LA ATENCIÓN EN SERVICIOS DE SALUD DEL HOSPITAL LÁZARO ALFONSO HERNÁNDEZ LARA DEL MUNICIPIO DE SAN ALBERTO, CESAR."
CO1.REQ.11156438,LP-CARDIQUE-013-2026,90,Licitación Abierta (En Ofertas),Oportunidad de Alianza / Cotización,"Construcción & Obra Civil General, Energía Solar & Alumbrado Público","energia solar, fotovoltaica","$1,824,153,708 COP",CORPORACIÓN AUTÓNOMA REGIONAL DEL CANAL DEL DIQUE,Bolívar,Cartagena,Licitación pública Obra Publica,No Definido,No Definido,Compartir la oportunidad con clientes aliados para que presenten oferta incluyendo nuestros suministros.,https://community.secop.gov.co/Public/Tendering/OpportunityDetail/Index?noticeUID=CO1.NTC.11020586,"CONTRATAR LAS OBRAS PARA LA CONSTRUCCIÓN Y PUESTA EN MARCHA DE VIVEROS FORESTALES, CON UN SISTEMA DE BOMBEO SOSTENIBLE ABASTECIDO DE ENERGIA SOLAR FOTOVOLTAICA Y SISTEMA DE IOT PARA AUTOMATIZACION DEL SISTEMA DE RIEGO MEDIANTE DE DISPOSITIVOS MOVILES"
CO1.REQ.10900435,IP012-2026,90,Licitación Abierta (En Ofertas),Oportunidad de Alianza / Cotización,"Construcción & Obra Civil General, Agua Potable & Saneamiento","acueducto, obras complementarias, alcantarillado","$1,796,323,466 COP",EMPRESA DE DESARROLLO TERRITORIAL DE DON MATIAS,Antioquia,Don Matías,Contratación régimen especial,No Definido,No Definido,Compartir la oportunidad con clientes aliados para que presenten oferta incluyendo nuestros suministros.,https://community.secop.gov.co/Public/Tendering/OpportunityDetail/Index?noticeUID=CO1.NTC.10754399,"REPOSICIÓN DE REDES DE ACUEDUCTO, ALCANTARILLADO Y OBRAS COMPLEMENTARIAS FASE 1 DEL MUNICIPIO DE ABEJORRAL."
CO1.REQ.11132076,LIC0809-2026 (Fase de Selección (Presentación de ofertas)),90,Licitación Abierta (En Ofertas),Oportunidad de Alianza / Cotización,"Construcción & Obra Civil General, Acero & Metalmecánica","reforzamiento estructural, obras complementarias","$1,765,887,852 COP",CORPORACION AUTONOMA REGIONAL DE LA FRONTERA NORORIENTAL+,Norte de Santander,Cúcuta,Licitación pública Obra Publica,No Definido,No Definido,Compartir la oportunidad con clientes aliados para que presenten oferta incluyendo nuestros suministros.,https://community.secop.gov.co/Public/Tendering/OpportunityDetail/Index?noticeUID=CO1.NTC.10991560,"DIAGNÓSTICO Y EJECUCIÓN DE LAS OBRAS DE MANTENIMIENTO Y REFORZAMIENTO ESTRUCTURAL DE LA CUBIERTA, ASÍ COMO LA CONSTRUCCIÓN DE LA CAFETERÍA Y OBRAS COMPLEMENTARIAS, EN LA SEDE DE LA CORPORACIÓN AUTÓNOMA REGIONAL DE LA FRONTERA NORORIENTAL  CORPONOR, M"
CO1.REQ.11123230,OBR-SCC-VUP-014-2026,90,Licitación Abierta (En Ofertas),Oportunidad de Alianza / Cotización,Construcción & Obra Civil General,pavimento rígido,"$1,746,023,604 COP","FONCOLOMBIA, FONDO MIXTO PARA EL DESARROLLO INTEGRAL Y LA GESTION SOCIAL DE COLOMBIA",Santander,Bucaramanga,Contratación régimen especial,No Definido,No Definido,Compartir la oportunidad con clientes aliados para que presenten oferta incluyendo nuestros suministros.,https://community.secop.gov.co/Public/Tendering/OpportunityDetail/Index?noticeUID=CO1.NTC.10977917,CONSTRUCCIÓN DE PAVIMENTO RÍGIDO EN VIAS URBANAS DEL MUNICIPIO DE MORALES DEPARTAMENTO DE BOLÍVAR
CO1.REQ.11100022,330-331-23.18-115 DE 2026,90,Licitación Abierta (En Ofertas),Oportunidad de Alianza / Cotización,Energía Solar & Alumbrado Público,"alumbrado público, luminarias led","$1,722,861,969 COP",SERVICIO PUBLICO DE ALUMBRADO DE PASTO S.A. - SEPAL S.A.,Nariño,Pasto,Contratación régimen especial,M&O DISTRIBUCIONES Y TECNOLOGIA S.A.S.,900968536,Compartir la oportunidad con clientes aliados para que presenten oferta incluyendo nuestros suministros.,https://community.secop.gov.co/Public/Tendering/OpportunityDetail/Index?noticeUID=CO1.NTC.10955748,"SUMINISTRO DE LUMINARIAS LED PARA ALUMBRADO
PÚBLICO DEL MUNICIPIO DE PASTO DE POTENCIA
MÁXIMA 46W - 52W."
CO1.REQ.10623893,INVITACIÓN PÚBLICA 005-2026,90,Licitación Abierta (En Ofertas),Oportunidad de Alianza / Cotización,"Construcción & Obra Civil General, Energía Solar & Alumbrado Público","fotovoltaica, energía solar, alumbrado público","$1,685,023,146 COP",EMPRESA DE SERVICIOS PUBLICOS DE TAME,Arauca,Tame,Contratación régimen especial,No Definido,No Definido,Compartir la oportunidad con clientes aliados para que presenten oferta incluyendo nuestros suministros.,https://community.secop.gov.co/Public/Tendering/OpportunityDetail/Index?noticeUID=CO1.NTC.10479341,"CONSTRUCCIÓN DE SISTEMAS DE ENERGÍA SOLAR FOTOVOLTAICA PARA LA OPTIMIZACIÓN DEL ALUMBRADO PÚBLICO EN LA ZONA URBANA DEL MUNICIPIO DE TAME, DEPARTAMENTO DE ARAUCA."
CO1.REQ.10733727,2026-019,90,Licitación Abierta (En Ofertas),Oportunidad de Alianza / Cotización,"Construcción & Obra Civil General, Energía Solar & Alumbrado Público","fotovoltaica, energía solar, alumbrado público","$1,682,023,140 COP",EMPRESA DE SERVICIOS PUBLICOS DE TAME,Arauca,Tame,Contratación régimen especial,No Definido,No Definido,Compartir la oportunidad con clientes aliados para que presenten oferta incluyendo nuestros suministros.,https://community.secop.gov.co/Public/Tendering/OpportunityDetail/Index?noticeUID=CO1.NTC.10588209,"CONSTRUCCIÓN DE SISTEMAS DE ENERGÍA SOLAR FOTOVOLTAICA PARA LA OPTIMIZACIÓN DEL ALUMBRADO PÚBLICO EN LA ZONA URBANA DEL MUNICIPIO DE TAME, DEPARTAMENTO DE ARAUCA."
CO1.REQ.11123327,SC-007-2026,90,Licitación Abierta (En Ofertas),Oportunidad de Alianza / Cotización,Construcción & Obra Civil General,infraestructura educativa,"$1,675,493,525 COP",EICE-EDURHA-SAN JUAN DE URABA,Antioquia,San Juan De Urabá,Contratación régimen especial,No Definido,No Definido,Compartir la oportunidad con clientes aliados para que presenten oferta incluyendo nuestros suministros.,https://community.secop.gov.co/Public/Tendering/OpportunityDetail/Index?noticeUID=CO1.NTC.10978059,"REHABILITACIÓN Y RECUPERACIÓN DE LA INFRAESTRUCTURA EDUCATIVA DEL MUNICIPIO DE SAN JUAN DE URABÁ, DEPARTAMENTO DE ANTIOQUIA."
CO1.REQ.11103641,INVITACION PRIVADA No. 003 DE 2026,90,Licitación Abierta (En Ofertas),Oportunidad de Alianza / Cotización,"Construcción & Obra Civil General, Energía Solar & Alumbrado Público","sistemas fotovoltaicos, alumbrado publico","$1,637,444,457 COP",EMPRESAS PUBLICAS EL HOBO S.A E.S.P,No Definido,No Definido,Contratación régimen especial,No Definido,No Definido,Compartir la oportunidad con clientes aliados para que presenten oferta incluyendo nuestros suministros.,https://community.secop.gov.co/Public/Tendering/OpportunityDetail/Index?noticeUID=CO1.NTC.10959142,"CONTRATAR EL MANTENIMIENTO CORRECTIVO, PREVENTIVO Y AMPLIACION DEL SISTEMA DE ALUMBRADO PUBLICO INCLUYENDO LA ILUMINACION DE NUEVOS ESPACIOS VIALES Y DE ACCESO AL PUBLICO MEDIANTE SISTEMAS FOTOVOLTAICOS EN EL MUNICIPIO DE HOBO HUILA"
CO1.REQ.11135173,LP-TA-004-2026,90,Licitación Abierta (En Ofertas),Oportunidad de Alianza / Cotización,Construcción & Obra Civil General,pavimento rigido,"$1,621,638,872 COP",MUNICIPIO DE TAME,Arauca,Tame,Licitación pública Obra Publica,No Definido,No Definido,Compartir la oportunidad con clientes aliados para que presenten oferta incluyendo nuestros suministros.,https://community.secop.gov.co/Public/Tendering/OpportunityDetail/Index?noticeUID=CO1.NTC.10990308,"CONSTRUCCION DE PAVIMENTO RIGIDO Y ADECUACIÓN DEL ESPACIO PUBLICO EN LA URBANIZACION VILLA GABRIELA CASCO URBANO DEL MUNICIPIO DE TAME, DEPARTAMENTO DE ARAUCA"
CO1.REQ.11110107,I.P.009-2026,90,Licitación Abierta (En Ofertas),Oportunidad de Alianza / Cotización,Construcción & Obra Civil General,"pavimento flexible, obras complementarias","$1,602,136,341 COP",EMPRESA DE DESARROLLO SOSTENIBLE DEL MUNICIPIO DE LA UNION,Antioquia,La Unión,Contratación régimen especial,CORPORACION ECOLOGICA  UNIDOS POR EL MEDIO AMBIENTE,No Definido,Compartir la oportunidad con clientes aliados para que presenten oferta incluyendo nuestros suministros.,https://community.secop.gov.co/Public/Tendering/OpportunityDetail/Index?noticeUID=CO1.NTC.10964941,"CONSTRUCCIÓN Y MEJORAMIENTO DE LA INFRAESTRUCTURA VIAL URBANA MEDIANTE LA EJECUCIÓN DE PAVIMENTO FLEXIBLE, ADECUACIÓN DE ANDENES Y OBRAS COMPLEMENTARIAS EN LA CARRERA 10 ENTRE CALLES 11 Y 13, CARRERA 9 ENTRE CALLES 9 Y 10, Y CALLE 9 ENTRE CARRERAS 8 "
CO1.REQ.10732485,2026-018,90,Licitación Abierta (En Ofertas),Oportunidad de Alianza / Cotización,"Construcción & Obra Civil General, Energía Solar & Alumbrado Público","alumbrado público, alumbrado publico","$1,593,873,570 COP",EMPRESA DE SERVICIOS PUBLICOS DE TAME,Arauca,Tame,Contratación régimen especial,No Definido,No Definido,Compartir la oportunidad con clientes aliados para que presenten oferta incluyendo nuestros suministros.,https://community.secop.gov.co/Public/Tendering/OpportunityDetail/Index?noticeUID=CO1.NTC.10587235,"MEJORAMIENTO DE LA RED DE ALUMBRADO PUBLICO DEL MUNICIPIO DE TAME, DEPARTAMENTO DE ARAUCA"
CO1.REQ.10781072,FT-MEV-005-2026,90,Licitación Abierta (En Ofertas),Oportunidad de Alianza / Cotización,"Construcción & Obra Civil General, Acero & Metalmecánica","estructura metálica, escenarios deportivos","$1,520,150,835 COP","FONDO MIXTO DE GESTION TERRITORIAL, CIENCIA, TECNOLOGIA Y CULTURA",Cauca,Santander De Quilichao,Contratación régimen especial,No Definido,No Definido,Compartir la oportunidad con clientes aliados para que presenten oferta incluyendo nuestros suministros.,https://community.secop.gov.co/Public/Tendering/OpportunityDetail/Index?noticeUID=CO1.NTC.10634853,"MEJORAMIENTO DE ESCENARIOS DEPORTIVOS MEDIANTE EL MEJORAMIENTO DE LAS LOSAS Y LA CONSTRUCCIÓN DE DOS CUBIERTAS EN ESTRUCTURA METÁLICA, UNA UBICADA EN LA CABECERA CORREGIMENTAL DE LA CARBONERA Y OTRA EN LA VEREDA MAZAMORRAS, SAN MIGUEL DEL MUNICIPIO D"
CO1.REQ.11044196,PROCESO COMPETITIVO  005 DE 2026,90,Adjudicado (Contratista Seleccionado),Lead B2B de Venta Directa,Alimentación Escolar (PAE),"pae, alimentacion escolar","$1,500,672,318 COP",MUNICIPIO DE ARBOLETES,Antioquia,Arboletes,Contratación régimen especial (con ofertas),FUNDACION UN AMIGO MAS,9008153781,Contactar al contratista ganador/consorcio para ofrecer suministro y cotización inmediata.,https://community.secop.gov.co/Public/Tendering/OpportunityDetail/Index?noticeUID=CO1.NTC.10900297,"IMPLEMENTACION DEL PROGRAMA DE ALIMENTACION ESCOLAR - PAE REGULAR Y JORNADA UNICA, PARA LOS NIÑOS, NIÑAS Y ADOLESCENTES DE LA MATRÍCULA OFICIAL DEL MUNICIPIO DE ARBOLETES - ANTIOQUIA, PARA LA VIGENCIA 2026 - 2."
CO1.REQ.11164737,SA-SV-03873-2026,90,Licitación Abierta (En Ofertas),Oportunidad de Alianza / Cotización,Construcción & Obra Civil General,mejoramiento de la via,"$1,488,261,131 COP",Gobernación Norte de Santander*,Norte de Santander,Cúcuta,Selección Abreviada de Menor Cuantía,No Definido,No Definido,Compartir la oportunidad con clientes aliados para que presenten oferta incluyendo nuestros suministros.,https://community.secop.gov.co/Public/Tendering/OpportunityDetail/Index?noticeUID=CO1.NTC.11022134,"MANTENIMIENTO Y/O MEJORAMIENTO DE LA VIA SECUNDARIA EL DIAMANTE-CHINACOTA DENTRO DE LAS ABSCISAS K0+000 AL K0+900 Y K7+075 AL K7+331,75, DEPARTAMENTO NORTE DE SANTANDER"
CO1.REQ.10806456,CD-GB-2687-2026,90,Adjudicado (Contratista Seleccionado),Lead B2B de Venta Directa,Alimentación Escolar (PAE),"pae, alimentación escolar","$1,480,605,897 COP",GOBERNACIÓN DE BOYACÁ,Boyacá,Tunja,Contratación Directa (con ofertas),MUNICIPIO DE SAMACA,800016757,Contactar al contratista ganador/consorcio para ofrecer suministro y cotización inmediata.,https://community.secop.gov.co/Public/Tendering/OpportunityDetail/Index?noticeUID=CO1.NTC.10659981,"AUNAR ESFUERZOS TÉCNICOS, ADMINISTRATIVOS Y FINANCIEROS EN LA IMPLEMENTACIÓN Y EJECUCIÓN DEL PROGRAMA DE ALIMENTACIÓN ESCOLAR PAE, ENTRE EL DEPARTAMENTO DE BOYACÁ Y EL MUNICIPIO DE SAMACA, PARA GARANTIZAR EL PROGRAMA DE ALIMENTACIÓN ESCOLAR  PAE, DUR"
CO1.REQ.10805054,CD-GB-2677-2026,90,Adjudicado (Contratista Seleccionado),Lead B2B de Venta Directa,Alimentación Escolar (PAE),"pae, alimentación escolar","$1,430,177,323 COP",GOBERNACIÓN DE BOYACÁ,Boyacá,Tunja,Contratación Directa (con ofertas),ALCALDIA MUNICIPIO DE MONIQUIRA+,800099662,Contactar al contratista ganador/consorcio para ofrecer suministro y cotización inmediata.,https://community.secop.gov.co/Public/Tendering/OpportunityDetail/Index?noticeUID=CO1.NTC.10658819,"AUNAR ESFUERZOS TÉCNICOS, ADMINISTRATIVOS Y FINANCIEROS EN LA IMPLEMENTACIÓN Y EJECUCIÓN DEL PROGRAMA DE ALIMENTACIÓN ESCOLAR PAE, ENTRE EL DEPARTAMENTO DE BOYACÁ Y EL MUNICIPIO DE MONIQUIRA, PARA GARANTIZAR EL PROGRAMA DE ALIMENTACIÓN ESCOLAR  PAE, "
CO1.REQ.11140915,2000.46.03.002-2026 (Presentación de oferta),90,Licitación Abierta (En Ofertas),Oportunidad de Alianza / Cotización,Interventoría & Consultoría,interventoría técnica,"$1,429,372,308 COP",VALLECAUCANA DE AGUAS S.A. E.S.P,Valle del Cauca,Cali,Concurso de méritos abierto,No Definido,No Definido,Compartir la oportunidad con clientes aliados para que presenten oferta incluyendo nuestros suministros.,https://community.secop.gov.co/Public/Tendering/OpportunityDetail/Index?noticeUID=CO1.NTC.10997736,"REALIZAR LA INTERVENTORÍA TÉCNICA, ADMINISTRATIVA, FINANCIERA Y AMBIENTALES SOBRE EL OBJETO DEL CONTRATO SUSCRITOS COMO RESULTADOS DE LA LICITACION PÚBLICA N°. 2000.46.01.002-2026 CUYO OBJETO CONSISTEN EN: EJECUTAR EL PLAN DE OBRAS PÚBLICAS, BAJO LA "
CO1.REQ.11111039,CONCURSO DE MÉRITOS No. 2026-0743,90,Licitación Abierta (En Ofertas),Oportunidad de Alianza / Cotización,Interventoría & Consultoría,interventoría técnica,"$1,410,090,417 COP",ALCALDIA MUNICIPAL FUSAGASUGA,Cundinamarca,Fusagasugá,Concurso de méritos abierto,No Definido,No Definido,Compartir la oportunidad con clientes aliados para que presenten oferta incluyendo nuestros suministros.,https://community.secop.gov.co/Public/Tendering/OpportunityDetail/Index?noticeUID=CO1.NTC.10972183,"LA INTERVENTORÍA TÉCNICA, ADMINISTRATIVA, FINANCIERA, AMBIENTAL Y JURÍDICA PARA EL CONTRATO DE OBRA PÚBLICA DE MEJORAMIENTO DE LA AVENIDA DE LAS PALMAS EN EL MUNICIPIO DE FUSAGASUGÁ, DEPARTAMENTO DE CUNDINAMARCA EN EL MARCO DEL CONVENIO INTERADMINIST"
CO1.REQ.10665519,OBR-SCC-VUP-003-2026,90,Licitación Abierta (En Ofertas),Oportunidad de Alianza / Cotización,"Construcción & Obra Civil General, Agua Potable & Saneamiento",acueducto,"$1,406,137,130 COP","FONCOLOMBIA, FONDO MIXTO PARA EL DESARROLLO INTEGRAL Y LA GESTION SOCIAL DE COLOMBIA",Santander,Bucaramanga,Contratación régimen especial,No Definido,No Definido,Compartir la oportunidad con clientes aliados para que presenten oferta incluyendo nuestros suministros.,https://community.secop.gov.co/Public/Tendering/OpportunityDetail/Index?noticeUID=CO1.NTC.10519457,AMPLIACIÓN Y OPTIMIZACIÓN DEL SISTEMA DE ACUEDUCTO DE LA VEREDA ARENAS BLANCAS EN EL MUNICIPIO DE CHIRIGUANÁ
CO1.REQ.10755611,EAAB- ICSC-0941-2026,90,Licitación Abierta (En Ofertas),Oportunidad de Alianza / Cotización,"Construcción & Obra Civil General, Agua Potable & Saneamiento",alcantarillado,"$1,382,788,191 COP",EMPRESA DE ACUEDUCTO Y ALCANTARILLADO DE BOGOTÁ - E.S.P.,No Definido,No Definido,Contratación régimen especial,No Definido,No Definido,Compartir la oportunidad con clientes aliados para que presenten oferta incluyendo nuestros suministros.,https://community.secop.gov.co/Public/Tendering/OpportunityDetail/Index?noticeUID=CO1.NTC.10609413,"CONSTRUCCIÓN DE RED LOCAL DE ALCANTARILLADO PLUVIAL DEL BARRIO TURINGIA, EN EL ÁREA DE COBERTURA DE LA ZONA 1 DE LA EAAB-ESP."
CO1.REQ.11011357,PROCESO COMPETITIVO N° 001 DE 2026,90,Adjudicado (Contratista Seleccionado),Lead B2B de Venta Directa,Alimentación Escolar (PAE),"pae, alimentación escolar","$1,349,652,350 COP",ALCALDIA DE SAN JUAN DE URABA,Antioquia,No Definido,Contratación régimen especial (con ofertas),FUNDACION ILUSION EN GRANDE,900077592,Contactar al contratista ganador/consorcio para ofrecer suministro y cotización inmediata.,https://community.secop.gov.co/Public/Tendering/OpportunityDetail/Index?noticeUID=CO1.NTC.10865716,"AUNAR ESFUERZOS TECNICOS ADMINISTRATIVOS Y FINANCIEROS PARA LA EJECUCIÓN DEL PROGRAMA DE ALIMENTACIÓN ESCOLAR - (PAE), PAR LOS NIÑOS, NIÑAS, ADOLESCENTES Y JÓVENES DE LA MATRICULA OFICIAL DEL MUNICIPIO DE SAN JUAN DE URABA, ANTIOQUIA EN EL AÑO 2026. "
CO1.REQ.11175322,DP-IPR-006-2026,90,Licitación Abierta (En Ofertas),Oportunidad de Alianza / Cotización,"Construcción & Obra Civil General, Agua Potable & Saneamiento","acueducto, obras complementarias, alcantarillado","$1,320,824,260 COP",E.S.P .PIEDECUESTANA DE SERVICIOS PUBLICOS,Santander,Piedecuesta,Contratación régimen especial (con ofertas),No Definido,No Definido,Compartir la oportunidad con clientes aliados para que presenten oferta incluyendo nuestros suministros.,https://community.secop.gov.co/Public/Tendering/OpportunityDetail/Index?noticeUID=CO1.NTC.11032936,"REPOSICIÓN Y/U OPTIMIZACIÓN DEL SISTEMA DE ACUEDUCTO, ALCANTARILLADO Y OBRAS COMPLEMENTARIAS EN EL BARRIO DE SAN FRANCISCO DEL MUNICIPIO DE PIEDECUESTA, SANTANDER."
CO1.REQ.11125948,CD-GB-3363-2026,90,Adjudicado (Contratista Seleccionado),Lead B2B de Venta Directa,Vehículos & Maquinaria,"maquinaria pesada, vehículos","$1,307,851,200 COP",GOBERNACIÓN DE BOYACÁ,Boyacá,Tunja,Contratación Directa (con ofertas),TIERRASUA S.A.S.,901285377,Contactar al contratista ganador/consorcio para ofrecer suministro y cotización inmediata.,https://community.secop.gov.co/Public/Tendering/OpportunityDetail/Index?noticeUID=CO1.NTC.10981234,GC3 APOYO A LA OPERACIÓN DE LA MAQUINARIA PESADA Y VEHÍCULOS LIVIANOS ASIGNADOS A LA UNIDAD DE GESTIÓN DEL RIESGO.
CO1.REQ.11020218,LP-FC-056-2026,90,Licitación Abierta (En Ofertas),Oportunidad de Alianza / Cotización,Construcción & Obra Civil General,,"$1,265,365,938 COP",EMPRESA INDUSTRIAL Y COMERCIAL DEL ESTATO FARO DEL CATATUMBO SAS,Norte de Santander,Cúcuta,Contratación régimen especial,No Definido,No Definido,Compartir la oportunidad con clientes aliados para que presenten oferta incluyendo nuestros suministros.,https://community.secop.gov.co/Public/Tendering/OpportunityDetail/Index?noticeUID=CO1.NTC.11029459,CONSTRUCCIÓN DE LA CANCHA MULTIFUNCIONAL EN LA URBANIZACIÓN EL HATILLO EN EL MUNICIPIO DE SALAZAR DE LAS PALMAS
CO1.REQ.11055602,EAAB-ICSC-1313-2026,90,Licitación Abierta (En Ofertas),Oportunidad de Alianza / Cotización,Agua Potable & Saneamiento,"agua potable, acueducto, alcantarillado","$1,253,771,392 COP",EMPRESA DE ACUEDUCTO Y ALCANTARILLADO DE BOGOTÁ - E.S.P.,No Definido,No Definido,Contratación régimen especial,CAUDALES DE COLOMBIA SAS ESP,No Definido,Compartir la oportunidad con clientes aliados para que presenten oferta incluyendo nuestros suministros.,https://community.secop.gov.co/Public/Tendering/OpportunityDetail/Index?noticeUID=CO1.NTC.10911306,"Brindar apoyo operativo y técnico a la Dirección de Apoyo Comercial de la Empresa de Acueducto y Alcantarillado de Bogotá EAAB - ESP en el desarrollo de actividades asociadas a la venta y suministro de agua potable a carrotanque, desde los puntos hab"
CO1.REQ.11173885,CVC CMA 3 2026 (Presentación de oferta),90,Licitación Abierta (En Ofertas),Oportunidad de Alianza / Cotización,Interventoría & Consultoría,interventoría integral,"$1,244,078,619 COP",CVC,Valle del Cauca,Cali,Concurso de méritos abierto,No Definido,No Definido,Compartir la oportunidad con clientes aliados para que presenten oferta incluyendo nuestros suministros.,https://community.secop.gov.co/Public/Tendering/OpportunityDetail/Index?noticeUID=CO1.NTC.11030362,REALIZAR LA INTERVENTORÍA INTEGRAL AL CONTRATO QUE TIENE POR OBJETO: REALIZAR LA CONSTRUCCIÓN DE LA NUEVA SEDE ADMINISTRATIVA DE LA DAR NORTE EN EL MUNICIPIO DE CARTAGO
CO1.REQ.10639601,SVO-2026-052,90,Licitación Abierta (En Ofertas),Oportunidad de Alianza / Cotización,"Construcción & Obra Civil General, Energía Solar & Alumbrado Público",alumbrado publico,"$1,241,608,982 COP",EMPRESA DE SERVICIO DE ALUMBRADO PUBLICO DE YOPAL S.A.S. E.S.P.,Casanare,Yopal,Contratación régimen especial,No Definido,No Definido,Compartir la oportunidad con clientes aliados para que presenten oferta incluyendo nuestros suministros.,https://community.secop.gov.co/Public/Tendering/OpportunityDetail/Index?noticeUID=CO1.NTC.10494314,"MODERNIZACION Y EXPANSION DEL SISTEMA DE ALUMBRADO PUBLICO EN EL BARRIO SANTA MARTA, DEL MUNICIPIO DE YOPAL, DEPARTAMENTO DE CASANARE"
CO1.REQ.10964839,500-OS- 2197-2026,90,Licitación Abierta (En Ofertas),Oportunidad de Alianza / Cotización,Energía Solar & Alumbrado Público,"alumbrado público, alumbrado publico","$1,240,372,309 COP",EMPRESAS MUNICIPALES DE CALI,Valle del Cauca,Cali,Contratación régimen especial,No Definido,No Definido,Compartir la oportunidad con clientes aliados para que presenten oferta incluyendo nuestros suministros.,https://community.secop.gov.co/Public/Tendering/OpportunityDetail/Index?noticeUID=CO1.NTC.10831940,"Prestación de servicios de cuadrillas para la atención, reparación, adecuación y restablecimiento de las condiciones de funcionamiento del Sistema de Alumbrado Público SALP, mediante la ejecución de actividades operativas y técnicas requeridas para a"
CO1.REQ.10885718,CONVOCATORIA PUBLICA 008-2026,90,Licitación Abierta (En Ofertas),Oportunidad de Alianza / Cotización,Tecnología & Equipos de Cómputo,licenciamiento,"$1,237,189,659 COP",UNIVERSIDAD DISTRITAL FRANCISCO JOSE DE CALDAS,Distrito Capital de Bogotá,No Definido,Contratación régimen especial,No Definido,No Definido,Compartir la oportunidad con clientes aliados para que presenten oferta incluyendo nuestros suministros.,https://community.secop.gov.co/Public/Tendering/OpportunityDetail/Index?noticeUID=CO1.NTC.10740610,"ADQUIRIR EQUIPOS ACTIVOS DE RED SWITCHES Y ACCESS POINTS,
INCLUYENDO HARDWARE, LICENCIAMIENTO, GARANTÍA Y SOPORTE TÉCNICO INTEGRAL, CON EL FIN DE GARANTIZAR LA DISPONIBILIDAD, SEGURIDAD, ESCALABILIDAD Y EL ÓPTIMO RENDIMIENTO DE LOS SERVICIOS DE RED E"
CO1.REQ.10655696,PAF-ATF-I-061-2026,90,Licitación Abierta (En Ofertas),Oportunidad de Alianza / Cotización,"Agua Potable & Saneamiento, Interventoría & Consultoría","interventoría integral, alcantarillado","$1,230,649,471 COP",FINANCIERA DE DESARROLLO TERRITORIAL S.A.,Distrito Capital de Bogotá,Bogotá,Contratación régimen especial,No Definido,No Definido,Compartir la oportunidad con clientes aliados para que presenten oferta incluyendo nuestros suministros.,https://community.secop.gov.co/Public/Tendering/OpportunityDetail/Index?noticeUID=CO1.NTC.10510301,"CONTRATAR LA INTERVENTORÍA INTEGRAL TÉCNICA, ADMINISTRATIVA, FINANCIERA, CONTABLE, AMBIENTAL, SOCIAL Y JURÍDICA PARA LA EJECUCIÓN DE LAS OBRAS DEL PLAN MAESTRO DE ALCANTARILLADO DEL CASCO URBANO DEL MUNICIPIO DE CHIPAQUE OPTIMIZACIÓN DE LOS SISTEMAS "
CO1.REQ.11177251,CD-064 DE 2026,90,Licitación Abierta (En Ofertas),Oportunidad de Alianza / Cotización,Construcción & Obra Civil General,pavimentación,"$1,210,077,122 COP",EMPRESA DE DESARROLLO URBANO DEL OCCIDENTE EDUOCCIDENTE,Antioquia,Sopetrán,Contratación régimen especial,ARIAS ORTIZ INGENIERIA S.A.S,No Definido,Compartir la oportunidad con clientes aliados para que presenten oferta incluyendo nuestros suministros.,https://community.secop.gov.co/Public/Tendering/OpportunityDetail/Index?noticeUID=CO1.NTC.11031674,"OBRA: PAVIMENTACIÓN DE VÍAS URBANAS EN EL MUNICIPIO DE SOPETRÁN EN LA CALLE 10 DEL
ÁREA URBANA DE ACUERDO AL PROYECTO  PAVIMENTACIÓN DE VIAS URBANAS CALLE 10 EN EL
MUNICIPIO DE SOPETRÁN, ANTIOQUIA  CON CÓDIGO 202600000019576, CON RECURSOS DEL
SISTEMA"
CO1.REQ.11048427,SA-011-2026 (Presentación de oferta),90,Adjudicado (Contratista Seleccionado),Lead B2B de Venta Directa,Alimentación Escolar (PAE),"pae, alimentación escolar","$1,188,342,171 COP",MUNICIPIO DE ZARAGOZA,Antioquia,Zaragoza,Selección abreviada subasta inversa,FUNDACION CONSTRUYENDO VIDA SANA,900540697,Contactar al contratista ganador/consorcio para ofrecer suministro y cotización inmediata.,https://community.secop.gov.co/Public/Tendering/OpportunityDetail/Index?noticeUID=CO1.NTC.10905487,"SUMINISTRO DE ALIMENTACIÓN ESCOLAR PAE-, PARA LOS NIÑOS, NIÑAS Y ADOLESCENTES DE LA MATRICULA OFICIAL DEL MUNICIPIO DE ZARAGOZA - ANTIOQUIA, PARA LA VIGENCIA 2026-2"
CO1.REQ.10951194,RE-ESAL-009-2026.,90,Adjudicado (Contratista Seleccionado),Lead B2B de Venta Directa,Alimentación Escolar (PAE),"pae, alimentación escolar","$1,178,910,849 COP",MUNICIPIO DE SAMACA,Boyacá,Samacá,Contratación régimen especial (con ofertas),FUNDACIÓN HUELLA PARA EL FUTURO,900149641,Contactar al contratista ganador/consorcio para ofrecer suministro y cotización inmediata.,https://community.secop.gov.co/Public/Tendering/OpportunityDetail/Index?noticeUID=CO1.NTC.10805446,"AUNAR ESFUERZOS TECNICOS, ADMINISTRATIVOS Y FINANCIEROS EN LA EJECUCION DEL PROGRAMA DE ALIMENTACIÓN ESCOLAR - PAE PARA LAS INSTITUCIONES PUBLICAS DEL MUNICIPIO DE SAMACÁ, SEGUNDO SEMESTRE 2026"
CO1.REQ.10886117,094-2026,90,Licitación Abierta (En Ofertas),Oportunidad de Alianza / Cotización,"Construcción & Obra Civil General, Agua Potable & Saneamiento","obras complementarias, alcantarillado","$1,101,549,069 COP",COMPRADOR - EMPRESA CARTAGUEÑA DE DESARROLLO - EMCADE,Valle del Cauca,Cartago,Contratación régimen especial,No Definido,No Definido,Compartir la oportunidad con clientes aliados para que presenten oferta incluyendo nuestros suministros.,https://community.secop.gov.co/Public/Tendering/OpportunityDetail/Index?noticeUID=CO1.NTC.10740961,"EJECUCIÓN DE LAS OBRAS DE OPTIMIZACIÓN Y/O MEJORAMIENTO DEL SISTEMA DE ALCANTARILLADO Y OBRAS COMPLEMENTARIAS, CRA 12 ENTRE CALLES 13 Y 14 - MUNICIPIO DE ZARZAL, VALLE DEL CAUCA."
CO1.REQ.10676724,C-104-2026,90,Licitación Abierta (En Ofertas),Oportunidad de Alianza / Cotización,"Construcción & Obra Civil General, Agua Potable & Saneamiento","pavimento flexible, acueducto, alcantarillado","$1,099,870,316 COP",ACUEDUCTO METROPOLITANO DE BUCARAMANGA S.A. E.S.P.,Santander,Bucaramanga,Contratación régimen especial,No Definido,No Definido,Compartir la oportunidad con clientes aliados para que presenten oferta incluyendo nuestros suministros.,https://community.secop.gov.co/Public/Tendering/OpportunityDetail/Index?noticeUID=CO1.NTC.10531241,Reparcheo de las vías en pavimento flexible intervenidas por la reparación de daños en las redes de acueducto y/o alcantarillado en el área de influencia del amb S.A. ESP
CO1.REQ.10343816,OBR-SCC-008-2026,90,Licitación Abierta (En Ofertas),Oportunidad de Alianza / Cotización,"Construcción & Obra Civil General, Agua Potable & Saneamiento",acueducto,"$1,095,366,108 COP","FONCOLOMBIA, FONDO MIXTO PARA EL DESARROLLO INTEGRAL Y LA GESTION SOCIAL DE COLOMBIA",Santander,Bucaramanga,Contratación régimen especial,No Definido,No Definido,Compartir la oportunidad con clientes aliados para que presenten oferta incluyendo nuestros suministros.,https://community.secop.gov.co/Public/Tendering/OpportunityDetail/Index?noticeUID=CO1.NTC.10601289,"CONSTRUCCION DE UN ACUEDUCTO RURAL EN EL CORREGIMIENTO DE PUERTO ROSARIO Y CARDALES JURISDICCION DEL MUNICIPIO DE ALTOS DEL ROSARIO, BOLÍVAR"
CO1.REQ.11160339,LP-013-2026,90,Licitación Abierta (En Ofertas),Oportunidad de Alianza / Cotización,Construcción & Obra Civil General,obras complementarias,"$1,082,885,104 COP",ALCALDIA MUNICIPAL DE GUADUAS,Cundinamarca,Guaduas,Licitación pública Obra Publica,No Definido,No Definido,Compartir la oportunidad con clientes aliados para que presenten oferta incluyendo nuestros suministros.,https://community.secop.gov.co/Public/Tendering/OpportunityDetail/Index?noticeUID=CO1.NTC.11014890,"CONSTRUCCIÓN DE PAVIMENTO Y OBRAS COMPLEMENTARIAS DE LA ZONA ADYACENTE AL PARQUE PRINCIPAL DEL CORREGIMIENTO DE LA PAZ DE CALAMOIMA, MUNICIPIO DE GUADUAS, CUNDINAMARCA"
CO1.REQ.10798715,CD-GB-2637-2026,90,Adjudicado (Contratista Seleccionado),Lead B2B de Venta Directa,Alimentación Escolar (PAE),"pae, alimentación escolar","$1,074,374,319 COP",GOBERNACIÓN DE BOYACÁ,Boyacá,Tunja,Contratación Directa (con ofertas),MUNICIPIO DE VILLA DE LEYVA//,891801268,Contactar al contratista ganador/consorcio para ofrecer suministro y cotización inmediata.,https://community.secop.gov.co/Public/Tendering/OpportunityDetail/Index?noticeUID=CO1.NTC.10654192,"AUNAR ESFUERZOS TÉCNICOS, ADMINISTRATIVOS Y FINANCIEROS EN LA IMPLEMENTACIÓN Y EJECUCIÓN DEL PROGRAMA DE ALIMENTACIÓN ESCOLAR PAE, ENTRE EL DEPARTAMENTO DE BOYACÁ Y EL MUNICIPIO DE VILLA DE LEYVA, PARA GARANTIZAR EL PROGRAMA DE ALIMENTACIÓN ESCOLAR -"
CO1.REQ.10348891,CO-2026-006,90,Licitación Abierta (En Ofertas),Oportunidad de Alianza / Cotización,"Construcción & Obra Civil General, Agua Potable & Saneamiento","acueducto, alcantarillado","$1,069,597,850 COP",AGUAS DE MALAMBO S.A.E.S.P.,Atlántico,Malambo,Contratación régimen especial,No Definido,No Definido,Compartir la oportunidad con clientes aliados para que presenten oferta incluyendo nuestros suministros.,https://community.secop.gov.co/Public/Tendering/OpportunityDetail/Index?noticeUID=CO1.NTC.10643803,No definido
CO1.REQ.10890915,LICITACION PRIVADA LP-260010,90,Licitación Abierta (En Ofertas),Oportunidad de Alianza / Cotización,Tecnología & Equipos de Cómputo,equipos de computo,"$1,059,100,000 COP",UNIVERSIDAD FRANCISCO DE PAULA SANTANDER,Norte de Santander,Cúcuta,Contratación régimen especial,No Definido,No Definido,Compartir la oportunidad con clientes aliados para que presenten oferta incluyendo nuestros suministros.,https://community.secop.gov.co/Public/Tendering/OpportunityDetail/Index?noticeUID=CO1.NTC.10749471,ADQUISICION DE EQUIPOS DE COMPUTO DESTINADOS A LAS SALAS DE INFORMATICA SA412 SC401 SC402 Y SD402 DEL BLOQUE SA SC SD 4 PISO DEL CUARTO PISO DE LA UNIVERSIDAD FRANCISCO DE PAULA SANTANDER
CO1.REQ.10797384,CD-GB-2641-2026,90,Adjudicado (Contratista Seleccionado),Lead B2B de Venta Directa,Alimentación Escolar (PAE),"pae, alimentación escolar","$1,049,016,828 COP",GOBERNACIÓN DE BOYACÁ,Boyacá,Tunja,Contratación Directa (con ofertas),ALCALDÍA MUNICIPAL DE AQUITANIA,800077545,Contactar al contratista ganador/consorcio para ofrecer suministro y cotización inmediata.,https://community.secop.gov.co/Public/Tendering/OpportunityDetail/Index?noticeUID=CO1.NTC.10651806,"AUNAR ESFUERZOS TÉCNICOS, ADMINISTRATIVOS Y FINANCIEROS EN LA IMPLEMENTACIÓN Y EJECUCIÓN DEL PROGRAMA DE ALIMENTACIÓN ESCOLAR PAE, ENTRE EL DEPARTAMENTO DE BOYACÁ Y EL MUNICIPIO DE AQUITANIA, PARA GARANTIZAR EL PROGRAMA DE ALIMENTACIÓN ESCOLAR  PAE, "
CO1.REQ.10988098,CI-011-2026,90,Adjudicado (Contratista Seleccionado),Lead B2B de Venta Directa,Alimentación Escolar (PAE),"pae, alimentación escolar","$1,043,921,154 COP",ALCALDIA MUNICIPAL SAN CARLOS,Antioquia,San Carlos,Contratación Directa (con ofertas),La Provincia de La Paz,901250504,Contactar al contratista ganador/consorcio para ofrecer suministro y cotización inmediata.,https://community.secop.gov.co/Public/Tendering/OpportunityDetail/Index?noticeUID=CO1.NTC.10842382,"EJECUTAR EL PROGRAMA DE ALIMENTACIÓN ESCOLAR EN EL MARCO DEL CONVENIO INTERADMINISTRATIVO No. 4600019333 CUYO OBJETO CONTRACTUAL ES:  INTEGRAR ESFUERZOS PARA LA EJECUCIÓN DEL PROGRAMA DE   ALIMENTACIÓN ESCOLAR - PAE, PARA LOS NIÑOS, NIÑAS Y ADOLESCEN"
CO1.REQ.11037225,SPO-001-2026,90,Licitación Abierta (En Ofertas),Oportunidad de Alianza / Cotización,"Construcción & Obra Civil General, Energía Solar & Alumbrado Público","energia solar, fotovoltaica","$1,034,392,900 COP",COMPAÑIA ENERGETICA DEL CARIBE S.A.S. ESP,Córdoba,Montería,Contratación régimen especial,No Definido,No Definido,Compartir la oportunidad con clientes aliados para que presenten oferta incluyendo nuestros suministros.,https://community.secop.gov.co/Public/Tendering/OpportunityDetail/Index?noticeUID=CO1.NTC.10891535,"CONSTRUCCIÓN DE SISTEMAS DE ENERGIA SOLAR FOTOVOLTAICA EN ZONAS RURALES DEL MUNICIPIO DE SAN ANTONIO DE PALMITO, DEPARTAMENTO DE SUCRE."
CO1.REQ.11133978,MM-LPO-SINF-001-2026,90,Licitación Abierta (En Ofertas),Oportunidad de Alianza / Cotización,Construcción & Obra Civil General,pavimentación,"$1,021,182,843 COP",MUNICIPIO DE MONTERREY,Casanare,Monterrey,Licitación pública Obra Publica,No Definido,No Definido,Compartir la oportunidad con clientes aliados para que presenten oferta incluyendo nuestros suministros.,https://community.secop.gov.co/Public/Tendering/OpportunityDetail/Index?noticeUID=CO1.NTC.10989060,"CONSTRUCCIÓN DE OBRAS DE PAVIMENTACIÓN EN CONCRETO RÍGIDO EN EL BARRIO 15 DE SEPTIEMBRE DEL MUNICIPIO DE MONTERREY, CASANARE, DISTRIBUIDAS EN DOS 2  LOTES, ASÍ LOTE 1 CONSTRUCCIÓN EN PAVIMENTO HIDRÁULICO EN LA CALLE 1 Y 1A ENTRE CARRERAS 10A Y 10B DE"
CO1.REQ.11065865,20260115,90,Licitación Abierta (En Ofertas),Oportunidad de Alianza / Cotización,"Construcción & Obra Civil General, Agua Potable & Saneamiento","aguas residuales, ptar, tratamiento de aguas","$1,019,633,877 COP",AGUAS DE MANIZALES,Caldas,Manizales,Contratación régimen especial,No Definido,No Definido,Compartir la oportunidad con clientes aliados para que presenten oferta incluyendo nuestros suministros.,https://community.secop.gov.co/Public/Tendering/OpportunityDetail/Index?noticeUID=CO1.NTC.10922126,"OPTIMIZACIÓN, ADECUACIÓN Y MANTENIMIENTO DE SISTEMAS DE TRATAMIENTO DE AGUAS RESIDUALES LOCALIZADOS EN ZONA RURAL DEL MUNICIPIO DE MANIZALES EN CUMPLIMIENTO DEL FALLO DE LA AP 2023-00265 Y EN EL MARCO DEL CONTRATO INTERADMINISTRATIVO 2509241073 SUSCR"
CO1.REQ.10864420,MD-SGR-CDO-066-2026,90,Licitación Abierta (En Ofertas),Oportunidad de Alianza / Cotización,"Construcción & Obra Civil General, Agua Potable & Saneamiento","acueducto, alcantarillado","$1,012,580,732 COP",EMPRESA DE DESARROLLO TERRITORIAL MASDESARROLLO,Chocó,Lloró,Contratación régimen especial,No Definido,No Definido,Compartir la oportunidad con clientes aliados para que presenten oferta incluyendo nuestros suministros.,https://community.secop.gov.co/Public/Tendering/OpportunityDetail/Index?noticeUID=CO1.NTC.10719518,"CONSTRUCCION DE LAS VIAS CALLE 6 ENTRE CARRERAS 3 Y 4 Y LA VIA EN LA CARRERA 3 ENTRE CALLE 8 Y TRANSVERSAL 9, CONSTRUCCION Y OPTIMIZACION DE REDES DEL SISTEMA DE ACUEDUCTO Y ALCANTARILLADO DEL MUNICIPIO DE CORRALES DEPARTAMENTO DE BOYACA"
CO1.REQ.10589636,CONTRATO DE OBRAS DE EMERGENCIA No. 040 DEL 2026,90,Licitación Abierta (En Ofertas),Oportunidad de Alianza / Cotización,"Construcción & Obra Civil General, Agua Potable & Saneamiento",aguas residuales,"$1,011,048,180 COP",EMPRESA DE SERVICIOS PUBLICOS DE VALLEDUPAR EMDUPAR S.A. E.S.P.,Cesar,Valledupar,Contratación directa,No Definido,No Definido,Compartir la oportunidad con clientes aliados para que presenten oferta incluyendo nuestros suministros.,https://community.secop.gov.co/Public/Tendering/OpportunityDetail/Index?noticeUID=CO1.NTC.10458032,"EJECUTAR LAS OBRAS Y ACTIVIDADES NECESARIAS PARA
LA ATENCIÓN, MITIGACIÓN Y SOLUCIÓN DE LA
AFECTACIÓN PRESENTADA EN EL COLECTOR SANITARIO
UBICADO EN LA AVENIDA ADALBERTO OVALLE DE LA
CIUDAD DE VALLEDUPAR, INCLUYENDO EXCAVACIONES,
REPOSICIÓN Y/O REHABI"
CO1.REQ.10819716,MV-RE-ESAL-003-2026,90,Adjudicado (Contratista Seleccionado),Lead B2B de Venta Directa,Alimentación Escolar (PAE),"pae, alimentación escolar","$1,002,511,992 COP",MUNICIPO DE VENTAQUEMADA,No Definido,No Definido,Contratación régimen especial (con ofertas),FUNDACION MAS,900722425,Contactar al contratista ganador/consorcio para ofrecer suministro y cotización inmediata.,https://community.secop.gov.co/Public/Tendering/OpportunityDetail/Index?noticeUID=CO1.NTC.10673650,"AUNAR ESFUERZOS TÉCNICOS, ADMINISTRATIVOS Y FINANCIEROS, PARA BRINDAR ALIMENTACIÓN ESCOLAR A LOS ESTUDIANTES MATRICULADOS EN INSTITUCIONES EDUCATIVAS OFICIALES DEL MUNICIPIO DE VENTAQUEMADA, DURANTE EL SEGUNDO SEMESTRE DE 2026"
CO1.REQ.10798268,CD-GB-2636-2026,90,Adjudicado (Contratista Seleccionado),Lead B2B de Venta Directa,Alimentación Escolar (PAE),"pae, alimentación escolar","$1,002,511,992 COP",GOBERNACIÓN DE BOYACÁ,Boyacá,Tunja,Contratación Directa (con ofertas),MUNICIPO DE VENTAQUEMADA,891800986,Contactar al contratista ganador/consorcio para ofrecer suministro y cotización inmediata.,https://community.secop.gov.co/Public/Tendering/OpportunityDetail/Index?noticeUID=CO1.NTC.10653830,"AUNAR ESFUERZOS TÉCNICOS, ADMINISTRATIVOS Y FINANCIEROS EN LA IMPLEMENTACIÓN Y EJECUCIÓN DEL PROGRAMA DE ALIMENTACIÓN ESCOLAR PAE, ENTRE EL DEPARTAMENTO DE BOYACÁ Y EL MUNICIPIO DE VENTAQUEMADA, PARA GARANTIZAR EL PROGRAMA DE ALIMENTACIÓN ESCOLAR - P"
CO1.REQ.11173356,LP-002-2026 (Presentación de oferta),88,Licitación Abierta (En Ofertas),Oportunidad de Alianza / Cotización,Agua Potable & Saneamiento,"acueducto, alcantarillado","$65,349,744,176 COP",ALCALDIA DE CAUCASIA,Antioquia,Caucasia,Licitación pública,No Definido,No Definido,Compartir la oportunidad con clientes aliados para que presenten oferta incluyendo nuestros suministros.,https://community.secop.gov.co/Public/Tendering/OpportunityDetail/Index?noticeUID=CO1.NTC.11028016,"ADMINISTRACION, OPERACIÓN Y MANTENIMIENTO DE LOS SISTEMAS DE ACUEDUCTO Y ALCANTARILLADO DEL MUNICIPIO DE CAUCASIA"
CO1.REQ.11108126,LP-PDA-005-2026,88,Licitación Abierta (En Ofertas),Oportunidad de Alianza / Cotización,"Construcción & Obra Civil General, Agua Potable & Saneamiento","alcantarillados, acueductos","$34,261,036,316 COP",EMPRESAS PÚBLICAS DE CUNDINAMARCA S.A. E.S.P.,Distrito Capital de Bogotá,Bogotá,Licitación pública Obra Publica,No Definido,No Definido,Compartir la oportunidad con clientes aliados para que presenten oferta incluyendo nuestros suministros.,https://community.secop.gov.co/Public/Tendering/OpportunityDetail/Index?noticeUID=CO1.NTC.10963572,CONSTRUCCIÓN Y/O OPTIMIZACIÓN DE ACUEDUCTOS Y ALCANTARILLADOS (SANITARIO Y PLUVIAL) EN EL DEPARTAMENTO DE CUNDINAMARCA POR LOTES - GRUPO 1 y 2 - APROPIACIÓN. .
CO1.REQ.10932475,CW397102,88,Licitación Abierta (En Ofertas),Oportunidad de Alianza / Cotización,Agua Potable & Saneamiento,"acueducto, alcantarillado","$16,744,736,220 COP",EMPRESAS PUBLICAS DE MEDELLIN E.S.P.,Antioquia,Medellín,Contratación régimen especial,No Definido,No Definido,Compartir la oportunidad con clientes aliados para que presenten oferta incluyendo nuestros suministros.,https://community.secop.gov.co/Public/Tendering/OpportunityDetail/Index?noticeUID=CO1.NTC.10786065,"AE10- Construcción y suministros para proyectos de expansión, ampliación, reposición y modernización de redes de acueducto y alcantarillado - Colector La Heliodora"
CO1.REQ.10870070,CW394435,88,Licitación Abierta (En Ofertas),Oportunidad de Alianza / Cotización,Agua Potable & Saneamiento,"acueducto, alcantarillado","$4,685,304,895 COP",EMPRESAS PUBLICAS DE MEDELLIN E.S.P.,Antioquia,Medellín,Contratación régimen especial,No Definido,No Definido,Compartir la oportunidad con clientes aliados para que presenten oferta incluyendo nuestros suministros.,https://community.secop.gov.co/Public/Tendering/OpportunityDetail/Index?noticeUID=CO1.NTC.10725223,R2 - Actualización del Modelo Digital Aguas a partir de la referenciación de elementos de los sistemas de acueducto y alcantarillado operados por EPM en los municipios del área metropolitana del Valle de Aburrá y Valle San Nicolás 5 etapa
CO1.REQ.11075523,OBR-SCC-VUP-010-2026,88,Licitación Abierta (En Ofertas),Oportunidad de Alianza / Cotización,"Construcción & Obra Civil General, Agua Potable & Saneamiento","acueducto, alcantarillado","$4,208,114,876 COP","FONCOLOMBIA, FONDO MIXTO PARA EL DESARROLLO INTEGRAL Y LA GESTION SOCIAL DE COLOMBIA",Santander,Bucaramanga,Contratación régimen especial,No Definido,No Definido,Compartir la oportunidad con clientes aliados para que presenten oferta incluyendo nuestros suministros.,https://community.secop.gov.co/Public/Tendering/OpportunityDetail/Index?noticeUID=CO1.NTC.10931400,"CONTRATAR LA EJECUCIÓN DE LAS OBRAS ORIENTADAS A LA OPTIMIZACIÓN DE LAS REDES DE ACUEDUCTO Y ALCANTARILLADO EN EL ÁREA URBANA DEL MUNICIPIO DE VILLA DEL ROSARIO, DEPARTAMENTO DE NORTE DE SANTANDER"
CO1.REQ.10849469,CO-2026-039,88,Licitación Abierta (En Ofertas),Oportunidad de Alianza / Cotización,"Construcción & Obra Civil General, Agua Potable & Saneamiento","acueducto, alcantarillado","$3,863,122,114 COP",AGUAS REGIONALES EPM SA ESP,Antioquia,Apartadó,Contratación régimen especial,No Definido,No Definido,Compartir la oportunidad con clientes aliados para que presenten oferta incluyendo nuestros suministros.,https://community.secop.gov.co/Public/Tendering/OpportunityDetail/Index?noticeUID=CO1.NTC.10704241,"Construcción y optimización de redes y acometidas de acueducto y alcantarillado requeridas por el cliente o la empresa, en los sistemas operados por aguas regionales EPM S.A. E.S.P. Subregión Occidente."
CO1.REQ.11142103,IPE-010-2026,88,Licitación Abierta (En Ofertas),Oportunidad de Alianza / Cotización,Agua Potable & Saneamiento,"aguas residuales, tratamiento de aguas","$3,497,360,864 COP",EMPRESA DE SERVICIOS PUBLICOS DE VALLEDUPAR EMDUPAR S.A. E.S.P.,Cesar,Valledupar,Contratación régimen especial,No Definido,No Definido,Compartir la oportunidad con clientes aliados para que presenten oferta incluyendo nuestros suministros.,https://community.secop.gov.co/Public/Tendering/OpportunityDetail/Index?noticeUID=CO1.NTC.10997140,OPTIMIZACIÓN DE LA FASE II DEL SISTEMA DE TRATAMIENTO DE AGUAS RESIDUALES EL SALGUERO MEDIANTE LA REHABILITACIÓN DE LA INFRAESTRUCTURA OPERATIVA Y EXTRACCIÓN DE LODOS CON EL FIN DE RESTABLECER SU CAPACIDAD DE TRATAMIENTO Y GARANTIZAR SU ADECUADO FUNC
CO1.REQ.10655167,OP-038-2026,88,Licitación Abierta (En Ofertas),Oportunidad de Alianza / Cotización,"Construcción & Obra Civil General, Agua Potable & Saneamiento","acueducto, alcantarillado","$3,175,239,374 COP","EMPRESA MUNICIPAL DE DESARROLLO URBANO, RURAL Y MINERO DE REMEDIOS",Antioquia,Remedios,Contratación régimen especial,No Definido,No Definido,Compartir la oportunidad con clientes aliados para que presenten oferta incluyendo nuestros suministros.,https://community.secop.gov.co/Public/Tendering/OpportunityDetail/Index?noticeUID=CO1.NTC.10509524,"REPOSICIÓN DE REDES DE ACUEDUCTO Y ALCANTARILLADO Y DEMÁS OBRAS CONEXAS EN LA ZONA URBANA DEL MUNICIPIO DE CAICEDO, ANTIOQUIA"
CO1.REQ.11059877,188-2026,88,Licitación Abierta (En Ofertas),Oportunidad de Alianza / Cotización,"Construcción & Obra Civil General, Agua Potable & Saneamiento","acueducto, alcantarillado","$2,786,736,141 COP",EMPRESA DE ACUEDUCTO Y ALCANTARILLADO DE PEREIRA S.A.S. E.S.P.,Risaralda,Pereira,Contratación régimen especial,Armando Marulanda Fernandez,No Definido,Compartir la oportunidad con clientes aliados para que presenten oferta incluyendo nuestros suministros.,https://community.secop.gov.co/Public/Tendering/OpportunityDetail/Index?noticeUID=CO1.NTC.10935623,CONSTRUCCION VIADUCTO DE REDUNDANCIA Y OBRAS DE MITIGACION DE RIESGO PARA LA RED DE ACUEDUCTO DE LA COMUNA DEL CAFÉ Y ZONAS CONEXAS DE LA EMPRESA DE ACUEDUCTO Y ALCANTARILLADO DE PEREIRA SAS ESP INCLUYE ACTIVIDADES COMPLEMENTARIAS
CO1.REQ.10690859,CO-2026-036,88,Licitación Abierta (En Ofertas),Oportunidad de Alianza / Cotización,"Construcción & Obra Civil General, Agua Potable & Saneamiento","acueducto, alcantarillado","$2,638,730,527 COP",AGUAS REGIONALES EPM SA ESP,Antioquia,Apartadó,Contratación régimen especial,No Definido,No Definido,Compartir la oportunidad con clientes aliados para que presenten oferta incluyendo nuestros suministros.,https://community.secop.gov.co/Public/Tendering/OpportunityDetail/Index?noticeUID=CO1.NTC.10545550,Construcción de redes de acueducto y alcantarillado en los municipios donde opera Aguas Regionales EPM S.A.E.S.P.
CO1.REQ.10842119,CONTRATO 033 DE 2026,88,Licitación Abierta (En Ofertas),Oportunidad de Alianza / Cotización,"Construcción & Obra Civil General, Agua Potable & Saneamiento","acueducto, alcantarillado","$2,002,146,289 COP",EMPRESAS PUBLICAS DE PALERMO ESP,Huila,Palermo,Contratación régimen especial,No Definido,No Definido,Compartir la oportunidad con clientes aliados para que presenten oferta incluyendo nuestros suministros.,https://community.secop.gov.co/Public/Tendering/OpportunityDetail/Index?noticeUID=CO1.NTC.10696541,"REALIZAR PARA EMPRESAS PÚBLICAS DE PALERMO E.S.P. BAJO LA MODALIDAD DE PRECIOS UNITARIOS LAS OBRAS DE OPTIMIZACIÓN DE REDES DE ALCANTARILLADO SANITARIO, ACUEDUCTO, CONSTRUCCIÓN DE TRAMOS DE RED DE ALCANTARILLADO PLUVIAL Y REHABILITACIÓN DE VÍAS EN LA"
CO1.REQ.10898964,C.OBRA-262-2026,88,Licitación Abierta (En Ofertas),Oportunidad de Alianza / Cotización,"Construcción & Obra Civil General, Agua Potable & Saneamiento","planta de tratamiento, agua potable","$1,983,453,539 COP",LAS CEIBAS EMPRESAS PUBLICAS DE NEIVA E.S.P.,Huila,Neiva,Contratación régimen especial,No Definido,No Definido,Compartir la oportunidad con clientes aliados para que presenten oferta incluyendo nuestros suministros.,https://community.secop.gov.co/Public/Tendering/OpportunityDetail/Index?noticeUID=CO1.NTC.10753385,OBJETO:                                         	OPTIMIZACIÓN DE LA INFRAESTRUCTURA DE LA PLANTA DE TRATAMIENTO DE AGUA POTABLE EL JARDÍN DE LAS CEIBAS EMPRESAS PÚBLICAS DE NEIVA E.S.P.
CO1.REQ.10691961,051 DE 2026,88,Licitación Abierta (En Ofertas),Oportunidad de Alianza / Cotización,"Construcción & Obra Civil General, Agua Potable & Saneamiento","acueducto, alcantarillado","$1,964,203,789 COP",EMPRESA DE SERVICIOS PUBLICOS DOMICILIARIOS DE PITALITO EMPITALITO E.S.P,Huila,Pitalito,Contratación régimen especial,No Definido,No Definido,Compartir la oportunidad con clientes aliados para que presenten oferta incluyendo nuestros suministros.,https://community.secop.gov.co/Public/Tendering/OpportunityDetail/Index?noticeUID=CO1.NTC.10684863,"CONSTRUCCIÓN, OPTIMIZACIÓN Y REPOSICIÓN DE REDES Y COMPONENTES HIDRÁULICOS DE LOS SISTEMAS DE ACUEDUCTO Y ALCANTARILLADO DEL MUNICIPIO DE PITALITO, HUILA"
CO1.REQ.11143661,027-2026,88,Licitación Abierta (En Ofertas),Oportunidad de Alianza / Cotización,"Construcción & Obra Civil General, Agua Potable & Saneamiento","acueducto, alcantarillado","$1,891,858,179 COP",EMCALIMA,Valle del Cauca,Calima,Contratación régimen especial,GG CM,901301040,Compartir la oportunidad con clientes aliados para que presenten oferta incluyendo nuestros suministros.,https://community.secop.gov.co/Public/Tendering/OpportunityDetail/Index?noticeUID=CO1.NTC.10998567,"CONTRATAR LA EJECUCIÓN DE OBRAS PARA LA
REPOSICIÓN DE REDES DE ACUEDUCTO Y
ALCANTARILLADO EN EL MUNICIPIO DE CALIMA- EL
DARIEN (V) DE CONFORMIDAD CON LAS
ESPECIFICACIONES ENTREGADAS POR EMCALIMA E.I.C.E
E.S.P ."
CO1.REQ.11145064,CS-071-2026,88,Licitación Abierta (En Ofertas),Oportunidad de Alianza / Cotización,Agua Potable & Saneamiento,"acueducto, alcantarillado","$1,678,033,999 COP",EMPRESA MUNICIPAL DE SERVICIOS PUBLICOS DE SANTANDER DE QUILICHAO,No Definido,No Definido,Contratación régimen especial,No Definido,No Definido,Compartir la oportunidad con clientes aliados para que presenten oferta incluyendo nuestros suministros.,https://community.secop.gov.co/Public/Tendering/OpportunityDetail/Index?noticeUID=CO1.NTC.11000246,"EL CONTRATISTA SE COMPROMETE CON LA EMPRESA MUNICIPAL DE SERVICIOS PÚBLICOS - EMQUILICHAO E.S.P, A REALIZAR EL SUMINISTRO DE LOS MATERIALES, TUBERIAS, ACCESORIOS Y DEMAS ELEMENTOS NECESARIOS PARA LA EJECUCIÓN DE LAS OBRAS DE ACUEDUCTO, ALCANTARILLADO"
CO1.REQ.11175920,SAMC-SEGD-002-2026,88,Licitación Abierta (En Ofertas),Oportunidad de Alianza / Cotización,"Construcción & Obra Civil General, Agua Potable & Saneamiento","acueducto, alcantarillado","$1,675,020,502 COP",ALCALDÍA DEL DISTRITO TURÍSTICO Y CULTURAL DE CARTAGENA DE INDIAS,Bolívar,Cartagena,Selección Abreviada de Menor Cuantía,No Definido,No Definido,Compartir la oportunidad con clientes aliados para que presenten oferta incluyendo nuestros suministros.,https://community.secop.gov.co/Public/Tendering/OpportunityDetail/Index?noticeUID=CO1.NTC.11031793,EXTENSIÓN DE REDES DE ACUEDUCTO Y ALCANTARILLADO SANITARIO EN EL DISTRITO DE CARTAGENA DE INDIAS
CO1.REQ.11122993,OP-041-2026,88,Licitación Abierta (En Ofertas),Oportunidad de Alianza / Cotización,"Construcción & Obra Civil General, Agua Potable & Saneamiento","acueducto, alcantarillado","$1,644,177,421 COP","EMPRESA MUNICIPAL DE DESARROLLO URBANO, RURAL Y MINERO DE REMEDIOS",Antioquia,Remedios,Contratación régimen especial,No Definido,No Definido,Compartir la oportunidad con clientes aliados para que presenten oferta incluyendo nuestros suministros.,https://community.secop.gov.co/Public/Tendering/OpportunityDetail/Index?noticeUID=CO1.NTC.10977699,"LLEVAR A CABO LA OPTIMIZACIÓN, REPOSICION Y MANTENIMIENTO DE LAS REDES DE ALCANTARILLADO SANITARIO Y ACUEDUCTO EN EL CORREGIMIENTO DE JARDÍN, MUNICIPIO DE CÁCERES, ANTIOQUIA."
CO1.REQ.11155041,SASI-RSR-DIR-128-2026,88,Licitación Abierta (En Ofertas),Oportunidad de Alianza / Cotización,Tecnología & Equipos de Cómputo,"equipos de cómputo, computadores","$1,295,000,000 COP",SENA REGIONAL RISARALDA Grupo de Apoyo Administrativo Mixto//,Risaralda,Pereira,Selección abreviada subasta inversa,No Definido,No Definido,Compartir la oportunidad con clientes aliados para que presenten oferta incluyendo nuestros suministros.,https://community.secop.gov.co/Public/Tendering/OpportunityDetail/Index?noticeUID=CO1.NTC.11021742,"Compra a monto agotable de equipos de cómputo tipo todo en uno (AIO) para los Centros de Formación de Comercio y Servicios, Centro de Diseño e innovación Tecnológica e Industrial, Centro Atención sector Agropecuario y la Dirección Regional Risaralda "
CO1.REQ.10822595,1180 DE 2026,88,Licitación Abierta (En Ofertas),Oportunidad de Alianza / Cotización,"Construcción & Obra Civil General, Agua Potable & Saneamiento","acueducto, alcantarillado","$1,283,854,722 COP",UNIVERSIDAD DE LOS LLANOS,Meta,Villavicencio,Contratación régimen especial,No Definido,No Definido,Compartir la oportunidad con clientes aliados para que presenten oferta incluyendo nuestros suministros.,https://community.secop.gov.co/Public/Tendering/OpportunityDetail/Index?noticeUID=CO1.NTC.10677107,"FASE I DE LA OPTIMIZACIÓN DE LA INFRAESTRUCTURA EXISTENTE DE ACUEDUCTO Y ALCANTARILLADO DEL CAMPUS BARCELONA DE LA UNIVERSIDAD DE LOS LLANOS, MUNICIPIO DE VILLAVICENCIO META."
CO1.REQ.10783741,IPE-008-2026,88,Licitación Abierta (En Ofertas),Oportunidad de Alianza / Cotización,Agua Potable & Saneamiento,"planta de tratamiento, agua potable","$1,172,456,997 COP",EMPRESA DE SERVICIOS PUBLICOS DE VALLEDUPAR EMDUPAR S.A. E.S.P.,Cesar,Valledupar,Contratación régimen especial,No Definido,No Definido,Compartir la oportunidad con clientes aliados para que presenten oferta incluyendo nuestros suministros.,https://community.secop.gov.co/Public/Tendering/OpportunityDetail/Index?noticeUID=CO1.NTC.10649353,"CONSTRUCCIÓN DE CIERRE DE CIRCUITO DE LA PLANTA DE TRATAMIENTO DE AGUA POTABLE, ZONA NORTE DE LA CIUDAD DE VALLEDUPAR - INVERSIÓN POIR"
CO1.REQ.10390256,CTO-072-2026,88,Licitación Abierta (En Ofertas),Oportunidad de Alianza / Cotización,Agua Potable & Saneamiento,"agua potable, plantas de tratamiento","$1,164,840,000 COP",EMPRESA DE SERVICIOS PUBLICOS DE COTA SA ESP,Cundinamarca,Cota,Contratación régimen especial,INTERBOMBAS SAS,830504614,Compartir la oportunidad con clientes aliados para que presenten oferta incluyendo nuestros suministros.,https://community.secop.gov.co/Public/Tendering/OpportunityDetail/Index?noticeUID=CO1.NTC.10246732,"ADQUISICIÓN DE LOS EQUIPOS DE BOMBEO PARA REPOSICIÓN EN LOS POZOS, LAS PLANTAS DE TRATAMIENTO DE AGUA POTABLE, ESTACIONES DE BOMBEO EN LINEA, BOSTERS PARA EL SUMINISTRO DE AGUA POTABLE DEL SISTEMA OPERADO POR LA EMPRESA DE SERVICIOS PÚBLICOS DE COTA "
CO1.REQ.10745051,900-IP-0178-2026,88,Licitación Abierta (En Ofertas),Oportunidad de Alianza / Cotización,Agua Potable & Saneamiento,"planta de tratamiento, agua potable","$1,120,071,718 COP",EMPRESAS MUNICIPALES DE CALI,Valle del Cauca,Cali,Contratación régimen especial,No Definido,No Definido,Compartir la oportunidad con clientes aliados para que presenten oferta incluyendo nuestros suministros.,https://community.secop.gov.co/Public/Tendering/OpportunityDetail/Index?noticeUID=CO1.NTC.10599167,SUMINISTRO DE UNIDADES DE BOMBEO DOSIFICACIÓN CARBÓN ACTIVADO PARA LA PLANTA DE TRATAMIENTO DE AGUA POTABLE
CO1.REQ.11007770,FDLCB-LP-009-2026 (Fase de Selección (Presentación de ofertas)),88,Adjudicado (Contratista Seleccionado),Lead B2B de Venta Directa,Construcción & Obra Civil General,,"$978,900,020 COP",ALCALDIA LOCAL DE CIUDAD BOLIVAR //,Distrito Capital de Bogotá,Bogotá,Licitación pública Obra Publica,CONSORCIO INMUEBLES LPG,No Definido,Contactar al contratista ganador/consorcio para ofrecer suministro y cotización inmediata.,https://community.secop.gov.co/Public/Tendering/OpportunityDetail/Index?noticeUID=CO1.NTC.10864071,"EJECUTAR A PRECIOS UNITARIOS SIN FÓRMULA DE REAJUSTE Y A MONTO AGOTABLE, EL MANTENIMIENTO PREVENTIVO Y/O CORRECTIVO, LAS ADECUACIONES Y LAS MEJORAS DE LA INFRAESTRUCTURA DE LOS IMMUEBLES A CARGO DE LA ALCALDIA LOCAL DE CIUDAD BOLÍVAR"
CO1.REQ.10581984,SASI-MGN-0002-2026 (Presentación de oferta),88,Adjudicado (Contratista Seleccionado),Lead B2B de Venta Directa,Tecnología & Equipos de Cómputo,equipos de cómputo,"$962,900,400 COP",SERVICIO NACIONAL DE APRENDIZAJE - SENA MAGDALENA,Magdalena,Santa Marta,Selección abreviada subasta inversa,UTT 2026,902089439,Contactar al contratista ganador/consorcio para ofrecer suministro y cotización inmediata.,https://community.secop.gov.co/Public/Tendering/OpportunityDetail/Index?noticeUID=CO1.NTC.10437117,"Contratar la adquisición de equipos de cómputo de escritorio para fortalecer las actividades de formación del SENA Regional Magdalena, incluyendo ambientes de formación, uso por parte de instructores y demás necesidades asociadas al cumplimiento de l"
CO1.REQ.10525665,LP-SILOS-01-2026 (Fase de Selección (Presentación de ofertas)),88,Adjudicado (Contratista Seleccionado),Lead B2B de Venta Directa,"Construcción & Obra Civil General, Agua Potable & Saneamiento","planta de tratamiento, agua potable, ptap","$913,343,151 COP",MUNICIPIO DE SILOS,Norte de Santander,Silos,Licitación pública Obra Publica,UT PTAP SILOS 2026,902106153,Contactar al contratista ganador/consorcio para ofrecer suministro y cotización inmediata.,https://community.secop.gov.co/Public/Tendering/OpportunityDetail/Index?noticeUID=CO1.NTC.10384929,"MEJORAMIENTO Y MANTENIMIENTO DE LA PLANTA DE TRATAMIENTO DE AGUA POTABLE (PTAP) DEL CASCO URBANO DEL MUNICIPIO DE SILOS, DEPARTAMENTO NORTE DE SANTANDER....."
CO1.REQ.10797181,CD-STD-CIMI-0060-2026,88,Adjudicado (Contratista Seleccionado),Lead B2B de Venta Directa,Tecnología & Equipos de Cómputo,"software, licenciamiento","$899,985,576 COP",SENA REGIONAL SANTANDER Grupo de Apoyo Administrativo Mixto,Santander,Bucaramanga,Contratación Directa (con ofertas),CASYBER SAS,800052954,Contactar al contratista ganador/consorcio para ofrecer suministro y cotización inmediata.,https://community.secop.gov.co/Public/Tendering/OpportunityDetail/Index?noticeUID=CO1.NTC.10652164,"CONTRATAR LA COMPRA DE SOFTWARE Y LICENCIAMIENTO  AUTOMATION STUDIO EDUCACIONAL  PARA LA ENSEÑANZA Y EL APRENDIZAJE DE LOS APRENDICES DE TECNOLOGÍAS DE LA AUTOMATIZACIÓN, MECATRÓNICA, INGENIERÍA ELÉCTRICA Y POTENCIA FLUIDA ENTRE OTROS PROGRAMAS OFERT"
CO1.REQ.10889021,DNP-SI-005-2026 (Presentación de oferta),88,Adjudicado (Contratista Seleccionado),Lead B2B de Venta Directa,Tecnología & Equipos de Cómputo,"infraestructura tecnológica, licenciamiento","$897,812,000 COP",DEPARTAMENTO NACIONAL DE PLANEACIÓN,Distrito Capital de Bogotá,Bogotá,Selección abreviada subasta inversa,DATASEC S.A.S.,901223827,Contactar al contratista ganador/consorcio para ofrecer suministro y cotización inmediata.,https://community.secop.gov.co/Public/Tendering/OpportunityDetail/Index?noticeUID=CO1.NTC.10747113,"110407626 110409126 - Adquirir la renovación del licenciamiento por suscripción en su modalidad Enterprise de la Suite de Seguridad Trellix que incluye la actualización (upgrade) y soporte especializado de esta herramienta de gestión, con el propósit"
CO1.REQ.10968577,SA-021-2026 (Manifestación de interés (Menor Cuantía)) (Presentación de oferta),88,Adjudicado (Contratista Seleccionado),Lead B2B de Venta Directa,Construcción & Obra Civil General,"obras complementarias, escenarios deportivos","$840,572,318 COP",INSTITUTO DE DEPORTES Y RECREACION DE MEDELLIN,Antioquia,Medellín,Selección Abreviada de Menor Cuantía,INGENIERIA RYD SAS,901499915,Contactar al contratista ganador/consorcio para ofrecer suministro y cotización inmediata.,https://community.secop.gov.co/Public/Tendering/OpportunityDetail/Index?noticeUID=CO1.NTC.10822604,"OBRAS DE MEJORAMIENTO, MANTENIMIENTO Y/O ADECUACIÓN Y DE COLISEOS, CANCHAS CUBIERTAS Y DEMÁS ESCENARIOS DEPORTIVOS Y RECREATIVOS ADMINISTRADOS POR EL INDER MEDELLÍN, ASÍ COMO LA EJECUCIÓN DE OBRAS COMPLEMENTARIAS NECESARIAS PARA SU ADECUADO FUNCIONAM"
CO1.REQ.10797097,CMA-02-2026 (Presentación de oferta),88,Adjudicado (Contratista Seleccionado),Lead B2B de Venta Directa,Interventoría & Consultoría,interventoría integral,"$833,716,380 COP",Rama Judicial  Dirección Seccional de Administración Judicial de Cartagena,Bolívar,Cartagena,Concurso de méritos abierto,No Definido,No Definido,Contactar al contratista ganador/consorcio para ofrecer suministro y cotización inmediata.,https://community.secop.gov.co/Public/Tendering/OpportunityDetail/Index?noticeUID=CO1.NTC.10651204,"INTERVENTORÍA INTEGRAL TÉCNICA, ADMINISTRATIVA, FINANCIERA, CONTABLE, LEGAL, AMBIENTAL, SOCIAL Y EN SEGURIDAD Y SALUD EN EL TRABAJO AL CONTRATO NO. CT04-34-2026 CUYO OBJETO ES LA CONSTRUCCIÓN DEL PALACIO DE JUSTICIA DE MAGANGUÉ, BOLÍVAR"
CO1.REQ.10583853,SID-CMA-009-2026 (Presentación de oferta),88,Adjudicado (Contratista Seleccionado),Lead B2B de Venta Directa,Interventoría & Consultoría,interventoría técnica,"$831,203,619 COP",GOBERNACIÓN DEPARTAMENTO DEL PUTUMAYO,Putumayo,Mocoa,Concurso de méritos abierto,UNIÓN TEMPORAL INTERVENTORÍA PANELES SOLARES 2026,No Definido,Contactar al contratista ganador/consorcio para ofrecer suministro y cotización inmediata.,https://community.secop.gov.co/Public/Tendering/OpportunityDetail/Index?noticeUID=CO1.NTC.10438982,"INTERVENTORÍA TÉCNICA, ADMINISTRATIVA Y FINANCIERA AL CONTRATO DE OBRA CUYO OBJETO ES: CONSTRUCCIÓN INTEGRAL DE SOLUCIONES INDIVIDUALES FOTOVOLTAICAS PARA LA GENERACIÓN DE ENERGÍA ELÉCTRICA EN VIVIENDA RURAL DISPERSA DEL MUNICIPIO DE PUERTO ASÍS EN E"
CO1.REQ.10944512,MP-LOP-002 DE 2026 (Fase de Selección (Presentación de ofertas)),88,Adjudicado (Contratista Seleccionado),Lead B2B de Venta Directa,"Construcción & Obra Civil General, Acero & Metalmecánica",estructura metalica,"$815,296,808 COP",MUNICIPIO DE PAYA,Boyacá,Paya,Licitación pública Obra Publica,SEPI LTDA,9000537522,Contactar al contratista ganador/consorcio para ofrecer suministro y cotización inmediata.,https://community.secop.gov.co/Public/Tendering/OpportunityDetail/Index?noticeUID=CO1.NTC.10798128,"CONSTRUCCION DE CORRALES GANADEROS COMUNITARIOS CON ESTRUCTURA METALICA Y CUBIERTA EN LAS VEREDAS LA UNION Y ABEJON, ASÍ COMO EL MANTENIMIENTO DE LA MANGA DE COLEO Y LA PLAZA DE FERIAS DEL MUNICIPIO DE PAYA - BOYACA."
CO1.REQ.11115108,INVITACION PRIVADA No_ 001 _2026,88,Adjudicado (Contratista Seleccionado),Lead B2B de Venta Directa,Salud: Insumos & Equipos Médicos,"insumos médicos, medicamentos, biomédicos","$799,998,000 COP",ESE HOSPITAL LOCAL ISMAEL ROLDAN VALENCIA,Chocó,Quibdó,Contratación régimen especial (con ofertas),SUMINISTROS Y MEDICAMENTOS S.A.S,901453937,Contactar al contratista ganador/consorcio para ofrecer suministro y cotización inmediata.,https://community.secop.gov.co/Public/Tendering/OpportunityDetail/Index?noticeUID=CO1.NTC.10970156,"SUMINISTRO DE INSUMOS MÉDICOS, MATERIAL MÉDICO-QUIRÚRGICO, DISPOSITIVOS BIOMÉDICOS Y MEDICAMENTOS REQUERIDOS PARA GARANTIZAR LA OPORTUNA, EFICIENTE Y CONTINUA PRESTACIÓN DE LOS SERVICIOS DE SALUD A CARGO DE LA E.S.E. HOSPITAL LOCAL ISMAEL ROLDÁN VALE"
CO1.REQ.10612733,GOB-AMA-CM-007-2026 (Presentación de oferta),88,Adjudicado (Contratista Seleccionado),Lead B2B de Venta Directa,Interventoría & Consultoría,estudios y diseños,"$799,895,000 COP",GOBERNACION DEL AMAZONAS,Amazonas,Leticia,Concurso de méritos abierto,UT PMA Puerto Nariño,902103339,Contactar al contratista ganador/consorcio para ofrecer suministro y cotización inmediata.,https://community.secop.gov.co/Public/Tendering/OpportunityDetail/Index?noticeUID=CO1.NTC.10468664,"ESTUDIOS Y DISEÑOS PARA LA ELABORACIÓN DEL PLAN MAESTRO DEL ACUEDUCTO DEL CASCO URBANO DEL MUNICIPIO DE PUERTO NARIÑO E INCLUSIÓN AL SISTEMA DE LAS COMUNIDADES PATRULLEROS, 20 DE JULIO Y PUERTO ESPERANZA EN EL DEPARTAMENTO DE AMAZONAS"
CO1.REQ.10833754,MS-PCOMP-ESAL-004-2026,88,Adjudicado (Contratista Seleccionado),Lead B2B de Venta Directa,Alimentación Escolar (PAE),"pae, alimentación escolar, alimentacion escolar","$783,506,552 COP",Alcaldía Municipal de Socha,Boyacá,Socha,Contratación régimen especial (con ofertas),FUNDACION DEDICADA A LA RESPONSABILIDAD SOCIAL FUND@R,900562400,Contactar al contratista ganador/consorcio para ofrecer suministro y cotización inmediata.,https://community.secop.gov.co/Public/Tendering/OpportunityDetail/Index?noticeUID=CO1.NTC.10689605,"AUNAR ESFUERZOS TÉCNICOS, ADMINISTRATIVOS Y, FINANCIEROS PARA BRINDAR ALIMENTACIÓN ESCOLAR A LOS ESTUDIANTES MATRICULADOS EN INSTITUCIONES EDUCATIVAS OFICIALES, DE ACUERDO CON LOS LINEAMIENTOS TÉCNICO ADMINISTRATIVOS VIGENTES PARA GARANTIZAR EL PROGR"
CO1.REQ.10874210,CAR-SASI-005-2026 (Presentación de oferta),88,Adjudicado (Contratista Seleccionado),Lead B2B de Venta Directa,Tecnología & Equipos de Cómputo,licenciamiento,"$783,340,000 COP",CORPORACION AUTONOMA REGIONAL DE CUNDINAMARCA - CAR.,Distrito Capital de Bogotá,No Definido,Selección abreviada subasta inversa,CYBERIS S.A.S,901956360,Contactar al contratista ganador/consorcio para ofrecer suministro y cotización inmediata.,https://community.secop.gov.co/Public/Tendering/OpportunityDetail/Index?noticeUID=CO1.NTC.10730488,"ADQUISICIÓN DE LICENCIAMIENTO POR SUSCRIPCIÓN (SAAS), IMPLEMENTACIÓN, TRANSFERENCIA DE CONOCIMIENTO Y SOPORTE TÉCNICO DE UNA SOLUCIÓN INTEGRAL DE PROTECCIÓN AVANZADA DE END POINTS PARA ESTACIONES DE TRABAJO Y SERVIDORES, INCLUYENDO CAPACIDADES EDR Y "
CO1.REQ.10944600,408-2026-IP,88,Adjudicado (Contratista Seleccionado),Lead B2B de Venta Directa,Energía Solar & Alumbrado Público,alumbrado público,"$775,697,730 COP",ESO RIONEGRO S.A.S.,Antioquia,Rionegro,Contratación régimen especial (con ofertas),INTERNACIONAL DE ELECTRICOS SAS,809002625,Contactar al contratista ganador/consorcio para ofrecer suministro y cotización inmediata.,https://community.secop.gov.co/Public/Tendering/OpportunityDetail/Index?noticeUID=CO1.NTC.10797894,"ADQUISICIÓN DE MATERIALES ELÉCTRICOS E INSUMOS PARA EL MANTENIMIENTO, REPOSICIONES Y EXPANSIONES PROPIAS DE LA DESCONCENTRACIÓN DEL ALUMBRADO PÚBLICO DEL MUNICIPIO DE RIONEGRO."
CO1.REQ.10583553,4182.010.32.1.332-2026 (Manifestación de interés (Menor Cuantía)) (Presentación de oferta),88,Adjudicado (Contratista Seleccionado),Lead B2B de Venta Directa,"Construcción & Obra Civil General, Agua Potable & Saneamiento","planta de tratamiento, aguas residuales, tratamiento de aguas","$764,683,702 COP",SANTIAGO DE CALI DISTRITO ESPECIAL - UNIDAD ADMINISTRATIVA ESPECIAL DE SERVICIOS PUBLICOS,Valle del Cauca,Cali,Selección Abreviada de Menor Cuantía,MC REDES CAMPOALEGRE,No Definido,Contactar al contratista ganador/consorcio para ofrecer suministro y cotización inmediata.,https://community.secop.gov.co/Public/Tendering/OpportunityDetail/Index?noticeUID=CO1.NTC.10438708,"CONTRATAR EL MEJORAMIENTO DE LA PLANTA DE TRATAMIENTO DE AGUAS RESIDUALES DOMESTICAS-PTARD CAMPOALEGRE, UBICADA EN EL CORREGIMIENTO DE MONTEBELLO, EN EL DISTRITO DE SANTIAGO DE CALI"
CO1.REQ.11014161,CD-CLD-1010-005-2026,88,Adjudicado (Contratista Seleccionado),Lead B2B de Venta Directa,Energía Solar & Alumbrado Público,"eficiencia energética, fotovoltaico","$753,580,800 COP",SENA REGIONAL CALDAS Grupo de Apoyo Administrativo Mixto,Caldas,No Definido,Contratación Directa (con ofertas),PROMOTORA ENERGÉTICA DEL CENTRO S.A.S E.S.P,900221459,Contactar al contratista ganador/consorcio para ofrecer suministro y cotización inmediata.,https://community.secop.gov.co/Public/Tendering/OpportunityDetail/Index?noticeUID=CO1.NTC.10868233,"IMPLEMENTAR UNA SOLUCIÓN INTEGRAL DE EFICIENCIA ENERGÉTICA MEDIANTE EL DISEÑO, SUMINISTRO, INSTALACIÓN, MONTAJE, PUESTA EN OPERACIÓN Y MANTENIMIENTO DE UN SISTEMA SOLAR FOTOVOLTAICO CONECTADO A LA RED ELÉCTRICA EN EL CENTRO DE DESARROLLO MINERO AMBIE"
CO1.REQ.10819759,MT-ESAL-007-2026,88,Adjudicado (Contratista Seleccionado),Lead B2B de Venta Directa,Alimentación Escolar (PAE),"pae, alimentación escolar, alimentacion escolar","$747,136,690 COP",MUNICIPIO DE TUTA,Boyacá,Tuta,Contratación régimen especial (con ofertas),FUNDACION PASITOS DE EQUIDAD,901518317,Contactar al contratista ganador/consorcio para ofrecer suministro y cotización inmediata.,https://community.secop.gov.co/Public/Tendering/OpportunityDetail/Index?noticeUID=CO1.NTC.10674067,"AUNAR ESFUERZOS TECNICOS, ADMINISTRATIVOS Y FINANCIEROS PARA BRINDAR ALIMENTACION ESCOLAR A LOS ESTUDIANTES MATRICULADOS EN INSTITUCIONES EDUCATIVAS OFICIALES, DE ACUERDO CON LOS LINEAMIENTOS TECNICO ADMINISTRATIVOS VIGENTES SEGUN CONVENIO CO1.PCCNTR"
CO1.REQ.10366017,SPOPM-CMA-001-2026 (Presentación de oferta),88,Adjudicado (Contratista Seleccionado),Lead B2B de Venta Directa,Interventoría & Consultoría,interventoria tecnica,"$742,470,491 COP",MUNICIPIO DE SAN MIGUEL PUTUMAYO,Putumayo,San Miguel,Concurso de méritos abierto,CONSORCIO UNIDADES SANITARIAS 2026,1113532859,Contactar al contratista ganador/consorcio para ofrecer suministro y cotización inmediata.,https://community.secop.gov.co/Public/Tendering/OpportunityDetail/Index?noticeUID=CO1.NTC.10223252,"INTERVENTORIA TECNICA, ADMINSITRATIVA, LEGAL, FINANCIERA, AMBIENTAL Y SOCIAL PARA EL PROYECTO: CONSTRUCCIÓN DE UNIDADES SANITARIAS CON SISTEMA DE TRATAMIENTO DE AGUAS RESIDUALES PARA EL ÁREA RURAL DISPERSA DEL MUNICIPIO DE SAN MIGUEL DEPARTAMENTO DEL"
CO1.REQ.10361018,SA-MC-01-2026 (Manifestación de interés (Menor Cuantía)) (Presentación de oferta),88,Adjudicado (Contratista Seleccionado),Lead B2B de Venta Directa,Energía Solar & Alumbrado Público,"fotovoltaica, energía solar","$737,042,388 COP",Rama Judicial  Dirección Seccional de Administración Judicial de Pereira,Risaralda,Pereira,Selección Abreviada de Menor Cuantía,VHZ INGENIERIA S.A.S,900151289,Contactar al contratista ganador/consorcio para ofrecer suministro y cotización inmediata.,https://community.secop.gov.co/Public/Tendering/OpportunityDetail/Index?noticeUID=CO1.NTC.10217921,"Contratar, en nombre de la Nación - Consejo Superior de la Judicatura - Dirección Seccional de Administración Judicial de Pereira - Risaralda, el suministro, instalación, pruebas y puesta en funcionamiento de los sistemas de energía solar fotovoltaic"
CO1.REQ.10882405,4182.010.32.1.622-2026 (Presentación de oferta),88,Adjudicado (Contratista Seleccionado),Lead B2B de Venta Directa,Interventoría & Consultoría,,"$735,000,000 COP",SANTIAGO DE CALI DISTRITO ESPECIAL - UNIDAD ADMINISTRATIVA ESPECIAL DE SERVICIOS PUBLICOS,Valle del Cauca,Cali,Concurso de méritos abierto,GEOSOLUCIONES DAJ,900640468,Contactar al contratista ganador/consorcio para ofrecer suministro y cotización inmediata.,https://community.secop.gov.co/Public/Tendering/OpportunityDetail/Index?noticeUID=CO1.NTC.10737684,"CONTRATAR LA IMPLEMENTACION DEL NODO IDESC DE INFORMACION PARA LOS SISTEMAS DE ACUEDUCTO EN LA ZONA RURAL DEL DISTRITO DE SANTIAGO DE CALI, EN EL CORREGIMIENTO DE LA BUITRERA NORTE, VEREDA LA LUISA (CORREGIMIENTO LA BUITRERA) Y LA FONDA (CORREGIMIENT"
CO1.REQ.10894682,CONV-INTER-002-2026,88,Adjudicado (Contratista Seleccionado),Lead B2B de Venta Directa,Agua Potable & Saneamiento,"acueducto, acueductos, alcantarillado","$725,680,023 COP",MUNICIPIO DE SALADOBLANCO,Huila,Saladoblanco,Contratación Directa (con ofertas),EMPRESA DE SERVICIOS PUBLICOS DE SALADOBLANCO,900245329,Contactar al contratista ganador/consorcio para ofrecer suministro y cotización inmediata.,https://community.secop.gov.co/Public/Tendering/OpportunityDetail/Index?noticeUID=CO1.NTC.10750647,"AUNAR ESFUERZOS TECNICOS, ADMINISTRATIVOS Y FINANCIEROS PARA REALIZAR LA AMPLIACION DEL ACUEDUCTO MUNICIPAL EN LOS SECTORES DE LA CIUDADELA SAN FELIPE, BARRIO VILLA LUCIANA, POZOS DE LA VIRGEN, ZONA DE EXPANSION 1, PIEDRA TAJADA, SAN RAFAEL, OPTIMIZA"
CO1.REQ.10740239,SAMC-HIL-CEFA-0003-2026 (Manifestación de interés (Menor Cuantía)) (Presentación de oferta),88,Adjudicado (Contratista Seleccionado),Lead B2B de Venta Directa,"Construcción & Obra Civil General, Agua Potable & Saneamiento","planta de tratamiento, agua potable, ptap","$723,753,984 COP",SENA REGIONAL HUILA Grupo Administrativo CEFA,Huila,Campoalegre,Selección Abreviada de Menor Cuantía,PROVELCO,No Definido,Contactar al contratista ganador/consorcio para ofrecer suministro y cotización inmediata.,https://community.secop.gov.co/Public/Tendering/OpportunityDetail/Index?noticeUID=CO1.NTC.10594657,Contratar la construcción y puesta en funcionamiento de la Planta de Tratamiento de Agua Potable (PTAP) para el Centro de Formación Agroindustrial del SENA Regional Huila
CO1.REQ.10386381,INVITACIÓN PÚBLICA -PAZSAESP-IPUB-040-2026,88,Adjudicado (Contratista Seleccionado),Lead B2B de Venta Directa,"Construcción & Obra Civil General, Agua Potable & Saneamiento","agua potable, acueducto","$715,494,440 COP",PAZ DE ARIPORO S.A. E.S.P.,Casanare,Paz De Ariporo,Contratación régimen especial (con ofertas),ROMA INTEGRAL GROUP SAS,No Definido,Contactar al contratista ganador/consorcio para ofrecer suministro y cotización inmediata.,https://community.secop.gov.co/Public/Tendering/OpportunityDetail/Index?noticeUID=CO1.NTC.10242864,"AMPLIACIÓN DE LA RED DE DISTRIBUCIÓN DEL SISTEMA DE ACUEDUCTO MUNICIPAL PARA EL ABASTECIMIENTO DE AGUA POTABLE EN EL SECTOR VILLA SARA DEL MUNICIPIO DE PAZ DE ARIPORO, DEPARTAMENTO DE CASANARE"
CO1.REQ.10627076,CMA-DEO-SGI-025-2026. (Presentación de oferta),88,Adjudicado (Contratista Seleccionado),Lead B2B de Venta Directa,Interventoría & Consultoría,interventoría integral,"$713,000,000 COP",INVIAS,Distrito Capital de Bogotá,Bogotá,Concurso de méritos abierto,AIRTIFICIAL CW INFRASTRUCTURAS COLOMBIA SAS,901200521,Contactar al contratista ganador/consorcio para ofrecer suministro y cotización inmediata.,https://community.secop.gov.co/Public/Tendering/OpportunityDetail/Index?noticeUID=CO1.NTC.10487695,"INTERVENTORÍA INTEGRAL PARA LA REHABILITACIÓN Y MANTENIMIENTO PERIODICO DE LAS CARRETERAS SAN ROQUE - LA PAZ (4901), VALLEDUPAR - LA PAZ (8004) LA PAZ - DISTRACCIÓN RUTA 4902, VALLEDUPAR- RIO SECO - SAN JUAN (8004A) PASO NACIONAL POR SAN JUAN (49GJB)"
CO1.REQ.10876948,SASI 2026-0581 (Presentación de oferta),88,Adjudicado (Contratista Seleccionado),Lead B2B de Venta Directa,Tecnología & Equipos de Cómputo,"equipos de cómputo, infraestructura tecnológica, equipos tecnológicos","$709,444,582 COP",ALCALDIA MUNICIPAL FUSAGASUGA,Cundinamarca,Fusagasugá,Selección abreviada subasta inversa,NILO TECH SAS,901841736,Contactar al contratista ganador/consorcio para ofrecer suministro y cotización inmediata.,https://community.secop.gov.co/Public/Tendering/OpportunityDetail/Index?noticeUID=CO1.NTC.10737199,"ADQUISICIÓN DE EQUIPOS TECNOLÓGICOS, EQUIPOS DE CÓMPUTO, IMPRESIÓN, DIGITALIZACIÓN Y PROTECCIÓN ELÉCTRICA PARA FORTALECER LA INFRAESTRUCTURA TECNOLÓGICA DE LAS DIFERENTES DEPENDENCIAS DEL MUNICIPIO DE FUSAGASUGÁ."
CO1.REQ.10928512,CM-SAPSB-03182-2026 (Presentación de oferta),88,Adjudicado (Contratista Seleccionado),Lead B2B de Venta Directa,Interventoría & Consultoría,consultoría especializada,"$700,000,000 COP",Gobernación Norte de Santander*,Norte de Santander,Cúcuta,Concurso de méritos abierto,UTAUN NDS II,No Definido,Contactar al contratista ganador/consorcio para ofrecer suministro y cotización inmediata.,https://community.secop.gov.co/Public/Tendering/OpportunityDetail/Index?noticeUID=CO1.NTC.10782037,"CONSULTORÍA ESPECIALIZADA PARA DESARROLLO FASE I Y FASE II DEL PLAN DE ASEGURAMIENTO DE LA PRESTACIÓN DE LOS SERVICIOS PÚBLICOS DE ACUEDUCTO, ALCANTARILLADO Y ASEO EN EL ÁREA URBANA DE LOS MUNICIPIOS PARTICIPANTES DEL PDA NORTE DE SANTANDER 2026"
CO1.REQ.10379208,IMC-011-2026,88,Adjudicado (Contratista Seleccionado),Lead B2B de Venta Directa,Tecnología & Equipos de Cómputo,licenciamiento,"$691,411,187 COP",INSTITUTO COLOMBIANO DE CREDITO EDUCATIVO Y ESTUDIO TÉCNICOS EN EL EXTERIOR MARIANO OSPINA PEREZ.,Distrito Capital de Bogotá,Bogotá,Contratación régimen especial (con ofertas),Heimcore SAS,900425697,Contactar al contratista ganador/consorcio para ofrecer suministro y cotización inmediata.,https://community.secop.gov.co/Public/Tendering/OpportunityDetail/Index?noticeUID=CO1.NTC.10239526,Renovación del licenciamiento por suscripción de los productos WSO2 para los servicios de interoperabilidad de la plataforma de contenedores y bus de servicios del ICETEX.
CO1.REQ.10628128,308-GINREDCE-2026,88,Adjudicado (Contratista Seleccionado),Lead B2B de Venta Directa,Tecnología & Equipos de Cómputo,licenciamiento,"$672,000,000 COP",DIRECCION GENERAL MARITIMA - SUBDIRECCION ADMINISTRATIVA Y FINANCIERA - SUBAFIN,Distrito Capital de Bogotá,No Definido,Contratación Directa (con ofertas),Esri Colombia S.A.S,830122983,Contactar al contratista ganador/consorcio para ofrecer suministro y cotización inmediata.,https://community.secop.gov.co/Public/Tendering/OpportunityDetail/Index?noticeUID=CO1.NTC.10526066,ADQUIRIR EL ACUERDO DE LICENCIAMIENTO CORPORATIVO (ENTERPRISE LICENSE AGREEMENT - ELA) DE LA CASA MATRIZ ESRI
CO1.REQ.10980432,CMMT-SI-007-2026 (Presentación de oferta),88,Adjudicado (Contratista Seleccionado),Lead B2B de Venta Directa,Interventoría & Consultoría,interventoría técnica,"$668,522,341 COP",MUNICIPIO DE TAURAMENA,Casanare,Tauramena,Concurso de méritos abierto,UT INTER-SYG,No Definido,Contactar al contratista ganador/consorcio para ofrecer suministro y cotización inmediata.,https://community.secop.gov.co/Public/Tendering/OpportunityDetail/Index?noticeUID=CO1.NTC.10833866,"REALIZAR LA INTERVENTORÍA TÉCNICA, ADMINISTRATIVA, FINANCIERA, CONTABLE, JURÍDICA Y AMBIENTAL PARA LA CONSTRUCCION DE REDES ELECTRICAS DE MEDIA Y BAJA TENSION EN ZONA RURAL DISPERSA Y CONSTRUCCION DE REDES DE MEDIA Y BAJA TENSION PARA AMPLIACIONES DE"
CO1.REQ.10960636,SASI-006-2026 (Presentación de oferta),88,Adjudicado (Contratista Seleccionado),Lead B2B de Venta Directa,Tecnología & Equipos de Cómputo,"equipos tecnológicos, software, infraestructura tecnológica, licenciamiento","$665,912,000 COP",GOBERNACION DEL QUINDIO ARMENIA,Quindío,Armenia,Selección abreviada subasta inversa,UPKS,829003481,Contactar al contratista ganador/consorcio para ofrecer suministro y cotización inmediata.,https://community.secop.gov.co/Public/Tendering/OpportunityDetail/Index?noticeUID=CO1.NTC.10815473,"ADQUISICIÓN DE EQUIPOS TECNOLÓGICOS, PERIFÉRICOS, CONSUMIBLES, LICENCIAMIENTO DE SOFTWARE, SOLUCIONES DE OFIMÁTICA Y DEMÁS ELEMENTOS DE INFRAESTRUCTURA TECNOLÓGICA REQUERIDOS POR LAS DEPENDENCIAS DE LA ADMINISTRACIÓN DEPARTAMENTAL, PARA EL FORTALECIM"
CO1.REQ.10743159,LP-003-2026 (Fase de Selección (Presentación de ofertas)),88,Adjudicado (Contratista Seleccionado),Lead B2B de Venta Directa,"Construcción & Obra Civil General, Agua Potable & Saneamiento","planta de tratamiento, aguas residuales, tratamiento de aguas, alcantarillado","$642,953,861 COP",AGUAS DE MANIZALES,Caldas,Manizales,Licitación pública Obra Publica,CONSULTIN P&S S.A.S.,901462340,Contactar al contratista ganador/consorcio para ofrecer suministro y cotización inmediata.,https://community.secop.gov.co/Public/Tendering/OpportunityDetail/Index?noticeUID=CO1.NTC.10600831,VARIACIÓN RED DE ALCANTARILLADO Y OPTIMIZACIÓN PLANTA DE TRATAMIENTO DE AGUAS RESIDUALES DE LA VEREDA LA PALMA SECTOR GETSEMANÍ EN EL MARCO DEL CONTRATO INTERADMINISTRATIVO NO. 2509241073 SUSCRITO ENTRE AGUAS DE MANIZALES S.A. E.S.P.- BIC Y EL MUNICI
CO1.REQ.10391419,SUBASTA ELECTRONICA No. 004 DE 2026 (Presentación de oferta),88,Adjudicado (Contratista Seleccionado),Lead B2B de Venta Directa,Tecnología & Equipos de Cómputo,"infraestructura tecnológica, licenciamiento, seguridad perimetral","$635,515,500 COP",FONDO NACIONAL AMBIENTAL - ANLA,Distrito Capital de Bogotá,No Definido,Selección abreviada subasta inversa,safety in deep sas,900443044,Contactar al contratista ganador/consorcio para ofrecer suministro y cotización inmediata.,https://community.secop.gov.co/Public/Tendering/OpportunityDetail/Index?noticeUID=CO1.NTC.10248242,"10-0-7-13-ADQUIRIR EL LICENCIAMIENTO, LA GARANTÍA Y EL SOPORTE DE LA SOLUCIÓN DE SEGURIDAD PERIMETRAL CHECKPOINT, ASÍ COMO DE LOS COMPONENTES TECNOLÓGICOS REQUERIDOS PARA LA PROTECCIÓN DE LA INFRAESTRUCTURA TECNOLÓGICA DE LA AUTORIDAD NACIONAL DE LIC"
CO1.REQ.11078151,4151.010.32.1.1308-2026 (Presentación de oferta),88,Adjudicado (Contratista Seleccionado),Lead B2B de Venta Directa,Interventoría & Consultoría,interventoría técnica,"$632,625,968 COP",SANTIAGO DE CALI DISTRITO ESPECIAL - SECRETARIA DE INFRAESTRUCTURA,Valle del Cauca,Cali,Concurso de méritos abierto,LEMOINE RIVERA INGENIEROS ASOCIADOS SAS,800175083,Contactar al contratista ganador/consorcio para ofrecer suministro y cotización inmediata.,https://community.secop.gov.co/Public/Tendering/OpportunityDetail/Index?noticeUID=CO1.NTC.10934087,"REALIZAR LA INTERVENTORÍA TÉCNICA, ADMINISTRATIVA, JURÍDICA, FINANCIERA, AMBIENTAL Y CONTABLE A LOS CONTRATOS DE OBRA PÚBLICA QUE RESULTEN DEL PROCESO DE SELECCIÓN No. 4151.010.32.1.1258-2026 QUE TIENE POR OBJETO:  REALIZAR EL MANTENIMIENTO, REHABILI"
CO1.REQ.11007204,SI-011-2026 (Presentación de oferta),88,Adjudicado (Contratista Seleccionado),Lead B2B de Venta Directa,"Alimentación Escolar (PAE), Eventos, Logística & Víveres","pae, alimentación escolar, víveres","$629,554,392 COP",ALCALDIA DE EL PEÑOL,Antioquia,Peñol,Selección abreviada subasta inversa,JORGE ARMANDO OSORIO VALLEJO,1041228221,Contactar al contratista ganador/consorcio para ofrecer suministro y cotización inmediata.,https://community.secop.gov.co/Public/Tendering/OpportunityDetail/Index?noticeUID=CO1.NTC.10862734,SUMINISTRO RACIÓN TIPO ALMUERZO Y VÍVERES PARA GARANTIZAR LA DEBIDA EJECUCIÓN DEL PROGRAMA DE ALIMENTACIÓN ESCOLAR PAE EN EL MUNICIPIO DE EL PEÑOL COMO ESTRATEGIA DE ACCESO Y PERMANENCIA AL SISTEMA EDUCATIVO
CO1.REQ.10622777,CMA-DTE-SPI-026-2026  (Presentación de oferta),88,Adjudicado (Contratista Seleccionado),Lead B2B de Venta Directa,Interventoría & Consultoría,"estudios y diseños, interventoría integral","$629,050,184 COP",INVIAS,Distrito Capital de Bogotá,Bogotá,Concurso de méritos abierto,LEMOINE RIVERA INGENIEROS ASOCIADOS SAS,800175083,Contactar al contratista ganador/consorcio para ofrecer suministro y cotización inmediata.,https://community.secop.gov.co/Public/Tendering/OpportunityDetail/Index?noticeUID=CO1.NTC.10480342,"INTERVENTORÍA INTEGRAL PARA REALIZAR LOS ESTUDIOS Y DISEÑOS PARA EL MEJORAMIENTO DEL CORREDOR CAJIBÍO - LA PEDREGOSA - BUENA VISTA, EN EL DEPARTAMENTO DEL CAUCA"
CO1.REQ.10970903,SAMC-SI-027-2026 (Manifestación de interés (Menor Cuantía)) (Presentación de oferta),88,Adjudicado (Contratista Seleccionado),Lead B2B de Venta Directa,Construcción & Obra Civil General,pavimentación,"$626,650,933 COP",GOBERNACION DE CALDAS,Caldas,No Definido,Selección Abreviada de Menor Cuantía,PROCIVING SAS,900905675,Contactar al contratista ganador/consorcio para ofrecer suministro y cotización inmediata.,https://community.secop.gov.co/Public/Tendering/OpportunityDetail/Index?noticeUID=CO1.NTC.10824502,"PAVIMENTACIÓN Y CONSTRUCCIÓN DE CUNETAS EN LA VÍA ARANZAZU - SALAMINA, DEPARTAMENTO DE CALDAS"
CO1.REQ.10984079,SVO-001-2026,88,Adjudicado (Contratista Seleccionado),Lead B2B de Venta Directa,"Agua Potable & Saneamiento, Interventoría & Consultoría","estudios y diseños, agua potable, acueducto, ptap","$622,466,658 COP",EMPRESA DE SERVICIOS PUBLICOS DOMICILIARIOS DE ITUANGO S.A. E.S.P,Antioquia,Ituango,Contratación régimen especial (con ofertas),SOICISA S.A.S,901857608,Contactar al contratista ganador/consorcio para ofrecer suministro y cotización inmediata.,https://community.secop.gov.co/Public/Tendering/OpportunityDetail/Index?noticeUID=CO1.NTC.10838422,"EVALUACIÓN TÉCNICA, ANÁLISIS DE ALTERNATIVAS Y ELABORACIÓN DE LOS ESTUDIOS Y DISEÑOS DEL SISTEMA DE CAPTACIÓN, DESARENACIÓN, ADUCCIÓN Y CONDUCCIÓN DEL ACUEDUCTO URBANO, Y DE OPTIMIZACIÓN, AMPLIACIÓN Y REHABILITACIÓN DE LA PTAP DEL MUNICIPIO DE ITUANG"
CO1.REQ.10732522,SASI-STD-CIDM-002-2026 (Presentación de oferta),88,Adjudicado (Contratista Seleccionado),Lead B2B de Venta Directa,Tecnología & Equipos de Cómputo,"software, licenciamiento","$585,525,000 COP",SENA REGIONAL SANTANDER Grupo de Apoyo Administrativo Mixto,Santander,Bucaramanga,Selección abreviada subasta inversa,GLOBAL INGENIERIA SUMINISTROS Y TECNOLOGIA BIOMEDICA S.A.S,900483816,Contactar al contratista ganador/consorcio para ofrecer suministro y cotización inmediata.,https://community.secop.gov.co/Public/Tendering/OpportunityDetail/Index?noticeUID=CO1.NTC.10586804,"CONTRATAR LA ADQUISICIÓN DEL LICENCIAMIENTO DEL SOFTWARE RHINOCEROS 8 Y COMPLEMENTOS ASOCIADOS (Artisan y VisualARQ), PARA APOYAR LA EJECUCIÓN DE LA FORMACIÓN PROFESIONAL INTEGRAL EN LOS AMBIENTES DE FORMACIÓN DEL SENA A NIVEL NACIONAL, DE ACUERDO CO"
CO1.REQ.10835223,SED-SA-SI-DDE-053-2026 (Presentación de oferta),88,Adjudicado (Contratista Seleccionado),Lead B2B de Venta Directa,Energía Solar & Alumbrado Público,energía solar,"$572,300,000 COP",SECRETARIA DE EDUCACION DEL DISTRITO,Distrito Capital de Bogotá,No Definido,Selección abreviada subasta inversa,TEMPOEFECTIVA SAS,900995679,Contactar al contratista ganador/consorcio para ofrecer suministro y cotización inmediata.,https://community.secop.gov.co/Public/Tendering/OpportunityDetail/Index?noticeUID=CO1.NTC.10689994,ADQUIRIR BANCOS DE ENERGÍA SOLAR Y EQUIPOS DE MEDICION PARA EL FORTALECIMIENTO DE LOS AMBIENTES DE FORMACION DE LAS INSTITUCIONES EDUCATIVAS DISTRITALES CONFORME A LAS NECESIDADES DE LA SECRETARIA DE EDUCACION DEL DISTRITO.
CO1.REQ.10824540,ESAL-SPB-005-2026,88,Adjudicado (Contratista Seleccionado),Lead B2B de Venta Directa,Alimentación Escolar (PAE),"pae, alimentación escolar, alimentacion escolar","$560,265,831 COP",ALCALDIA SAN PABLO DE BORBUR,Boyacá,San Pablo De Borbur,Contratación régimen especial (con ofertas),PROSERVIRTE,900918168,Contactar al contratista ganador/consorcio para ofrecer suministro y cotización inmediata.,https://community.secop.gov.co/Public/Tendering/OpportunityDetail/Index?noticeUID=CO1.NTC.10679642,"AUNAR ESFUERZOS TÉCNICOS, ADMINISTRATIVOS Y FINANCIEROS, PARA BRINDAR ALIMENTACIÓN ESCOLAR A LOS ESTUDIANTES MATRICULADOS EN INSTITUCIONES EDUCATIVAS OFICIALES, DE ACUERDO CON LOS LINEAMIENTOS TÉCNICO ADMINISTRATIVOS VIGENTES CON LOS TÉRMINOS Y ALCAN"
CO1.REQ.10388045,LP-001-2026 (Fase de Selección (Presentación de ofertas)),88,Adjudicado (Contratista Seleccionado),Lead B2B de Venta Directa,"Construcción & Obra Civil General, Agua Potable & Saneamiento","planta de tratamiento, aguas residuales, tratamiento de aguas, alcantarillado","$558,147,821 COP",AGUAS DE MANIZALES,Caldas,Manizales,Licitación pública Obra Publica,CONSORCIO GyG,9016648991,Contactar al contratista ganador/consorcio para ofrecer suministro y cotización inmediata.,https://community.secop.gov.co/Public/Tendering/OpportunityDetail/Index?noticeUID=CO1.NTC.10244718,"EXTENSIÓN RED DE ALCANTARILLADO Y CONSTRUCCIÓN PLANTA DE TRATAMIENTO DE AGUAS RESIDUALES DOMÉSTICAS DE LA VEREDA ALTO BONITO, CORREGIMIENTO MANANTIAL, ZONA RURAL DEL MUNICIPIO DE MANIZALES EN EL MARCO DEL CONTRATO INTERADMINISTRATIVO NO. 2509241073 S"
CO1.REQ.10637933,OCA-CM-004-2026 (Presentación de oferta),88,Adjudicado (Contratista Seleccionado),Lead B2B de Venta Directa,Interventoría & Consultoría,interventoría técnica,"$556,264,031 COP",ALCALDIA DEL MUNICIPIO DE ACACIAS,Meta,Acacías,Concurso de méritos abierto,CONSORCIO INTER ACACIAS 2026,No Definido,Contactar al contratista ganador/consorcio para ofrecer suministro y cotización inmediata.,https://community.secop.gov.co/Public/Tendering/OpportunityDetail/Index?noticeUID=CO1.NTC.10496327,"INTERVENTORÍA TÉCNICA, ADMINISTRATIVA, FINANCIERA, CONTABLE, AMBIENTAL Y JURÍDICA AL CONTRATO CUYO OBJETO ES  SUMINISTRO DE RACIONES ALIMENTARIAS PARA DEL PROGRAMA DE ALIMENTACIÓN ESCOLAR (PAE) COMO ESTRATEGIA DE PERMANENCIA AL SECTOR EDUCATIVO OFICI"
CO1.REQ.10742034,STD-SA-CV-001-2026  (Presentación de oferta),88,Adjudicado (Contratista Seleccionado),Lead B2B de Venta Directa,Tecnología & Equipos de Cómputo,"equipos de cómputo, infraestructura tecnológica","$546,911,352 COP",SECRETARIA DE TRANSFORMACIÓN DIGITAL - GOBERNACIÓN DE CUNDINAMARCA,Distrito Capital de Bogotá,Bogotá,Selección abreviada subasta inversa,COMPUTELSYSTEM,830049916,Contactar al contratista ganador/consorcio para ofrecer suministro y cotización inmediata.,https://community.secop.gov.co/Public/Tendering/OpportunityDetail/Index?noticeUID=CO1.NTC.10596638,ADQUIRIR EQUIPOS DE CÓMPUTO PARA ACTUALIZAR LA INFRAESTRUCTURA TECNOLÓGICA DE LOS CENTROS INTERACTIVOS DEL DEPARTAMENTO.
CO1.REQ.11005086,HFLD-002-2026,88,Adjudicado (Contratista Seleccionado),Lead B2B de Venta Directa,Construcción & Obra Civil General,"adecuación de infraestructura, infraestructura física","$543,023,035 COP",E.S.E. HOSPITAL FRONTERIZO LA DORADA,Putumayo,San Miguel,Contratación régimen especial (con ofertas),AREA INGENIERIA SAS,846000811,Contactar al contratista ganador/consorcio para ofrecer suministro y cotización inmediata.,https://community.secop.gov.co/Public/Tendering/OpportunityDetail/Index?noticeUID=CO1.NTC.10860042,ADECUACIÓN MENOR DE INFRAESTRUCTURA FÍSICA DEL UAS-C JORDÁN ORTIZ DE LA VEREDA JORDÁN ORTIZ DE LA E.S.E. HOSPITAL FRONTERIZO LA DORADA LOCALIZADO EN EL MUNICIPIO DE SAN MIGUEL DEPARTAMENTO DEL PUTUMAYO
CO1.REQ.10357107,0022 ARC-ENSUB-DLENS-2026 (Manifestación de interés (Menor Cuantía)) (Presentación de oferta),88,Adjudicado (Contratista Seleccionado),Lead B2B de Venta Directa,"Construcción & Obra Civil General, Agua Potable & Saneamiento","obras complementarias, alcantarillado","$540,581,743 COP",ARMADA NACIONAL ESCUELA NAVAL DE SUBOFICIALES ARC BARRANQUILLA,Atlántico,Barranquilla,Selección Abreviada de Menor Cuantía,INGENIERIA Y CONSTRUCCIONES JALL S.A.S.,901750665,Contactar al contratista ganador/consorcio para ofrecer suministro y cotización inmediata.,https://community.secop.gov.co/Public/Tendering/OpportunityDetail/Index?noticeUID=CO1.NTC.10213587,"CONTRATAR A TODO COSTO Y SIN FORMULA DE REAJUSTE LA CONSTRUCCIÓN DEL ALCANTARILLADO SANITARIO/PLUVIAL, SISTEMA DE ESTACIÓN DE BOMBEO DE AGUA RESIDUAL Y OBRAS COMPLEMENTARIAS DE LA ESTACIÓN DE GUARDACO"
CO1.REQ.10695614,SA-0015-2026 (Manifestación de interés (Menor Cuantía)) (Presentación de oferta),88,Adjudicado (Contratista Seleccionado),Lead B2B de Venta Directa,"Construcción & Obra Civil General, Agua Potable & Saneamiento","obras complementarias, alcantarillado","$534,324,613 COP",DEPARTAMENTO DEL ATLANTICO**,Atlántico,Barranquilla,Selección Abreviada de Menor Cuantía,CRIAR SOLUCIONES SAS,901885945,Contactar al contratista ganador/consorcio para ofrecer suministro y cotización inmediata.,https://community.secop.gov.co/Public/Tendering/OpportunityDetail/Index?noticeUID=CO1.NTC.10558175,"CONSTRUCCIÓN DE RED ELÉCTRICA Y OBRAS COMPLEMENTARIAS PARA EL SISTEMA DE ALCANTARILLADO DE LA CUENCA 3 EN EL MUNICIPIO DE USIACURÍ, DEPARTAMENTO DEL ATLÁNTICO"
CO1.REQ.10830736,ESAL-008-2026,88,Adjudicado (Contratista Seleccionado),Lead B2B de Venta Directa,Alimentación Escolar (PAE),"pae, alimentación escolar, complemento alimentario","$534,227,861 COP",MUNICIPIO DE COMBITA,Boyacá,Cómbita,Contratación régimen especial (con ofertas),FUNDACION PASITOS DE EQUIDAD,901518317,Contactar al contratista ganador/consorcio para ofrecer suministro y cotización inmediata.,https://community.secop.gov.co/Public/Tendering/OpportunityDetail/Index?noticeUID=CO1.NTC.10685303,AUNAR ESFUERZOS TÉCNICOS Y ADMINISTRATIVOS PARA LA EJECUCIÓN DEL PROGRAMA DE ALIMENTACIÓN ESCOLAR (PAE) Y SUMINISTRAR EL COMPLEMENTO ALIMENTARIO A LOS ESTUDIANTES DE LAS INSTITUCIONES EDUCATIVAS OFICIALES MUNICIPIO DE CÓMBITA EN EL SEGUNDO SEMESTRE D
CO1.REQ.11051090,2000.46.03.003-2026 (Presentación de oferta),88,Adjudicado (Contratista Seleccionado),Lead B2B de Venta Directa,Interventoría & Consultoría,estudios y diseños,"$530,090,112 COP",VALLECAUCANA DE AGUAS S.A. E.S.P,Valle del Cauca,Cali,Concurso de méritos abierto,CONSORCIO CONSULTORIA GUANABANAL 2026,No Definido,Contactar al contratista ganador/consorcio para ofrecer suministro y cotización inmediata.,https://community.secop.gov.co/Public/Tendering/OpportunityDetail/Index?noticeUID=CO1.NTC.10912211,1) FORMULACIÓN Y ESTRUCTURACIÓN DE LOS ESTUDIOS Y DISEÑOS DEL SISTEMA DE ALCANTARILLADO Y PLANTA DE TRATAMIENTO DE AGUAS RESIDUALES DEL CENTRO POBLADO DEL CORREGIMIENTO DE GUANABANAL - MUNICIPIO DE PALMIRA DEPARTAMENTO DEL VALLE DEL CAUCA. 2) FORMULA
CO1.REQ.10929203,CONTI-002-2026,88,Adjudicado (Contratista Seleccionado),Lead B2B de Venta Directa,"Agua Potable & Saneamiento, Interventoría & Consultoría","estudios y diseños, aguas residuales, tratamiento de aguas, alcantarillado","$528,776,100 COP",ALCALDIA MUNICIPIO DE SONSON,Antioquia,Sonson,Contratación Directa (con ofertas),Empresa de Desarrollo Urbano Rural Integral,901956792,Contactar al contratista ganador/consorcio para ofrecer suministro y cotización inmediata.,https://community.secop.gov.co/Public/Tendering/OpportunityDetail/Index?noticeUID=CO1.NTC.10790593,CONTRATO INTERADMINISTRATIVO DE MANDATO SIN REPRESENTACIÓN ENTRE EL MUNICIPIO DE SONSÓN Y LA EMPRESA DE DESARROLLO URBANO Y RURAL INTEGRAL  EDURI  PARA REALIZAR UNA CONSULTORÍA PARA LA ELABORACIÓN DE ESTUDIOS Y DISEÑOS DE SISTEMAS DE ALCANTARILLADO S
CO1.REQ.11020833,MP-ESEC1-CP-002-2026,88,Adjudicado (Contratista Seleccionado),Lead B2B de Venta Directa,Construcción & Obra Civil General,infraestructura física,"$512,952,057 COP",EMPRESA SOCIAL DEL ESTADO CENTRO 1 ESE,Cauca,Piendamó,Contratación régimen especial (con ofertas),CONSORCIO TUNIA 2026,No Definido,Contactar al contratista ganador/consorcio para ofrecer suministro y cotización inmediata.,https://community.secop.gov.co/Public/Tendering/OpportunityDetail/Index?noticeUID=CO1.NTC.10876134,ADECUACIÓN MENOR PARA EL MEJORAMIENTO DE LA INFRAESTRUCTURA FÍSICA EN SALUD DE LA UNIDAD DE ATENCIÓN EN SALUD TUNIA DEL MUNICIPIO DE PIENDAMO DEL DEPARTAMENTO DE CAUCA
CO1.REQ.10846514,LP-002-2026 (Fase de Selección (Presentación de ofertas)),88,Adjudicado (Contratista Seleccionado),Lead B2B de Venta Directa,"Construcción & Obra Civil General, Agua Potable & Saneamiento","ptap, acueducto, planta de tratamiento, obras complementarias, agua potable","$511,723,213 COP",MUNICIPIO DE MARIPI,Boyacá,Maripí,Licitación pública Obra Publica,CONSORCIO ACUEDUCTO MARIPI CENTRO 2026,No Definido,Contactar al contratista ganador/consorcio para ofrecer suministro y cotización inmediata.,https://community.secop.gov.co/Public/Tendering/OpportunityDetail/Index?noticeUID=CO1.NTC.10701547,"OPTIMIZACIÓN Y REHABILITACIÓN DEL SISTEMA DE ACUEDUCTO DE LA VEREDA CENTRO DEL MUNICIPIO DE MARIPÍ, DEPARTAMENTO DE BOYACÁ, MEDIANTE LA EJECUCIÓN DE OBRAS PARA LA CONSTRUCCIÓN, AMPLIACIÓN, REHABILITACIÓN, OPTIMIZACIÓN Y/O REPOSICIÓN DE LA INFRAESTRUC"
CO1.REQ.10663494,SASI-002-2026 (Presentación de oferta),88,Adjudicado (Contratista Seleccionado),Lead B2B de Venta Directa,Tecnología & Equipos de Cómputo,infraestructura tecnológica,"$511,619,318 COP",CORMACARENA,Meta,Villavicencio,Selección abreviada subasta inversa,Creartek Ingenieria Ltda.,900067110,Contactar al contratista ganador/consorcio para ofrecer suministro y cotización inmediata.,https://community.secop.gov.co/Public/Tendering/OpportunityDetail/Index?noticeUID=CO1.NTC.10518653,"SUMINISTRO, INSTALACIÓN Y CONFIGURACIÓN DE EQUIPOS Y ACCESORIOS TECNOLÓGICOS PARA OPTIMIZACIÓN DE LA INFRAESTRUCTURA TECNOLÓGICA DE LA CORPORACIÓN PARA EL DESARROLLO SOSTENIBLE DEL ÁREA DE MANEJO ESPECIAL LA MACARENA - CORMACARENA"
CO1.REQ.10955036,LOP - SVNA - SPIM - 191 - 2026 (Fase de Selección (Presentación de ofertas)),88,Adjudicado (Contratista Seleccionado),Lead B2B de Venta Directa,"Construcción & Obra Civil General, Agua Potable & Saneamiento",alcantarillado,"$511,360,917 COP",MUNICIPIO DE SARAVENA,Arauca,Saravena,Licitación pública Obra Publica,CONSORCIO ALCANTARILLADO PARAISO Y 20 JULIO SARAVENA,No Definido,Contactar al contratista ganador/consorcio para ofrecer suministro y cotización inmediata.,https://community.secop.gov.co/Public/Tendering/OpportunityDetail/Index?noticeUID=CO1.NTC.10809123,"CONSTRUCCION Y AMPLIACION DE LA RED DE ALCANTARILLADO SANITARIO EN LOS BARRIOS EL PARAISO Y 20 DE JULIO DEL MUNICIPIO DE SARAVENA, DEPARTAMENTO DE ARAUCA"
CO1.REQ.10535734,VC-LP-003 DE 2026 (Presentación de oferta),88,Adjudicado (Contratista Seleccionado),Lead B2B de Venta Directa,"Construcción & Obra Civil General, Energía Solar & Alumbrado Público",alumbrado publico,"$505,435,023 COP",Alcaldía Municipal de Villanueva Casanare,Casanare,Villanueva,Licitación pública,CONSORCIO ALUMBRADO 2026,902085551,Contactar al contratista ganador/consorcio para ofrecer suministro y cotización inmediata.,https://community.secop.gov.co/Public/Tendering/OpportunityDetail/Index?noticeUID=CO1.NTC.10395325,"MODERNIZACION DEL SISTEMA DE ALUMBRADO PUBLICO EXISTENTE MEDIANTE LA IMPLEMENTACION DE TECNOLOGIA LED, EN SECTORES PRIORIZADOS DEL AREA URBANA Y RURAL DEL MUNICIPIO DE VILLANUEVA CASANARE"
CO1.REQ.10739359,20005544 (Presentación de oferta),88,Adjudicado (Contratista Seleccionado),Lead B2B de Venta Directa,Interventoría & Consultoría,,"$504,049,822 COP",DISTRITO ESPECIAL DE CIENCIA TECNOLOGIA E INNOVACION DE MEDELLIN,Antioquia,Medellín,Concurso de méritos abierto,LABORAR COL SAS,8290024128,Contactar al contratista ganador/consorcio para ofrecer suministro y cotización inmediata.,https://community.secop.gov.co/Public/Tendering/OpportunityDetail/Index?noticeUID=CO1.NTC.10594418,Interventoría para la construcción y mejoramiento de andenes y obras complementarias.
CO1.REQ.10669390,OFERTAS N°001 DE 2026,88,Adjudicado (Contratista Seleccionado),Lead B2B de Venta Directa,"Construcción & Obra Civil General, Agua Potable & Saneamiento",alcantarillado,"$502,731,895 COP",EMPRESA A.A.A. DE TOLUVIEJO S.A. E.S.P,Sucre,Tolú Viejo,Contratación régimen especial (con ofertas),Emporio Construyendo S.A.S,901799223,Contactar al contratista ganador/consorcio para ofrecer suministro y cotización inmediata.,https://community.secop.gov.co/Public/Tendering/OpportunityDetail/Index?noticeUID=CO1.NTC.10524165,No definido
CO1.REQ.10883756,SED-CM-A-DCCEE-055-2026 (Presentación de oferta),88,Adjudicado (Contratista Seleccionado),Lead B2B de Venta Directa,Interventoría & Consultoría,estudios y diseños,"$497,142,349 COP",SECRETARIA DE EDUCACION DEL DISTRITO,Distrito Capital de Bogotá,No Definido,Concurso de méritos abierto,JAM INGENIERIA Y MEDIO AMBIENTE SAS,830084684,Contactar al contratista ganador/consorcio para ofrecer suministro y cotización inmediata.,https://community.secop.gov.co/Public/Tendering/OpportunityDetail/Index?noticeUID=CO1.NTC.10739110,ELABORACIÓN DE ESTUDIOS Y DISEÑOS PARA LA OBTENCIÓN DE LICENCIAS Y PERMISOS NECESARIOS PARA ADELANTAR LAS OBRAS DE URBANISMO DE LOS COLEGIOS PRIORIZADOS POR LA SECRETARÍA DE EDUCACIÓN DEL DISTRITO EN LA CIUDAD DE BOGOTÁ D.C.
CO1.REQ.11000207,CM-SAPSB-03200-2026 (Presentación de oferta),88,Adjudicado (Contratista Seleccionado),Lead B2B de Venta Directa,Interventoría & Consultoría,interventoría técnica,"$493,162,286 COP",Gobernación Norte de Santander*,Norte de Santander,Cúcuta,Concurso de méritos abierto,CONSORCIO PTAR NS 2026,No Definido,Contactar al contratista ganador/consorcio para ofrecer suministro y cotización inmediata.,https://community.secop.gov.co/Public/Tendering/OpportunityDetail/Index?noticeUID=CO1.NTC.10853984,"INTERVENTORÍA TÉCNICA, ADMINISTRATIVA, JURÍDICA, CONTABLE, FINANCIERA Y AMBIENTAL AL CONTRATO DE CONSTRUCCIÓN PLANTA DE TRATAMIENTO DE AGUAS RESIDUALES DEL MUNICIPIO DE PAMPLONITA, NORTE DE SANTANDER"
CO1.REQ.10588939,126-2026,88,Adjudicado (Contratista Seleccionado),Lead B2B de Venta Directa,"Agua Potable & Saneamiento, Vehículos & Maquinaria","retroexcavadora, alcantarillado","$491,450,000 COP",EMPRESA DE SERVICIOS PÚBLICOS DE FUSAGASUGÁ,Cundinamarca,Fusagasugá,Contratación régimen especial (con ofertas),DINISSAN,860001307,Contactar al contratista ganador/consorcio para ofrecer suministro y cotización inmediata.,https://community.secop.gov.co/Public/Tendering/OpportunityDetail/Index?noticeUID=CO1.NTC.10444897,ADQUISICIÓN DE UNA MAQUINARIA TIPO RETROEXCAVADORA PARA LA DIVISIÓN DE ALCANTARILLADO DE LA EMPRESA DE SERVICIOS PÚBLICOS DE FUSAGASUGÁ EMSERFUSA E.S.P.
CO1.REQ.10961511,ICCU-CM-046-2026 (Presentación de oferta),88,Adjudicado (Contratista Seleccionado),Lead B2B de Venta Directa,Interventoría & Consultoría,interventoría técnica,"$491,303,400 COP",INSTITUTO DE CAMINOS Y CONSTRUCCIONES DE CUNDINAMARCA - ICCU,Distrito Capital de Bogotá,Bogotá,Concurso de méritos abierto,TOPOLOGIA SAS BIC,901868134,Contactar al contratista ganador/consorcio para ofrecer suministro y cotización inmediata.,https://community.secop.gov.co/Public/Tendering/OpportunityDetail/Index?noticeUID=CO1.NTC.10818791,"INTERVENTORÍA TÉCNICA, ADMINISTRATIVA, FINANCIERA Y LEGAL PARA LA TERMINACIÓN DEL PUESTO DE SALUD DE GACHANCIPÁ ADSCRITO A LA E.S.E. SAN ANTONIO DE SESQUILÉ DEL DEPARTAMENTO DE CUNDINAMARCA"
CO1.REQ.10520566,295-GINREDCE-2026 (Presentación de oferta),88,Adjudicado (Contratista Seleccionado),Lead B2B de Venta Directa,Tecnología & Equipos de Cómputo,equipos de cómputo,"$490,788,927 COP",DIRECCION GENERAL MARITIMA - SUBDIRECCION ADMINISTRATIVA Y FINANCIERA - SUBAFIN,Distrito Capital de Bogotá,No Definido,Selección abreviada subasta inversa,COMERCIALIZADORA SERLE.COM,800089897,Contactar al contratista ganador/consorcio para ofrecer suministro y cotización inmediata.,https://community.secop.gov.co/Public/Tendering/OpportunityDetail/Index?noticeUID=CO1.NTC.10377208,ADQUISICIÓN DE EQUIPOS DE CÓMPUTO PARA LA DIRECCIÓN GENERAL MARÍTIMA
CO1.REQ.10935695,PN DISAN SA 010 2026_3,88,Adjudicado (Contratista Seleccionado),Lead B2B de Venta Directa,"Dotación, Uniformes & Mobiliario",mobiliario,"$489,926,000 COP",DIRECCION DE SANIDAD DE LA POLICIA NACIONAL - DISAN PONAL,Distrito Capital de Bogotá,No Definido,Selección abreviada subasta inversa,INDUSTRIAS CRUZ HERMANOS S.A,860051447,Contactar al contratista ganador/consorcio para ofrecer suministro y cotización inmediata.,https://community.secop.gov.co/Public/Tendering/OpportunityDetail/Index?noticeUID=CO1.NTC.10790228,ADQUISICIÓN E INSTALACIÓN DE MOBILIARIO ADMINISTRATIVO PARA LA DIRECCIÓN DE SANIDAD DE LA POLICÍA NACIONAL
CO1.REQ.11084660,SAMC-MGA-010-2026 (Manifestación de interés (Menor Cuantía)) (Presentación de oferta),88,Adjudicado (Contratista Seleccionado),Lead B2B de Venta Directa,"Construcción & Obra Civil General, Agua Potable & Saneamiento","acueducto, pavimento rigido, alcantarillado","$487,144,140 COP",ALCALDIA MUNICIPAL DE MALAGA,Santander,Málaga,Selección Abreviada de Menor Cuantía,ASOCONSTRUCCIONES RJ S.A.S,900557482,Contactar al contratista ganador/consorcio para ofrecer suministro y cotización inmediata.,https://community.secop.gov.co/Public/Tendering/OpportunityDetail/Index?noticeUID=CO1.NTC.10940241,"OPTIMIZACIÓN DE LA RED DE ALCANTARILLADO SANITARIO, ALCANTARILLADO PLUVIAL, RED DE ACUEDUCTO, CONSTRUCCIÓN DE PAVIMENTO RIGIDO Y ANDENES SOBRE UN TRAMO DE LA CARRERA 10 ENTRE CALLES 11 Y 12, UN TRAMO DE LA CALLE 11 ENTRE CARRERAS 9 Y 10, Y LA INTERSE"
CO1.REQ.11078180,CDC CAM-005-2026 (Presentación de oferta),88,Adjudicado (Contratista Seleccionado),Lead B2B de Venta Directa,Interventoría & Consultoría,consultoría especializada,"$486,000,000 COP",CONTRALORIA DE CUNDINAMARCA,Distrito Capital de Bogotá,Bogotá,Concurso de méritos abierto,BE FOR,901432951,Contactar al contratista ganador/consorcio para ofrecer suministro y cotización inmediata.,https://community.secop.gov.co/Public/Tendering/OpportunityDetail/Index?noticeUID=CO1.NTC.10933968,"REALIZAR LA CONSULTORÍA ESPECIALIZADA PARA EL FORTALECIMIENTO DE CRITERIOS TÉCNICOS, INSTRUMENTOS METODOLÓGICOS, HERRAMIENTAS E INDICADORES PARA EL APOYO Y APLICACIÓN EN LOS PROCESOS DE PLANEACIÓN, EJECUCIÓN Y EVALUACIÓN DE LAS AUDITORÍAS ADELANTADAS"
CO1.REQ.10955523,SAMT-SI-001-2026 (Manifestación de interés (Menor Cuantía)) (Presentación de oferta),88,Adjudicado (Contratista Seleccionado),Lead B2B de Venta Directa,"Construcción & Obra Civil General, Energía Solar & Alumbrado Público","alumbrado publico, fotovoltaico, luminarias led","$482,671,254 COP",MUNICIPIO DE TAURAMENA,Casanare,Tauramena,Selección Abreviada de Menor Cuantía,M&M MONTAJES SAS,900672506,Contactar al contratista ganador/consorcio para ofrecer suministro y cotización inmediata.,https://community.secop.gov.co/Public/Tendering/OpportunityDetail/Index?noticeUID=CO1.NTC.10812049,"CONSTRUCCIÓN ALUMBRADO PUBLICO FOTOVOLTAICO TIPO OFF GRID PARA LUMINARIAS LED STAND ALONE, EN LAS VEREDA JAGÜITO, EN EL MUNICIPIO DE TAURAMENA, CASANARE"
CO1.REQ.11043733,SASI 010-049-2026 (Presentación de oferta),88,Adjudicado (Contratista Seleccionado),Lead B2B de Venta Directa,"Eventos, Logística & Víveres","frutas, verduras","$480,000,000 COP",AGENCIA LOGISTICA DE LAS FUERZAS MILITARES,Distrito Capital de Bogotá,Bogotá,Selección abreviada subasta inversa,ESTELA ISABEL YANCE SILVA,No Definido,Contactar al contratista ganador/consorcio para ofrecer suministro y cotización inmediata.,https://community.secop.gov.co/Public/Tendering/OpportunityDetail/Index?noticeUID=CO1.NTC.10898737,"CONTRATAR EL SUMINISTRO DE FRUTAS, VERDURAS, TUBÉRCULOS, LÁCTEOS, CARNES, PANADERÍA, PESCADOS, FRITOS, PRODUCTOS EMPACADOS DIFERENTES PRESENTACIONES Y DEMÁS ALIMENTOS PARA APROVISIONAR EL COMEDOR DE TROPAS BATALLÓN DE ENTRENAMIENTO Y RE ENTRENAMIENTO"
CO1.REQ.10522726,GOB-AMA-CM-008-2026 (Presentación de oferta),88,Adjudicado (Contratista Seleccionado),Lead B2B de Venta Directa,Interventoría & Consultoría,interventoria tecnica,"$475,119,286 COP",GOBERNACION DEL AMAZONAS,Amazonas,Leticia,Concurso de méritos abierto,Jorge Elvecio Baquero Diaz,19204123,Contactar al contratista ganador/consorcio para ofrecer suministro y cotización inmediata.,https://community.secop.gov.co/Public/Tendering/OpportunityDetail/Index?noticeUID=CO1.NTC.10378631,"INTERVENTORIA TECNICA, ADMINISTRATIVA Y FINANCIERA AL CONTRATO PARA LA CONSTRUCCIÓN DE ESQUEMAS DIFERENCIALES TIPO SCALL PARA SISTEMAS DE ACUEDUCTO EN COMUNIDADES INDÍGENAS DE LAS ÁREAS NO MUNICIPALIZADAS DEL DEPARTAMENTO DE AMAZONAS"
CO1.REQ.11159250,CD-SI-1781-2026,88,Adjudicado (Contratista Seleccionado),Lead B2B de Venta Directa,Construcción & Obra Civil General,"vías terciarias, mejoramiento de vías","$470,000,000 COP",GOBERNACION DE CALDAS,Caldas,No Definido,Contratación Directa (con ofertas),MUNICIPIO DE RISARALDA,800095461,Contactar al contratista ganador/consorcio para ofrecer suministro y cotización inmediata.,https://community.secop.gov.co/Public/Tendering/OpportunityDetail/Index?noticeUID=CO1.NTC.11017716,"AUNAR ESFUERZOS TÉCNICOS, ADMINISTRATIVOS Y FINANCIEROS PARA EL MEJORAMIENTO DE VÍAS TERCIARIAS MEDIANTE LA CONSTRUCCIÓN DE PLACAS HUELLA EN LA ZONA RURAL EN EL MUNICIPIO DE RISARALDA DEPARTAMENTO DE CALDAS"
CO1.REQ.10747136,SAMC-006-2026 (Manifestación de interés (Menor Cuantía)) (Presentación de oferta),88,Adjudicado (Contratista Seleccionado),Lead B2B de Venta Directa,"Construcción & Obra Civil General, Agua Potable & Saneamiento","aguas residuales, ptar, alcantarillado","$468,460,557 COP",MUNICIPIO DE MACHETA,Cundinamarca,Macheta,Selección Abreviada de Menor Cuantía,CONSORCIO ALCANTARILLADO MACHETA,No Definido,Contactar al contratista ganador/consorcio para ofrecer suministro y cotización inmediata.,https://community.secop.gov.co/Public/Tendering/OpportunityDetail/Index?noticeUID=CO1.NTC.10601476,"MEJORAMIENTO Y OPTIMIZACIÓN DE LA INFRAESTRUCTURA DE RECOLECCIÓN, CONDUCCIÓN Y TRANSPORTE DE AGUAS RESIDUALES DEL MUNICIPIO DE MACHETÁ, CUNDINAMARCA, MEDIANTE LA CONSTRUCCIÓN DE OBRAS DE ALCANTARILLADO SANITARIO EN EL SECTOR LA BOMBA Y LA REHABILITAC"
CO1.REQ.10982469,SI-009-2026 (Presentación de oferta),88,Adjudicado (Contratista Seleccionado),Lead B2B de Venta Directa,Salud: Insumos & Equipos Médicos,medicamentos,"$467,376,000 COP",MUNICIPIO DE MANIZALES,Caldas,Manizales,Selección abreviada subasta inversa,DIANA GIOVANNA YEPES RUBIO,No Definido,Contactar al contratista ganador/consorcio para ofrecer suministro y cotización inmediata.,https://community.secop.gov.co/Public/Tendering/OpportunityDetail/Index?noticeUID=CO1.NTC.10835795,"SUMINISTRO DE MEDICAMENTOS, PRODUCTOS AGROVETERINARIOS, QUIRÚRGICOS, BIOLÓGICOS Y DE DIAGNÓSTICO RÁPIDO QUE CONTRIBUYAN AL BIENESTAR DE LOS ANIMALES ATENDIDOS POR EL GRUPO DE PROTECCIÓN ANIMAL DE LA CIUDAD DE MANIZALES"
CO1.REQ.10536206,SPOPM-SAMC-005-2026 (Manifestación de interés (Menor Cuantía)) (Presentación de oferta),88,Adjudicado (Contratista Seleccionado),Lead B2B de Venta Directa,"Construcción & Obra Civil General, Agua Potable & Saneamiento","obras complementarias, alcantarillado","$458,906,781 COP",MUNICIPIO DE SAN MIGUEL PUTUMAYO,Putumayo,San Miguel,Selección Abreviada de Menor Cuantía,EPY SUR COLOMBIANA S.A.S.,901908220,Contactar al contratista ganador/consorcio para ofrecer suministro y cotización inmediata.,https://community.secop.gov.co/Public/Tendering/OpportunityDetail/Index?noticeUID=CO1.NTC.10392281,"AMPLIACIÓN Y OPTIMIZACION DE ALCANTARILLADO SANITARIO SECTOR NUEVA RISARALDA Y OBRAS COMPLEMENTARIAS EN LA DORADA MUNICIPIO DE SAN MIGUEL, PUTUMAYO"
CO1.REQ.10740327,PN DINCO SA 032 2026 (Presentación de oferta),88,Adjudicado (Contratista Seleccionado),Lead B2B de Venta Directa,Tecnología & Equipos de Cómputo,"computadores, software, licencias de software","$452,232,841 COP",DIRECCIÓN DE INCORPORACIÓN-DINCO,Distrito Capital de Bogotá,Bogotá,Selección abreviada subasta inversa,MULTITINTAS.INK S.A.S,901378857,Contactar al contratista ganador/consorcio para ofrecer suministro y cotización inmediata.,https://community.secop.gov.co/Public/Tendering/OpportunityDetail/Index?noticeUID=CO1.NTC.10597087,ADQUISICIÓN COMPUTADORES AIO Y LICENCIAS DE SOFTWARE OFFICE PARA LAS UNIDADES DESCONCENTRADAS DE LA DIRECCIÓN DE INCORPORACIÓN DE LA POLICÍA NACIONAL
CO1.REQ.10944695,FDLSUBA-SA-MC-005-2026 (155639) (Manifestación de interés (Menor Cuantía)) (Presentación de oferta),88,Adjudicado (Contratista Seleccionado),Lead B2B de Venta Directa,Construcción & Obra Civil General,infraestructura física,"$450,000,000 COP",ALCALDÍA LOCAL DE SUBA,Distrito Capital de Bogotá,Bogotá,Selección Abreviada de Menor Cuantía,DISEÑOS Y CONSTRUCCIONES SAS,No Definido,Contactar al contratista ganador/consorcio para ofrecer suministro y cotización inmediata.,https://community.secop.gov.co/Public/Tendering/OpportunityDetail/Index?noticeUID=CO1.NTC.10798935,"EJECUTAR A PRECIOS UNITARIOS FIJOS Y A MONTO AGOTABLE LAS OBRAS DE MANTENIMIENTO PREVENTIVO, RUTINARIO Y/O CORRECTIVO DE LA INFRAESTRUCTURA FÍSICA DE LAS SEDES DE PROPIEDAD O TENENCIA DE LA ALCALDÍA LOCAL DE SUBA"
CO1.REQ.11104330,MS-SAMC-015-2026 (Manifestación de interés (Menor Cuantía)) (Presentación de oferta),88,Adjudicado (Contratista Seleccionado),Lead B2B de Venta Directa,Construcción & Obra Civil General,"malla vial, placa huella","$449,650,202 COP",MUNICIPIO DE SACHICA,Boyacá,Sáchica,Selección Abreviada de Menor Cuantía,No Definido,No Definido,Contactar al contratista ganador/consorcio para ofrecer suministro y cotización inmediata.,https://community.secop.gov.co/Public/Tendering/OpportunityDetail/Index?noticeUID=CO1.NTC.10959611,"MEJORAMIENTO DE LA MALLA VIAL MEDIANTE LA CONSTRUCCIÓN DE PLACA HUELLA EN LA VEREDA EL ESPINAL CORRESPONDIENTE AL MUNICIPIO DE SÁCHICA, DEPARTAMENTO DE BOYACÁ"
CO1.REQ.10347509,CM-SSECD-001-2026 (Presentación de oferta),88,Adjudicado (Contratista Seleccionado),Lead B2B de Venta Directa,Interventoría & Consultoría,interventoría técnica,"$448,409,225 COP",ALCALDIA DE GUAMAL - META,Meta,Guamal,Concurso de méritos abierto,EDELMIRA SIERRA GUTIERREZ,24227103,Contactar al contratista ganador/consorcio para ofrecer suministro y cotización inmediata.,https://community.secop.gov.co/Public/Tendering/OpportunityDetail/Index?noticeUID=CO1.NTC.10204528,"INTERVENTORÍA TÉCNICA, ADMINISTRATIVA, FINANCIERA, JURÍDICA Y CONTABLE AL CONTRATO DE IMPLEMENTACIÓN DEL PROGRAMA DE ALIMENTACIÓN ESCOLAR PARA LOS ESTUDIANTES DE LAS SEDES EDUCATIVAS RURALES DE LA INSTITUCION EDUCATIVA NICOLAS DE FEDERMAN DEL MUNICIP"
CO1.REQ.11011631,INV-SA-015-2026 (Manifestación de interés (Menor Cuantía)) (Presentación de oferta),88,Adjudicado (Contratista Seleccionado),Lead B2B de Venta Directa,"Construcción & Obra Civil General, Energía Solar & Alumbrado Público","alumbrado público, obras civiles","$444,379,064 COP",INSTITUTO DE VALORIZACION DE MANIZALES,Caldas,Manizales,Selección Abreviada de Menor Cuantía,PRANA C&G CONSTRUCCIONES SAS,901248079,Contactar al contratista ganador/consorcio para ofrecer suministro y cotización inmediata.,https://community.secop.gov.co/Public/Tendering/OpportunityDetail/Index?noticeUID=CO1.NTC.10865707,"OBRAS CIVILES DE CONSTRUCCIÓN DE INFRAESTRUCTURA DE ALUMBRADO PÚBLICO PARA LA INSTALACIÓN Y PUESTA EN FUNCIONAMIENTO DE LA ILUMINACIÓN, FUNCIONAL Y ORNAMENTAL, DE LOS NUEVOS PROYECTOS EN ESPACIO PÚBLICO DEL MUNICIPIO DE MANIZALES"
CO1.REQ.11095665,SAMC-013-2026 (Manifestación de interés (Menor Cuantía)) (Presentación de oferta),88,Adjudicado (Contratista Seleccionado),Lead B2B de Venta Directa,"Construcción & Obra Civil General, Agua Potable & Saneamiento","planta de tratamiento, agua potable, acueducto","$439,613,391 COP",MUNICIPIO VILLA CARO,Norte de Santander,Villa Caro,Selección Abreviada de Menor Cuantía,CORICELLA,901729337,Contactar al contratista ganador/consorcio para ofrecer suministro y cotización inmediata.,https://community.secop.gov.co/Public/Tendering/OpportunityDetail/Index?noticeUID=CO1.NTC.10951304,"OPTIMIZACION DE LA PLANTA DE TRATAMIENTO DE AGUA POTABLE Y SISTEMAS DE CAPTACION DEL ACUEDUCTO QUE ABASTECE AL CASCO URBANO DEL MUNICIPIO DE VILLA CARO, NORTE DE SANTANDER"
CO1.REQ.10801971,CD-CI-04082026-001,88,Adjudicado (Contratista Seleccionado),Lead B2B de Venta Directa,Agua Potable & Saneamiento,"agua potable, acueducto, alcantarillado","$438,981,909 COP",ALCALDIA DE SAN PABLO - BOLIVAR,Bolívar,San Pablo,Contratación Directa (con ofertas),EMACALA EPS SAS,900335037,Contactar al contratista ganador/consorcio para ofrecer suministro y cotización inmediata.,https://community.secop.gov.co/Public/Tendering/OpportunityDetail/Index?noticeUID=CO1.NTC.10655703,"CONVENIO INTERADMINISTRATIVO ENTE EL MUNICIPIO DE SAN PABLO BOLÍVAR Y LA EMPRESA MUNICIPAL DE ACUEDUCTO, ALCANTARILLADO Y ASEO EMACALA S.A.S. E.S.P PARA LA TRANSFERENCIA DE LOS RECURSOS DEL FSRI Y LOS RECURSOS DE INVERSION EN EL SECTOR AGUA POTABLE Y"
CO1.REQ.10551855,UAEJPMP-SASI-002-2026 (Presentación de oferta),88,Adjudicado (Contratista Seleccionado),Lead B2B de Venta Directa,Tecnología & Equipos de Cómputo,infraestructura tecnológica,"$432,408,300 COP",UNIDAD ADMINISTRATIVA ESPECIAL DE LA JUSTICIA PENAL MILITAR Y POLICIAL,Distrito Capital de Bogotá,Bogotá,Selección abreviada subasta inversa,E-DEA NETWORKS SAS,900265026,Contactar al contratista ganador/consorcio para ofrecer suministro y cotización inmediata.,https://community.secop.gov.co/Public/Tendering/OpportunityDetail/Index?noticeUID=CO1.NTC.10408501,"Renovación y adquisición de las licencias por suscripción SolarWinds todo incluido, para el monitoreo de la infraestructura tecnológica de la Unidad Administrativa Especial de la Justicia Penal Militar y Policial."
CO1.REQ.10724375,SASI-005-2026 (Presentación de oferta),88,Adjudicado (Contratista Seleccionado),Lead B2B de Venta Directa,Tecnología & Equipos de Cómputo,licenciamiento,"$427,665,000 COP",SUPERINTENDENCIA DE VIGILANCIA Y SEGURIDAD PRIVADA - MD,Distrito Capital de Bogotá,Bogotá,Selección abreviada subasta inversa,GLOBALTEK SECURITY S.A.S.,830001516,Contactar al contratista ganador/consorcio para ofrecer suministro y cotización inmediata.,https://community.secop.gov.co/Public/Tendering/OpportunityDetail/Index?noticeUID=CO1.NTC.10579321,"CONTRATAR LA RENOVACIÓN DEL LICENCIAMIENTO, SOPORTE Y MANTENIMIENTO PARA EL FIREWALL Y LICENCIAS COMPLEMENTARIAS DE SEGURIDAD PARA LA SVSP."
CO1.REQ.10797487,MDC-SI-CMA-001-2026 (Presentación de oferta),88,Adjudicado (Contratista Seleccionado),Lead B2B de Venta Directa,Interventoría & Consultoría,interventoria tecnica,"$418,294,580 COP",ALCALDÍA MUNICIPAL DE CANDELARIA VALLE,Valle del Cauca,Candelaria,Concurso de méritos abierto,INTEGRATED GLOBAL SOLUTIONS S.A.S.,901081083,Contactar al contratista ganador/consorcio para ofrecer suministro y cotización inmediata.,https://community.secop.gov.co/Public/Tendering/OpportunityDetail/Index?noticeUID=CO1.NTC.10651242,"INTERVENTORIA TECNICA, ADMINISTRATIVA, JURÍDICA, FINANCIERA Y AMBIENTAL A LA PRESTACIÓN DEL SERVICIO DE ALUMBRADO PÚBLICO EN EL MUNICIPIO DE CANDELARIA - VALLE"
CO1.REQ.10983068,CAR-CM-002-2026. (Presentación de oferta),88,Adjudicado (Contratista Seleccionado),Lead B2B de Venta Directa,Interventoría & Consultoría,"estudios y diseños, interventoría técnica","$415,168,545 COP",CORPORACION AUTONOMA REGIONAL DE CUNDINAMARCA - CAR.,Distrito Capital de Bogotá,No Definido,Concurso de méritos abierto,CONSORCIO INTERVENTORÍA SESQUILE 2026,No Definido,Contactar al contratista ganador/consorcio para ofrecer suministro y cotización inmediata.,https://community.secop.gov.co/Public/Tendering/OpportunityDetail/Index?noticeUID=CO1.NTC.10837191,"INTERVENTORÍA TÉCNICA, ADMINISTRATIVA, FINANCIERA Y AMBIENTAL PARA EL CONTRATO CUYO OBJETO CORRESPONDE A  ESTUDIOS Y DISEÑOS A NIVEL DE INGENIERÍA DE DETALLE PARA LA  OPTIMIZACIÓN DEL SISTEMA DE TRATAMIENTO DE AGUAS RESIDUALES PTAR I DEL MUNICIPIO DE"
CO1.REQ.11104692,SI-SI-CMA-009-2026 (Presentación de oferta),88,Adjudicado (Contratista Seleccionado),Lead B2B de Venta Directa,Interventoría & Consultoría,interventoria integral,"$412,358,469 COP",MUNICIPIO DE BUCARAMANGA,Santander,Bucaramanga,Concurso de méritos abierto,CONSORCIO INTER CTP,No Definido,Contactar al contratista ganador/consorcio para ofrecer suministro y cotización inmediata.,https://community.secop.gov.co/Public/Tendering/OpportunityDetail/Index?noticeUID=CO1.NTC.10960738,INTERVENTORIA INTEGRAL PARA LA ADECUACIÓN DEL CENTRO DE TRASLADO POR PROTECCIÓN (CTP) PARA EL FORTALECIMIENTO DE LA CONVIVENCIA Y SEGURIDAD CIUDADANA DEL MUNICIPIO DE BUCARAMANGA
CO1.REQ.10767312,SAMC 010-2026 (Manifestación de interés (Menor Cuantía)) (Presentación de oferta),88,Adjudicado (Contratista Seleccionado),Lead B2B de Venta Directa,"Construcción & Obra Civil General, Agua Potable & Saneamiento","obras complementarias, alcantarillado","$406,297,448 COP",MUNICIPIO DE EL PAUJIL,Caquetá,El Paujil,Selección Abreviada de Menor Cuantía,GRUPO EMPRESARIAL GLES,901052002,Contactar al contratista ganador/consorcio para ofrecer suministro y cotización inmediata.,https://community.secop.gov.co/Public/Tendering/OpportunityDetail/Index?noticeUID=CO1.NTC.10621276,"Optimización de la red de alcantarillado Pluvial, incluyendo obras complementarias en el sector del barrio Las Mercedes en la carrera primera Este bis con calle quinta del municipio de El Paujil"
CO1.REQ.11004867,CIY 003-2026,88,Adjudicado (Contratista Seleccionado),Lead B2B de Venta Directa,"Construcción & Obra Civil General, Agua Potable & Saneamiento","acueducto, alcantarillado, ptap","$406,098,091 COP",MUNICIPIO DE YONDO,Antioquia,Yondó,Contratación Directa (con ofertas),AGUAS Y ASEO DE YONDO S.A. E.S.P.,811021151,Contactar al contratista ganador/consorcio para ofrecer suministro y cotización inmediata.,https://community.secop.gov.co/Public/Tendering/OpportunityDetail/Index?noticeUID=CO1.NTC.10862185,"AUNAR ESFUERZOS ORIENTADOS A FORTALECER LAS ACCIONES PARA EL FORTALECIMIENTO DE LOS SERVICIOS PÚBLICOS DOMICILIARIOS, PARA BRINDAR APOYO INTEGRAL EN EL CUMPLIMIENTO DE LOS CLASIFICADORES PROGRAMÁTICOS DE LA INVERSIÓN PÚBLICA CON ACCIONES ENCAMINADAS "
CO1.REQ.11058064,CMA-INTV-2026-004 (Presentación de oferta),88,Adjudicado (Contratista Seleccionado),Lead B2B de Venta Directa,Interventoría & Consultoría,interventoría integral,"$405,230,656 COP",MUNICIPIO DE PUERTO RICO - CAQUETA,Caquetá,Puerto Rico,Concurso de méritos abierto,No Definido,No Definido,Contactar al contratista ganador/consorcio para ofrecer suministro y cotización inmediata.,https://community.secop.gov.co/Public/Tendering/OpportunityDetail/Index?noticeUID=CO1.NTC.10925337,"INTERVENTORÍA INTEGRAL PARA EL SEGUIMIENTO ADMINISTRATIVO, TÉCNICO, FINANCIERO, CONTABLE Y JURÍDICO, DEL CONTRATO DE OBRA RESULTANTE DEL PROCESO DE LICITACIÓN DE OBRA PÚBLICA N° LP-2026-001 CUYO OBJETO ES  MEJORAMIENTO EN PAVIMENTO RÍGIDO DE 2.07 KM "
CO1.REQ.10589264,FTIC-SAPMC-002-2026 (Manifestación de interés (Menor Cuantía)) (Presentación de oferta),88,Adjudicado (Contratista Seleccionado),Lead B2B de Venta Directa,Energía Solar & Alumbrado Público,"paneles solares, fotovoltaico","$403,793,985 COP",FONDO UNICO DE TECNOLOGÍAS DE LA INFORMACIÓN Y LAS COMUNICACIONES,Distrito Capital de Bogotá,Bogotá,Selección Abreviada de Menor Cuantía,UT SMART ISR TIC,000000000,Contactar al contratista ganador/consorcio para ofrecer suministro y cotización inmediata.,https://community.secop.gov.co/Public/Tendering/OpportunityDetail/Index?noticeUID=CO1.NTC.10443941,4440039 CONTRATAR LA ADQUISICIÓN INSTALACIÓN Y PUESTA EN SERVICIO DE UN SISTEMA DE GENERACIÓN SOLAR FOTOVOLTAICO PARA EL MINISTERIO DE TECNOLOGÍAS DE INFORMACIÓN Y LAS COMUNICACIONES
CO1.REQ.10930125,SAMC-011-2026 (Manifestación de interés (Menor Cuantía)) (Presentación de oferta),88,Adjudicado (Contratista Seleccionado),Lead B2B de Venta Directa,"Construcción & Obra Civil General, Agua Potable & Saneamiento","obras civiles, alcantarillado","$402,938,950 COP",ALCALDIA DE SAN PABLO - BOLIVAR,Bolívar,San Pablo,Selección Abreviada de Menor Cuantía,DINGECO HR SAS,901435054,Contactar al contratista ganador/consorcio para ofrecer suministro y cotización inmediata.,https://community.secop.gov.co/Public/Tendering/OpportunityDetail/Index?noticeUID=CO1.NTC.10784119,"CONTRATAR LA EJECUCIÓN DE LAS OBRAS CIVILES PARA LA CONSTRUCCIÓN DE LAS REDES E INFRAESTRUCTURA ASOCIADA AL SISTEMA DE ALCANTARILLADO SANITARIO EN LAS CARRERAS 25 Y 29 DEL BARRIO EL BOSQUE DEL MUNICIPIO DE SAN PABLO, DEPARTAMENTO DE BOLÍVAR"
CO1.REQ.10506719,241-CMA-CENACINGENIEROS-2026  (Presentación de oferta),88,Adjudicado (Contratista Seleccionado),Lead B2B de Venta Directa,Interventoría & Consultoría,estudios y diseños,"$401,954,298 COP",CENTRAL ADMINISTRATIVA ESPECIALIZADA INGENIEROS CENAC INGENIEROS,Distrito Capital de Bogotá,Bogotá,Concurso de méritos abierto,Diseño Estrategico de Servicios Públicos S.A.S,811022240,Contactar al contratista ganador/consorcio para ofrecer suministro y cotización inmediata.,https://community.secop.gov.co/Public/Tendering/OpportunityDetail/Index?noticeUID=CO1.NTC.10391067,"ELABORACIÓN DE INFORMACIÓN TÉCNICA, REQUERIDA PARA LOS PROYECTOS PTAR Y REDES HIDROSANITARIAS DE LA UNIDAD BASMIL - GMTEQ (LA CALERA, CUNDINAMARCA); PTAR DE LA UNIDAD BIJUL (LAS ANIMAS, CHOCÓ) Y PTAR DE LA UNIDAD BR19 (SANTA ROSA, BOLÍVAR) DEL EJÉRCI"
CO1.REQ.10350498,PN MECAL SA 017 2026 (Presentación de oferta),88,Adjudicado (Contratista Seleccionado),Lead B2B de Venta Directa,Tecnología & Equipos de Cómputo,"computadores, software","$394,920,000 COP",POLICIA METROPOLITANA SANTIAGO DE CALI,Valle del Cauca,Cali,Selección abreviada subasta inversa,HARDWARE ASESORIAS SOFTWARE LTDA,804000673,Contactar al contratista ganador/consorcio para ofrecer suministro y cotización inmediata.,https://community.secop.gov.co/Public/Tendering/OpportunityDetail/Index?noticeUID=CO1.NTC.10207768,ADQUISICIÓN DE COMPUTADORES Y SOFTWARE PARA LAS UNIDADES POLICIALES ADSCRITAS A LA ORDENACIÓN DEL GASTO DE LA POLICÍA METROPOLITANA SANTIAGO DE CALI
CO1.REQ.11047940,SAMC-SVCH-SPI-347-2026 (Manifestación de interés (Menor Cuantía)) (Presentación de oferta),88,Adjudicado (Contratista Seleccionado),Lead B2B de Venta Directa,Construcción & Obra Civil General,"infraestructura fisica, infraestructura física","$394,755,686 COP",MUNICIPIO DE SAN VICENTE DE CHUCURI,Santander,San Vicente De Chucurí,Selección Abreviada de Menor Cuantía,VILNER JOHANY,1098631861,Contactar al contratista ganador/consorcio para ofrecer suministro y cotización inmediata.,https://community.secop.gov.co/Public/Tendering/OpportunityDetail/Index?noticeUID=CO1.NTC.10903254,"ADECUACION Y MANTENIMIENTO DE LA INFRAESTRUCTURA FISICA DEL CENTRO EDUCATIVO JOSE ANTONIO GALAN SEDE H LA FLORESTA Y CONSTRUCCION DE LA CANCHA POLIDEPORTIVA DE LA INSTITUCION EDUCATIVA EL RUBI SEDE E LA FLORESTA DEL CHANCON, EN EL MUNICIPIO DE SAN VI"
CO1.REQ.10770829,SIE 012 DE 2026 (Presentación de oferta),88,Adjudicado (Contratista Seleccionado),Lead B2B de Venta Directa,Tecnología & Equipos de Cómputo,software,"$390,340,000 COP",IU PASCUAL BRAVO COMPRADOR,Antioquia,Medellín,Selección abreviada subasta inversa,C&S TECNOLOGIA S.A.,811000242,Contactar al contratista ganador/consorcio para ofrecer suministro y cotización inmediata.,https://community.secop.gov.co/Public/Tendering/OpportunityDetail/Index?noticeUID=CO1.NTC.10625101,Renovación de licencias del software Adobe para las áreas académicas y administrativas de la Institución Universitaria Pascual Bravo
CO1.REQ.10987600,SA 31 DE 2026  (Presentación de oferta),88,Adjudicado (Contratista Seleccionado),Lead B2B de Venta Directa,Tecnología & Equipos de Cómputo,"software, licenciamiento","$387,080,626 COP",INSTITUCIÓN UNIVERSITARIA ITM,Antioquia,Medellín,Selección abreviada subasta inversa,UT SUSVAIT - ITM,No Definido,Contactar al contratista ganador/consorcio para ofrecer suministro y cotización inmediata.,https://community.secop.gov.co/Public/Tendering/OpportunityDetail/Index?noticeUID=CO1.NTC.10842894,"RENOVACIÓN DEL LICENCIAMIENTO DEL SOFTWARE BITDEFENDER, ARCSERVE Y EXAGRID PARA LA INSTITUCIÓN UNIVERSITARIA ITM DE CONFORMIDAD CON LAS ESPECIFICACIONES TÉCNICAS."
CO1.REQ.11045972,SUBASTA INVERSA ELECTRONICA No.016 DE 2026 (Presentación de oferta),88,Adjudicado (Contratista Seleccionado),Lead B2B de Venta Directa,"Dotación, Uniformes & Mobiliario",elementos de protección personal,"$383,522,632 COP",AUTORIDAD NACIONAL DE LICENCIAS AMBIENTALES - ANLA,Distrito Capital de Bogotá,Bogotá,Selección abreviada subasta inversa,ALSAVA SAS,901302518,Contactar al contratista ganador/consorcio para ofrecer suministro y cotización inmediata.,https://community.secop.gov.co/Public/Tendering/OpportunityDetail/Index?noticeUID=CO1.NTC.10904338,5-12-A-29-ADQUIRIR LOS ELEMENTOS DE PROTECCIÓN PERSONAL PARA LOS COLABORADORES DE LA AUTORIDAD NACIONAL DE LICENCIAS AMBIENTALES -ANLA-.
CO1.REQ.10586247,SASI 007-2026 (Presentación de oferta),88,Adjudicado (Contratista Seleccionado),Lead B2B de Venta Directa,"HORECA & Maquinaria Gastronómica, Alimentación Escolar (PAE)","menaje, restaurantes escolares","$381,645,605 COP",ALCALDIA MUNICIPIO DE APARTADO,Antioquia,Apartadó,Selección abreviada subasta inversa,ECOURBANISMOS SAS,901343544,Contactar al contratista ganador/consorcio para ofrecer suministro y cotización inmediata.,https://community.secop.gov.co/Public/Tendering/OpportunityDetail/Index?noticeUID=CO1.NTC.10441660,ADQUISICIÓN DE EQUIPOS Y MENAJE PARA LA DOTACIÓN DE RESTAURANTES ESCOLARES EN LAS INSTITUCIONES EDUCATIVAS OFICIALES DEL MUNICIPIO DE APARTADÓ VIGENCIA 2026
CO1.REQ.10853198,SAMC-MHC-008-2026 (Manifestación de interés (Menor Cuantía)) (Presentación de oferta),88,Adjudicado (Contratista Seleccionado),Lead B2B de Venta Directa,Energía Solar & Alumbrado Público,"fotovoltaico, sistema fotovoltaico","$372,519,700 COP",ALCALDIA MUNICIPIO HATO COROZAL,Casanare,Hato Corozal,Selección Abreviada de Menor Cuantía,AC Energy S&S S.A.S.,900838510,Contactar al contratista ganador/consorcio para ofrecer suministro y cotización inmediata.,https://community.secop.gov.co/Public/Tendering/OpportunityDetail/Index?noticeUID=CO1.NTC.10708074,"CONSTRUCCIÓN, IMPLEMENTACIÓN E INTEGRACIÓN DE SISTEMAS DE GENERACIÓN DE ENERGÍA MEDIANTE SISTEMA FOTOVOLTAICO, ADAPTADOS A LAS NECESIDADES DE INFRAESTRUCTURA ELÉCTRICA DE LAS INSTITUCIONES EDUCATIVAS EN LA ZONA RURAL DEL MUNICIPIO DE HATO COROZAL, DE"
CO1.REQ.10637471,SAMC-011-2026 (Manifestación de interés (Menor Cuantía)) (Presentación de oferta),88,Adjudicado (Contratista Seleccionado),Lead B2B de Venta Directa,"Construcción & Obra Civil General, Agua Potable & Saneamiento","planta de tratamiento, agua potable, obras complementarias","$370,165,886 COP",ALCALDÍA MUNICIPAL COTA,Cundinamarca,Cota,Selección Abreviada de Menor Cuantía,INTERBOMBAS SAS,830504614,Contactar al contratista ganador/consorcio para ofrecer suministro y cotización inmediata.,https://community.secop.gov.co/Public/Tendering/OpportunityDetail/Index?noticeUID=CO1.NTC.10492091,"OPTIMIZACION DEL SISTEMA DE TRATAMIENTO DE AGUA POTABLE DE LA VEREDA LA MOYA, MEDIANTE NTERVENCIONES INTEGRALES QUE INCLUYEN EL TRASLADO DE UNA PLANTA DE TRATAMIENTO DESDE EL SECTOR PARCELAS, LA EJECUCIÓN DE OBRAS COMPLEMENTARIAS Y LA PUESTA EN MARCH"
CO1.REQ.10836177,MS-RE-ESAL-005-2026,88,Adjudicado (Contratista Seleccionado),Lead B2B de Venta Directa,Alimentación Escolar (PAE),"alimentacion escolar, alimentación escolar, complemento alimentario","$363,600,392 COP",MUNICIPIO DE SACHICA,Boyacá,Sáchica,Contratación régimen especial (con ofertas),FUNDACION PASITOS DE EQUIDAD,901518317,Contactar al contratista ganador/consorcio para ofrecer suministro y cotización inmediata.,https://community.secop.gov.co/Public/Tendering/OpportunityDetail/Index?noticeUID=CO1.NTC.10690639,"AUNAR ESFUERZOS ADMINISTRATIVOS, TECNICOS Y FINANCIEROS PARA GARANTIZAR ALIMENTACIÓN ESCOLAR A LOS ESTUDIANTES MATRICULADOS EN INSTITUCIONES EDUCATIVAS OFICIALES DE ACUERDO CON LOS LINEAMIENTOS TÉCNICO ADMINISTRATIVOS VIGENTES CON LOS TÉRMINOS Y ALCA"
CO1.REQ.10910819,MG-ESAL-006-2026,88,Adjudicado (Contratista Seleccionado),Lead B2B de Venta Directa,Alimentación Escolar (PAE),"pae, alimentación escolar","$360,075,421 COP",ALCALDÍA MUNICIPIO DE GÜICÁN,No Definido,No Definido,Contratación régimen especial (con ofertas),FUNDACION ALIMENTANDO UNA NUEVA ESPERANZA,No Definido,Contactar al contratista ganador/consorcio para ofrecer suministro y cotización inmediata.,https://community.secop.gov.co/Public/Tendering/OpportunityDetail/Index?noticeUID=CO1.NTC.10764825,"AUNAR ESFUERZOS TÉCNICOS, ADMINISTRATIVOS Y FINANCIEROS EN LA IMPLEMENTACIÓN Y EJECUCIÓN DEL PROGRAMA DE ALIMENTACIÓN ESCOLAR PAE, ENTRE EL DEPARTAMENTO DE BOYACÁ Y EL MUNICIPIO DE GÜICÁN, PARA GARANTIZAR EL PROGRAMA DE ALIMENTACIÓN ESCOLAR - PAE, DU"
CO1.REQ.10734092,0020005539 (Presentación de oferta),88,Adjudicado (Contratista Seleccionado),Lead B2B de Venta Directa,Interventoría & Consultoría,interventoría integral,"$359,174,229 COP",DISTRITO ESPECIAL DE CIENCIA TECNOLOGIA E INNOVACION DE MEDELLIN,Antioquia,Medellín,Concurso de méritos abierto,CONSORCIO PALMITA GC,112233445,Contactar al contratista ganador/consorcio para ofrecer suministro y cotización inmediata.,https://community.secop.gov.co/Public/Tendering/OpportunityDetail/Index?noticeUID=CO1.NTC.10589657,Interventoría integral para construcción de obras de mantenimiento de la PTAR y de redes para los sistemas de acueducto y alcantarillado en La Vereda La Aldea parte baja del Corregimiento de San Sebastián de Palmitas
CO1.REQ.10828585,PC-ESAL-005-2026,88,Adjudicado (Contratista Seleccionado),Lead B2B de Venta Directa,Alimentación Escolar (PAE),"pae, alimentación escolar, complemento alimentario","$357,936,327 COP",ALCALDIA MUNICIPAL DE COPER,Boyacá,Coper,Contratación régimen especial (con ofertas),PROSERVIRTE,900918168,Contactar al contratista ganador/consorcio para ofrecer suministro y cotización inmediata.,https://community.secop.gov.co/Public/Tendering/OpportunityDetail/Index?noticeUID=CO1.NTC.10682790,"AUNAR ESFUERZOS TÉCNICOS, ADMINISTRATIVOS Y FINANCIEROS PARA BRINDAR ALIMENTACIÓN ESCOLAR A LOS ESTUDIANTES MATRICULADOS EN INSTITUCIONES EDUCATIVAS OFICIALES DEL MUNICIPIO DE COPER DE ACUERDO CON LOS LINEAMIENTOS TÉCNICO ADMINISTRATIVOS VIGENTES CON"
CO1.REQ.10907552,SAMC-008-2026 (Manifestación de interés (Menor Cuantía)) (Presentación de oferta),88,Adjudicado (Contratista Seleccionado),Lead B2B de Venta Directa,"Construcción & Obra Civil General, Agua Potable & Saneamiento","planta de tratamiento, agua potable, acueducto, ptap","$355,911,968 COP",MUNICIPIO DE MARIPI,Boyacá,Maripí,Selección Abreviada de Menor Cuantía,CONSORCIO ACUEDUCTO ZULIA 2026,No Definido,Contactar al contratista ganador/consorcio para ofrecer suministro y cotización inmediata.,https://community.secop.gov.co/Public/Tendering/OpportunityDetail/Index?noticeUID=CO1.NTC.10761651,"OPTIMIZACIÓN, AMPLIACIÓN Y MEJORAMIENTO DEL SISTEMA DE ACUEDUCTO DE LA VEREDA ZULIA DEL MUNICIPIO DE MARIPÍ, DEPARTAMENTO DE BOYACÁ, MEDIANTE LA CONSTRUCCIÓN Y REHABILITACIÓN DE LAS OBRAS HIDRÁULICAS REQUERIDAS, ASÍ COMO EL SUMINISTRO, INSTALACIÓN Y "
CO1.REQ.10763747,PCS-003-2026,88,Adjudicado (Contratista Seleccionado),Lead B2B de Venta Directa,Alimentación Escolar (PAE),"pae, alimentación escolar, complemento alimentario","$355,264,272 COP",MUNICIPIO DE PUERTO NARE,Antioquia,Puerto Nare,Contratación régimen especial (con ofertas),FUNDACION H KARIBE,900053898,Contactar al contratista ganador/consorcio para ofrecer suministro y cotización inmediata.,https://community.secop.gov.co/Public/Tendering/OpportunityDetail/Index?noticeUID=CO1.NTC.10618409,"AUNAR ESFUERZOS TÉCNICOS, ADMINISTRATIVOS, OPERATIVOS, LOGÍSTICOS Y FINANCIEROS PARA GARANTIZAR EL DESARROLLO DEL PROGRAMA DE ALIMENTACIÓN ESCOLAR - PAE, A TRAVÉS DEL CUAL SE BRINDA UN COMPLEMENTO ALIMENTARIO A LOS NIÑOS, NIÑAS, ADOLESCENTES Y JÓVENE"
CO1.REQ.11046282,IDIGER-CM-002-2026 (Presentación de oferta),88,Adjudicado (Contratista Seleccionado),Lead B2B de Venta Directa,Interventoría & Consultoría,interventoría integral,"$354,036,757 COP",INSTITUTO DISTRITAL DE GESTIÓN DE RIESGOS Y CAMBIO CLIMÁTICO - IDIGER,Distrito Capital de Bogotá,Bogotá,Concurso de méritos abierto,CONSORCIO SBN RIESGO IC,No Definido,Contactar al contratista ganador/consorcio para ofrecer suministro y cotización inmediata.,https://community.secop.gov.co/Public/Tendering/OpportunityDetail/Index?noticeUID=CO1.NTC.10903138,"Realizar interventoría integral del contrato de obra cuyo objeto corresponde a: ejecutar la construcción de las obras de mitigación del riesgo bajo el enfoque de soluciones basadas en la naturaleza, priorizando la protección, restauración y uso soste"
CO1.REQ.10572081,SAMC-009-2026 (Manifestación de interés (Menor Cuantía)) (Presentación de oferta),88,Adjudicado (Contratista Seleccionado),Lead B2B de Venta Directa,"Construcción & Obra Civil General, Agua Potable & Saneamiento","ptar, tratamiento de aguas, planta de tratamiento, aguas residuales, alcantarillado","$349,993,744 COP",MUNICIPIO DE LA PAZ+,Cesar,La Paz,Selección Abreviada de Menor Cuantía,JG CONSTRUCCIONES CONSULTORIAS S.A.S.,901900028,Contactar al contratista ganador/consorcio para ofrecer suministro y cotización inmediata.,https://community.secop.gov.co/Public/Tendering/OpportunityDetail/Index?noticeUID=CO1.NTC.10427676,"OPTIMIZACIÓN DEL SISTEMA DE ALCANTARILLADO SANITARIO Y DE LA PLANTA DE TRATAMIENTO DE AGUAS RESIDUALES (PTAR) DEL CORREGIMIENTO DE SAN JOSÉ DE ORIENTE, MUNICIPIO DE LA PAZ - CESAR"
CO1.REQ.10437380,No. ICBF-CMA-001-2026 (Presentación de oferta),88,Adjudicado (Contratista Seleccionado),Lead B2B de Venta Directa,Interventoría & Consultoría,interventoría técnica,"$349,580,756 COP",ICBF REGIONAL SANTANDER,Santander,Bucaramanga,Concurso de méritos abierto,RO-01,No Definido,Contactar al contratista ganador/consorcio para ofrecer suministro y cotización inmediata.,https://community.secop.gov.co/Public/Tendering/OpportunityDetail/Index?noticeUID=CO1.NTC.10295301,"REALIZAR INTERVENTORÍA TÉCNICA, ADMINISTRATIVA, FINANCIERA, JURÍDICA Y AMBIENTAL PARA EL CONTRATO CUYO OBJETO ES ¨REALIZAR LAS ACTIVIDADES DE MANTENIMIENTO ESPECIALIZADO, INTEGRAL, REPARACIÓN, CONSERVACIÓN, MEJORAMIENTO Y ADECUACIONES LOCATIVAS REQUE"
CO1.REQ.10556900,TIC-SUB-001-2026 (Presentación de oferta),88,Adjudicado (Contratista Seleccionado),Lead B2B de Venta Directa,Tecnología & Equipos de Cómputo,licenciamiento,"$349,169,000 COP",MUNICIPIO DE SAN JOSE DE CUCUTA.,Norte de Santander,Cúcuta,Selección abreviada subasta inversa,DOCUXER SAS,807004387,Contactar al contratista ganador/consorcio para ofrecer suministro y cotización inmediata.,https://community.secop.gov.co/Public/Tendering/OpportunityDetail/Index?noticeUID=CO1.NTC.10413679,2026TI-21 CONTRATAR LA RENOVACIÓN DEL LICENCIAMIENTO Y SOPORTE TIPO UTP DE 12 MESES FORTINET FG1801F PARA EL PROCESO DE CIBERSEGURIDAD DE LA ALCALDÍA DE SAN JOSÉ DE CÚCUTA
CO1.REQ.10818763,CONV-ESAL-007-DE-2026,88,Adjudicado (Contratista Seleccionado),Lead B2B de Venta Directa,Alimentación Escolar (PAE),"alimentacion escolar, alimentación escolar, complemento alimentario","$346,933,622 COP",MUNICIPIO DE TOGUI,Boyacá,Togüí,Contratación régimen especial (con ofertas),PROSERVIRTE,900918168,Contactar al contratista ganador/consorcio para ofrecer suministro y cotización inmediata.,https://community.secop.gov.co/Public/Tendering/OpportunityDetail/Index?noticeUID=CO1.NTC.10673072,"AUNAR ESFUERZOS TÉCNICOS, ADMINISTRATIVOS LOGÍSTICOS Y FINANCIEROS PARA BRINDAR ALIMENTACIÓN ESCOLAR A LOS ESTUDIANTES MATRICULADOS EN INSTITUCIONES EDUCATIVAS OFICIALES DE ACUERDO CON LOS LINEAMIENTOS TÉCNICO ADMINISTRATIVOS VIGENTES CON LOS TÉRMINO"
CO1.REQ.11012499,SG-SASIE-0038-2026 (Presentación de oferta),88,Adjudicado (Contratista Seleccionado),Lead B2B de Venta Directa,Tecnología & Equipos de Cómputo,software,"$345,036,667 COP",MUNICIPIO DE SEGOVIA,Antioquia,No Definido,Selección abreviada subasta inversa,EDISON  ANTONIO URIBE VALENCIA,71083251,Contactar al contratista ganador/consorcio para ofrecer suministro y cotización inmediata.,https://community.secop.gov.co/Public/Tendering/OpportunityDetail/Index?noticeUID=CO1.NTC.10866538,"ADQUISICIÓN DE UN SERVIDOR DESTINADO A GARANTIZAR EL ADECUADO
FUNCIONAMIENTO, DISPONIBILIDAD Y CONTINUIDAD OPERATIVA DEL SOFTWARE
DEL SISTEMA DE GESTION DOCUMENTAL DE LA ALCALDIA DE SEGOVIA"
CO1.REQ.10583139,CM-SAPSB-03077-2026 (Presentación de oferta),88,Adjudicado (Contratista Seleccionado),Lead B2B de Venta Directa,Interventoría & Consultoría,estudios y diseños,"$344,718,079 COP",Gobernación Norte de Santander*,Norte de Santander,Cúcuta,Concurso de méritos abierto,INGENIERIA CORPER SAS,900605540,Contactar al contratista ganador/consorcio para ofrecer suministro y cotización inmediata.,https://community.secop.gov.co/Public/Tendering/OpportunityDetail/Index?noticeUID=CO1.NTC.10437966,"ESTUDIOS Y DISEÑOS PARA ESTRUCTURACIÓN Y FORMULACIÓN DEL PROYECTO PARA LA CONSTRUCCIÓN DE LAS ESTRUCTURAS DE TRATAMIENTO Y DEMÁS COMPONENTES DEL SISTEMA DE ACUEDUCTO DEL CORREGIMIENTO PALOGORDO, MUNICIPIO DE VILLA DEL ROSARIO, NORTE DE SANTANDER"
CO1.REQ.10603709,AHCMACO01-026 (Presentación de oferta),88,Adjudicado (Contratista Seleccionado),Lead B2B de Venta Directa,Interventoría & Consultoría,estudios y diseños,"$339,742,620 COP",SOCIEDAD DE ACUEDUCTOS ALCANTARILLADOS Y ASEO AGUAS DEL HUILA SA ESP,Huila,Neiva,Concurso de méritos abierto,MEGA ENGINEER SAS,901683890,Contactar al contratista ganador/consorcio para ofrecer suministro y cotización inmediata.,https://community.secop.gov.co/Public/Tendering/OpportunityDetail/Index?noticeUID=CO1.NTC.10457981,"ESTUDIOS Y DISEÑOS PARA LA CONSTRUCCIÓN DE LA PLANTA DE TRATAMIENTO DE AGUAS RESIDUALES DEL CASCO URBANO DEL MUNICIPIO DE SALADOBLANCO, DEPARTAMENTO DEL HUILA."
CO1.REQ.10889741,20005551 (Presentación de oferta),88,Adjudicado (Contratista Seleccionado),Lead B2B de Venta Directa,Interventoría & Consultoría,estudios y diseños,"$339,309,781 COP",DISTRITO ESPECIAL DE CIENCIA TECNOLOGIA E INNOVACION DE MEDELLIN,Antioquia,Medellín,Concurso de méritos abierto,GIA CONSULTORES LTDA,No Definido,Contactar al contratista ganador/consorcio para ofrecer suministro y cotización inmediata.,https://community.secop.gov.co/Public/Tendering/OpportunityDetail/Index?noticeUID=CO1.NTC.10753944,"PP-Elaborar estudios y diseños para la mitigación y atención de escenarios de riesgo de desastres, en la comuna 70 Altavista del Distrito de Medellín"
CO1.REQ.11081658,MT-SAMC-005-2026 (Manifestación de interés (Menor Cuantía)) (Presentación de oferta),88,Adjudicado (Contratista Seleccionado),Lead B2B de Venta Directa,Construcción & Obra Civil General,mejoramiento de vias,"$339,097,551 COP",ALCALDIA DE TINJACA,Boyacá,Tinjacá,Selección Abreviada de Menor Cuantía,H CONSTRUCOL S.A.S.,No Definido,Contactar al contratista ganador/consorcio para ofrecer suministro y cotización inmediata.,https://community.secop.gov.co/Public/Tendering/OpportunityDetail/Index?noticeUID=CO1.NTC.10937325,"MEJORAMIENTO DE VIAS RURALES DEL MUNICIPIO DE TINJACA 
DEPARTAMENTO DE BOYACÁ"
CO1.REQ.11099547,PCS-004-2026,88,Adjudicado (Contratista Seleccionado),Lead B2B de Venta Directa,Alimentación Escolar (PAE),"pae, alimentación escolar, complemento alimentario","$336,900,980 COP",MUNICIPIO DE PUERTO NARE,Antioquia,Puerto Nare,Contratación régimen especial (con ofertas),No Definido,No Definido,Contactar al contratista ganador/consorcio para ofrecer suministro y cotización inmediata.,https://community.secop.gov.co/Public/Tendering/OpportunityDetail/Index?noticeUID=CO1.NTC.10954867,"AUNAR ESFUERZOS TÉCNICOS, ADMINISTRATIVOS, OPERATIVOS, LOGÍSTICOS Y FINANCIEROS PARA GARANTIZAR EL DESARROLLO DEL PROGRAMA DE ALIMENTACIÓN ESCOLAR - PAE, A TRAVÉS DEL CUAL SE BRINDA UN COMPLEMENTO ALIMENTARIO A LOS NIÑOS, NIÑAS, ADOLESCENTES Y JÓVENE"
CO1.REQ.11030298,4135.010.32.1.241-2026. (Presentación de oferta),88,Adjudicado (Contratista Seleccionado),Lead B2B de Venta Directa,"Dotación, Uniformes & Mobiliario",mobiliario,"$333,521,708 COP",SANTIAGO DE CALI DISTRITO ESPECIAL - DEPARTAMENTO ADMINISTRATIVO DE CONTRATACION PUBLICA,Valle del Cauca,No Definido,Selección abreviada subasta inversa,ZU MOBILIARIO SAS,901573859,Contactar al contratista ganador/consorcio para ofrecer suministro y cotización inmediata.,https://community.secop.gov.co/Public/Tendering/OpportunityDetail/Index?noticeUID=CO1.NTC.10885022,"CONTRATAR EL SUMINISTRO, FABRICACIÓN, E INSTALACIÓN DE MOBILIARIO INSTITUCIONAL PARA LAS INSTALACIONES PROPIEDAD DEL DISTRITO ESPECIAL DE SANTIAGO DE CALI, CONFORME A LAS ESPECIFICACIONES TÉCNICAS DEFINIDAS POR LA ENTIDAD Y A LAS CONDICIONES DE INSTA"
CO1.REQ.11075418,SAMC-014-2026 (Manifestación de interés (Menor Cuantía)) (Presentación de oferta),88,Adjudicado (Contratista Seleccionado),Lead B2B de Venta Directa,"Construcción & Obra Civil General, Energía Solar & Alumbrado Público","alumbrado público, fotovoltaico","$332,719,049 COP",CORMACARENA,Meta,Villavicencio,Selección Abreviada de Menor Cuantía,CONSTRUOBRAS DE COLOMBIA SAS,9017890646,Contactar al contratista ganador/consorcio para ofrecer suministro y cotización inmediata.,https://community.secop.gov.co/Public/Tendering/OpportunityDetail/Index?noticeUID=CO1.NTC.10931605,"IMPLEMENTACIÓN DE SOLUCIONES ENERGÉTICAS RENOVABLES MEDIANTE ALUMBRADO PÚBLICO FOTOVOLTAICO, ORIENTADOS A FORTALECER LA INFRAESTRUCTURA COMUNITARIA A LOS RESGUARDOS INDÍGENAS DE EL TIGRE,  WALLIANAE (PUERTO GAITÁN), NAEXAL PUT (PUERTO CONCORDIA), DOK"
CO1.REQ.10974286,4182.010.32.1.600-2026. (Presentación de oferta),88,Adjudicado (Contratista Seleccionado),Lead B2B de Venta Directa,Interventoría & Consultoría,,"$327,226,200 COP",SANTIAGO DE CALI DISTRITO ESPECIAL - UNIDAD ADMINISTRATIVA ESPECIAL DE SERVICIOS PUBLICOS,Valle del Cauca,Cali,Concurso de méritos abierto,GEOSOLUCIONES DAJ,900640468,Contactar al contratista ganador/consorcio para ofrecer suministro y cotización inmediata.,https://community.secop.gov.co/Public/Tendering/OpportunityDetail/Index?noticeUID=CO1.NTC.10829106,"REALIZAR LA ORGANIZACIÓN Y ELABORACIÓN DE MAPAS E INFORMACIÓN DEL SISTEMA DE ALCANTARILLADO DE LA VEREDA PANCE CABECERA, CORREGIMIENTO PANCE Y PUEBLO NUEVO, PARA EL NODO DE INFORMACIÓN GEOGRÁFICA DE LA UAESP, EN ARTICULACIÓN CON LA INFRAESTRUCTURA DE"
CO1.REQ.11000336,SSD-SASI-019-2026 (Presentación de oferta),88,Adjudicado (Contratista Seleccionado),Lead B2B de Venta Directa,Tecnología & Equipos de Cómputo,software,"$327,000,000 COP",GOBERNACIÓN DEPARTAMENTO DEL PUTUMAYO,Putumayo,Mocoa,Selección abreviada subasta inversa,CONECTAT ISP S.A.S,901388977,Contactar al contratista ganador/consorcio para ofrecer suministro y cotización inmediata.,https://community.secop.gov.co/Public/Tendering/OpportunityDetail/Index?noticeUID=CO1.NTC.10854062,CONTRATO DE COMPRAVENTA PARA LA ADQUISICIÓN DE SOFTWARE PARA EL DESARROLLO DE LOS PROCESOS DE TRÁMITE DE FACTURACIÓN MEDIANTE LA IMPLEMENTACIÓN DEL APLICATIVO SIGESSD EN LA SECRETARIA DE SALUD DEL DEPARTAMENTO DEL PUTUMAYO
CO1.REQ.10888359,4152.010.32.1.858- 2026  (Manifestación de interés (Menor Cuantía)) (Presentación de oferta),88,Adjudicado (Contratista Seleccionado),Lead B2B de Venta Directa,Construcción & Obra Civil General,obras civiles,"$326,672,834 COP",SANTIAGO DE CALI DISTRITO ESPECIAL - SECRETARIA DE MOVILIDAD,Valle del Cauca,Cali,Selección Abreviada de Menor Cuantía,CITY G&R SAS,9013792754,Contactar al contratista ganador/consorcio para ofrecer suministro y cotización inmediata.,https://community.secop.gov.co/Public/Tendering/OpportunityDetail/Index?noticeUID=CO1.NTC.10743066,"CONSTRUCCIÓN, DEMARCACIÓN Y SEÑALIZACIÓN PARA LA IMPLEMENTACIÓN DE PASOS PEATONALES SEGUROS Y ZONAS ESCOLARES MEDIANTE OBRAS CIVILES, EN EL MARCO DEL PLAN LOCAL DE SEGURIDAD VIAL (PLSV)."
CO1.REQ.10813173,SA-SIE-029-2026 (Presentación de oferta),88,Adjudicado (Contratista Seleccionado),Lead B2B de Venta Directa,Tecnología & Equipos de Cómputo,equipos de computo,"$324,947,340 COP","INSTITUTO DE HIDROLOGIA, METEOROLOGÍA Y ESTUDIOS AMBIENTALES",Distrito Capital de Bogotá,Bogotá,Selección abreviada subasta inversa,NUEVA ERA SOLUCIONES S.A.S.,830037278,Contactar al contratista ganador/consorcio para ofrecer suministro y cotización inmediata.,https://community.secop.gov.co/Public/Tendering/OpportunityDetail/Index?noticeUID=CO1.NTC.10667196,(INFO-058) ADQUISICIÓN DE EQUIPOS DE COMPUTO Y PERIFÉRICOS
CO1.REQ.10921917,CP-001-2026,88,Adjudicado (Contratista Seleccionado),Lead B2B de Venta Directa,Vehículos & Maquinaria,ambulancia,"$320,873,950 COP",EMPRESA SOCIAL DEL ESTADO HOSPITAL NUESTRA SEÑORA DEL CARMEN DE GUAMAL MAGDALENA,Magdalena,Guamal,Contratación régimen especial (con ofertas),G&C MEDICALS S.A.S,830134409,Contactar al contratista ganador/consorcio para ofrecer suministro y cotización inmediata.,https://community.secop.gov.co/Public/Tendering/OpportunityDetail/Index?noticeUID=CO1.NTC.10781640,ADQUISICIÓN DE UNA (1) AMBULANCIA DE TRANSPORTE ASISTENCIAL BÁSICO (TAB) TERRESTRE PARA LA EMPRESA SOCIAL DEL ESTADO HOSPITAL NUESTRA SEÑORA DEL CARMEN DE GUAMAL
CO1.REQ.10761246,SAMC-GJR-CAA-0003-2026 (Manifestación de interés (Menor Cuantía)) (Presentación de oferta),88,Adjudicado (Contratista Seleccionado),Lead B2B de Venta Directa,"Construcción & Obra Civil General, Agua Potable & Saneamiento","tratamiento de aguas, planta de tratamiento, plantas de tratamiento, aguas residuales, agua potable","$311,780,409 COP",SENA REGIONAL GUAJIRA Grupo Mixto de Apoyo Administrativo,La Guajira,Riohacha,Selección Abreviada de Menor Cuantía,ARKAL S.A.S,901022051,Contactar al contratista ganador/consorcio para ofrecer suministro y cotización inmediata.,https://community.secop.gov.co/Public/Tendering/OpportunityDetail/Index?noticeUID=CO1.NTC.10615273,"mantenimiento a todo costo de los pozos subterráneos y elementos de succión, bombeo y medición del agua subterránea; mantenimiento y calibración de macro medidores, mantenimiento preventivo y correctivo del sistema de RCI y bombeo de agua potable; ma"
CO1.REQ.10823000,MF-ESAL-005 DE 2026,88,Adjudicado (Contratista Seleccionado),Lead B2B de Venta Directa,Alimentación Escolar (PAE),"pae, alimentación escolar, alimentacion escolar","$308,020,572 COP",MUNICIPIO DE FIRAVITOBA,Boyacá,Firavitoba,Contratación régimen especial (con ofertas),FUNDACION SOMOS MANOS UNIDAS,900402667,Contactar al contratista ganador/consorcio para ofrecer suministro y cotización inmediata.,https://community.secop.gov.co/Public/Tendering/OpportunityDetail/Index?noticeUID=CO1.NTC.10681568,"AUNAR ESFUERZOS TECNICOS, ADMINISTRATIVOS, ECONOMICOS PARA BRINDAR ALIMENTACIÓN ESCOLAR A LOS ESTUDIANTES MATRICULADOS EN LAS INSTITUCIONES EDUCATIVAS OFICIALES DE ACUERDO CON LOS LINEAMIENTOS TÉCNICOS, ADMINISTRATIVOS VIGENTES SEGÚN CONVENIO INTERAD"
CO1.REQ.11093635,ARI.CM-022-2026 (Presentación de oferta),88,Adjudicado (Contratista Seleccionado),Lead B2B de Venta Directa,Interventoría & Consultoría,interventoría técnica,"$305,855,200 COP",ARAUCA ILUMINADA SAS ESP,Arauca,Arauca,Concurso de méritos abierto,SOELCOING S.A.S.,900930834,Contactar al contratista ganador/consorcio para ofrecer suministro y cotización inmediata.,https://community.secop.gov.co/Public/Tendering/OpportunityDetail/Index?noticeUID=CO1.NTC.10948680,"INTERVENTORÍA TÉCNICA, ADMINISTRATIVA, FINANCIERA, JURÍDICA, SOCIAL Y AMBIENTAL AL PROYECTO IMPLEMENTACIÓN DE SISTEMAS DE ENERGÍA FOTOVOLTAICA EN INSTITUCIONES EDUCATIVAS DEL MUNICIPIO DE TAME, DEPARTAMENTO DE ARAUCA"
CO1.REQ.11084918,MM-CAS-SAMC-013-2026 (Manifestación de interés (Menor Cuantía)) (Presentación de oferta),88,Adjudicado (Contratista Seleccionado),Lead B2B de Venta Directa,Construcción & Obra Civil General,escenarios deportivos,"$304,956,727 COP",ALCALDIA MUNICIPIO DE MANI 1,Casanare,Maní,Selección Abreviada de Menor Cuantía,FONAND INGENIERIA & CONSTRUCCION S.A.S.,900452356,Contactar al contratista ganador/consorcio para ofrecer suministro y cotización inmediata.,https://community.secop.gov.co/Public/Tendering/OpportunityDetail/Index?noticeUID=CO1.NTC.10939887,"ADECUACION Y MEJORAMIENTO DE ESCENARIOS DEPORTIVOS EN EL AREA RURAL Y URBANA EN EL MUNICIPIO DE MANI, DEPARTAMENTO DE CASANARE"
CO1.REQ.11032306,PN DEURA CD 055 2026,88,Adjudicado (Contratista Seleccionado),Lead B2B de Venta Directa,Agua Potable & Saneamiento,"agua potable, aguas residuales, tratamiento de aguas","$303,950,000 COP",DEPARTAMENTO DE POLICIA URABA,Atlántico,Barranquilla,Contratación Directa (con ofertas),AR EPM,900072303,Contactar al contratista ganador/consorcio para ofrecer suministro y cotización inmediata.,https://community.secop.gov.co/Public/Tendering/OpportunityDetail/Index?noticeUID=CO1.NTC.10893879,"CONTRATAR EL SERVICIO DE MANTENIMIENTO PREVENTIVO Y CORRECTIVO A TODO COSTO CON MANO DE OBRA, CAMBIO DE REPUESTOS Y SOSTENIMIENTO DE LA PLANTA DE AGUA POTABLE Y SISTEMA DE TRATAMIENTO DE AGUAS RESIDUALES DE LAS INSTALACIONES DEL COMANDO DEL DEPARTAME"
CO1.REQ.10623746,SASI-006-2026 (Presentación de oferta),88,Adjudicado (Contratista Seleccionado),Lead B2B de Venta Directa,Tecnología & Equipos de Cómputo,equipos de cómputo,"$303,000,000 COP",ALCALDIA MUNICIPIO DE SAN GIL - SANTANDER,Santander,San Gil,Selección abreviada subasta inversa,TECNOPHONE COLOMBIA SAS,900741497,Contactar al contratista ganador/consorcio para ofrecer suministro y cotización inmediata.,https://community.secop.gov.co/Public/Tendering/OpportunityDetail/Index?noticeUID=CO1.NTC.10478824,COMPRAVENTA DE EQUIPOS DE CÓMPUTO Y PERIFÉRICOS PARA EL FORTALECIMIENTO DE LAS DIFERENTES DEPENDENCIAS DE LA ALCALDÍA MUNICIPAL DE SAN GIL EN CUMPLIMIENTO DE LAS FUNCIONES INSTITUCIONALES Y LAS FUNCIONALES MISIONALES EN EL MARCO DE LA LEY 2126 DE 202
CO1.REQ.10962815,PC-001-2026,88,Adjudicado (Contratista Seleccionado),Lead B2B de Venta Directa,Alimentación Escolar (PAE),"pae, alimentación escolar, alimentacion escolar","$302,678,968 COP",ALCALDIA MUNICIPIO DE TOLEDO,Antioquia,No Definido,Contratación régimen especial (con ofertas),CORPORACION PROSPECTAR,900063428,Contactar al contratista ganador/consorcio para ofrecer suministro y cotización inmediata.,https://community.secop.gov.co/Public/Tendering/OpportunityDetail/Index?noticeUID=CO1.NTC.10817115,"Ejecutar las actividades técnicas, administrativas y logísticas requeridas para la implementación del Programa de Alimentación Escolar PAE, dirigido a los niños, niñas y adolescentes de la matrícula oficial del Municipio de Toledo, Antioquia, durante"
CO1.REQ.10694924,CTO-276-2026,86,Adjudicado (Contratista Seleccionado),Lead B2B de Venta Directa,Tecnología & Equipos de Cómputo,"infraestructura tecnológica, licenciamiento","$864,552,017 COP",EMPRESA INDUSTRIAL Y COMERCIAL DEL ESTADO ADMINISTRADORA DEL MONOPOLIO RENTISTICO DE LOS JUEGOS DE SUERTE Y AZAR,Distrito Capital de Bogotá,Bogotá,Contratación régimen especial (con ofertas),M.S.L. DISTRIBUCIONES Y CIA S.A.S,830031855,Contactar al contratista ganador/consorcio para ofrecer suministro y cotización inmediata.,https://community.secop.gov.co/Public/Tendering/OpportunityDetail/Index?noticeUID=CO1.NTC.10552239,"Contratar el licenciamiento, la renovación de licencias, el soporte especializado y los servicios asociados para las soluciones tecnológicas de ciberseguridad, gestión de identidades y accesos, autenticación y control de acceso, y observabilidad oper"
CO1.REQ.11115936,CI004-2026,86,Adjudicado (Contratista Seleccionado),Lead B2B de Venta Directa,"Agua Potable & Saneamiento, Interventoría & Consultoría","estudios y diseños, acueducto, alcantarillado","$777,667,788 COP",MUNICIPIO DE EBEJICO,Antioquia,Ebéjico,Contratación Directa (con ofertas),EMPRESA DE DESARROLLO URBANO DE ANDES - EDUAN,901848014,Contactar al contratista ganador/consorcio para ofrecer suministro y cotización inmediata.,https://community.secop.gov.co/Public/Tendering/OpportunityDetail/Index?noticeUID=CO1.NTC.10970382,CONTRATO INTERADMINISTRATIVO DE MANDATO SIN REPRESENTACIÓN PARA LA ADMINISTRACIÓN DELEGADA DE RECURSOS DESTINADOS A LA EJECUCIÓN DE LOS ESTUDIOS Y DISEÑOS PARA LA OPTIMIZACIÓN DEL SISTEMA DE ACUEDUCTO Y EL DIAGNÓSTICO DEL SISTEMA DE ALCANTARILLADO DE
CO1.REQ.10387905,INVITACION PUBLICA I-PU-08-2026,86,Adjudicado (Contratista Seleccionado),Lead B2B de Venta Directa,Agua Potable & Saneamiento,"acueducto, alcantarillado","$639,766,512 COP",EMPRESA DE ACUEDUCTO ALCANTARILLADO Y ASEO DEL ESPINAL E.S.P,Tolima,Espinal,Contratación régimen especial (con ofertas),MYT FERRECONDE,93131413,Contactar al contratista ganador/consorcio para ofrecer suministro y cotización inmediata.,https://community.secop.gov.co/Public/Tendering/OpportunityDetail/Index?noticeUID=CO1.NTC.10244342,"SUMINISTRO DE TUBERÍA  MATERIALES Y ACCESORIOS EN PVC PARA ACTIVIDADES DE AMPLIACIÓN, OPTIMIZACIÓN Y O REPOSICIÓN EN EL SISTEMA DE ACUEDUCTO Y ALCANTARILLADO DE LA EAA A  DEL ESPINAL  ESP"
CO1.REQ.10709584,INVITACION PUBLICA I-PU-13-2026,86,Adjudicado (Contratista Seleccionado),Lead B2B de Venta Directa,Agua Potable & Saneamiento,"acueducto, alcantarillado","$563,175,469 COP",EMPRESA DE ACUEDUCTO ALCANTARILLADO Y ASEO DEL ESPINAL E.S.P,Tolima,Espinal,Contratación régimen especial (con ofertas),CONSORCIO ACUEDUCTO ESPINAL 2026,No Definido,Contactar al contratista ganador/consorcio para ofrecer suministro y cotización inmediata.,https://community.secop.gov.co/Public/Tendering/OpportunityDetail/Index?noticeUID=CO1.NTC.10564216,"CONSTRUCCIÓN Y REPOSICIÓN PARA LA OPTIMIZACIÓN DE LA RED DE ALCANTARILLADO DEL MUNICIPIO DE EL ESPINAL Y EL CORREGIMIENTO DE CHICORAL, DE LA EMPRESA DE ACUEDUCTO, ALCANTARILLADO Y ASEO DEL ESPINAL E.S.P"
CO1.REQ.10521753,SAMC-SV-0924 de 2026 (Manifestación de interés (Menor Cuantía)) (Presentación de oferta),86,Adjudicado (Contratista Seleccionado),Lead B2B de Venta Directa,"Construcción & Obra Civil General, Agua Potable & Saneamiento","agua potable, alcantarillado","$496,900,211 COP",ALCALDIA MUNICIPIO DE JAMUNDI,Valle del Cauca,Jamundí,Selección Abreviada de Menor Cuantía,CONSORCIO RURAL JAMUNDI 2026,No Definido,Contactar al contratista ganador/consorcio para ofrecer suministro y cotización inmediata.,https://community.secop.gov.co/Public/Tendering/OpportunityDetail/Index?noticeUID=CO1.NTC.10377603,REALIZAR LA OPTIMIZACIÓN Y MEJORAMIENTO DE REDES DE ALCANTARILLADO SANITARIO DE LA ZONA RURAL DEL MUNICIPIO DE JAMUNDÍ EN EL MARCO DEL PROYECTO DE INVERSIÓN  OPTIMIZACIÓN DE LA PRESTACIÓN DEL SERVICIO DE AGUA POTABLE Y ALCANTARILLADO SANITARIO DEL MU
CO1.REQ.10974229,MGSAMC-005-2026 (Manifestación de interés (Menor Cuantía)) (Presentación de oferta),86,Adjudicado (Contratista Seleccionado),Lead B2B de Venta Directa,"Construcción & Obra Civil General, Agua Potable & Saneamiento","acueducto, alcantarillado","$490,227,839 COP",ALCALDIA MUNICIPAL DE GUAPOTA,Santander,Guapotá,Selección Abreviada de Menor Cuantía,CONSORCIO INGEMAR GUAPOTA 2026,9021077490,Contactar al contratista ganador/consorcio para ofrecer suministro y cotización inmediata.,https://community.secop.gov.co/Public/Tendering/OpportunityDetail/Index?noticeUID=CO1.NTC.10827497,"CONSTRUCCIÓN DE LA RED DE ALCANTARILLADO Y ACUEDUCTO DEL SECTOR MONSERRATE DE LA VEREDA CENTRO Y REPOSICIÓN DE LA RED DE ALCANTARILLADO DE LA CALLE 3 ENTRE CARRERA 2 HASTA EL EMISARIO FINAL DEL MUNICIPIO DE GUAPOTÁ, SANTANDER"
CO1.REQ.10672542,MCH-SAMC-007 DE 2026 (Manifestación de interés (Menor Cuantía)) (Presentación de oferta),86,Adjudicado (Contratista Seleccionado),Lead B2B de Venta Directa,"Construcción & Obra Civil General, Agua Potable & Saneamiento","acueducto, alcantarillado","$490,225,850 COP",MUNICIPIO DE CHITA,Boyacá,Chita,Selección Abreviada de Menor Cuantía,HIDROLAB S.A.S INGENIERÌA Y ANÀLISIS AMBIENTAL,900515331,Contactar al contratista ganador/consorcio para ofrecer suministro y cotización inmediata.,https://community.secop.gov.co/Public/Tendering/OpportunityDetail/Index?noticeUID=CO1.NTC.10526364,"REPOSICIÓN Y OPTIMIZACIÓN DE LA RED DE ACUEDUCTO, ALCANTARILLADO SANITARIO Y PLUVIAL EN LAS DIFERENTES CALLES DEL CASCO URBANO DEL MUNICIPIO DE CHITA"
CO1.REQ.10974551,SAMC-MB-015-2026 (Manifestación de interés (Menor Cuantía)) (Presentación de oferta),86,Adjudicado (Contratista Seleccionado),Lead B2B de Venta Directa,"Construcción & Obra Civil General, Agua Potable & Saneamiento","agua potable, acueducto","$490,181,772 COP",MUNICIPIO DE BOAVITA,Boyacá,Boavita,Selección Abreviada de Menor Cuantía,SOLIVAL SAS,901766706,Contactar al contratista ganador/consorcio para ofrecer suministro y cotización inmediata.,https://community.secop.gov.co/Public/Tendering/OpportunityDetail/Index?noticeUID=CO1.NTC.10828433,OPTIMIZACIÓN DEL ACUEDUCTO DE LA ASOCIACIÓN DE SUSCRIPTORES DEL ACUEDUCTO EL ESCOBAL DE LA VEREDA LAGUNILLAS Y EL ACUEDUCTO LOS POCITOS DE LA VEREDA RIO DE ABAJO DEL MUNICIPIO DE BOAVITA EN AJUSTE A LAS DISPOSICIONES DEL SECTOR AGUA POTABLE Y SANEAMI
CO1.REQ.10923484,MPR-SAMC-010-2026 (Manifestación de interés (Menor Cuantía)) (Presentación de oferta),86,Adjudicado (Contratista Seleccionado),Lead B2B de Venta Directa,"Construcción & Obra Civil General, Agua Potable & Saneamiento","acueducto, alcantarillado","$490,113,704 COP",MUNICIPIO DE PUERTO RONDON,Arauca,Puerto Rondón,Selección Abreviada de Menor Cuantía,INGEGROUP ZR SAS,901077646,Contactar al contratista ganador/consorcio para ofrecer suministro y cotización inmediata.,https://community.secop.gov.co/Public/Tendering/OpportunityDetail/Index?noticeUID=CO1.NTC.10777245,No definido
CO1.REQ.10369425,SAMC-007-2026 (Manifestación de interés (Menor Cuantía)) (Presentación de oferta),86,Adjudicado (Contratista Seleccionado),Lead B2B de Venta Directa,"Construcción & Obra Civil General, Agua Potable & Saneamiento","alcantarillados, alcantarillado","$489,945,574 COP",MUNICIPIO DE SAN JUAN BAUTISTA DE GUACARI2,Valle del Cauca,Guacarí,Selección Abreviada de Menor Cuantía,SUMAR CONSTRUCCIONES S.A.S.,901083384,Contactar al contratista ganador/consorcio para ofrecer suministro y cotización inmediata.,https://community.secop.gov.co/Public/Tendering/OpportunityDetail/Index?noticeUID=CO1.NTC.10226509,"REPOSICION DE REDES DE ALCANTARILLADO EN LA CALLE 11 ENTRE CARRERAS 7 y 8, EN EL MUNICIPIO DE GUACARÍ VALLE DEL CAUCA."
CO1.REQ.10618678,002-SAMC-2026 (Manifestación de interés (Menor Cuantía)) (Presentación de oferta),86,Adjudicado (Contratista Seleccionado),Lead B2B de Venta Directa,"Construcción & Obra Civil General, Agua Potable & Saneamiento","acueducto, alcantarillado","$489,717,179 COP",MUNICIPIO DE ALBANIA,Caquetá,Albania,Selección Abreviada de Menor Cuantía,SINERGIA CONSTRUCTORA ZOMAC SAS,901283654,Contactar al contratista ganador/consorcio para ofrecer suministro y cotización inmediata.,https://community.secop.gov.co/Public/Tendering/OpportunityDetail/Index?noticeUID=CO1.NTC.10473371,REPOSICIÓN DE REDES DE ALCANTARILLADO Y OPTIMIZACIÓN DE REDES DE ACUEDUCTO EN LA CARRERA 7ª ENTRE CALLES 6 Y 4 ENTRE LOS BARRIOS EL CENTRO Y TURBAY DEL MUNICIPIO DE ALBANIA CAQUETÁ.
CO1.REQ.10886971,SAMC-011-2026 (Manifestación de interés (Menor Cuantía)) (Presentación de oferta),86,Adjudicado (Contratista Seleccionado),Lead B2B de Venta Directa,"Construcción & Obra Civil General, Agua Potable & Saneamiento","planta de tratamiento, acueducto","$487,530,247 COP",MUNICIPIO DE COMBITA,Boyacá,Cómbita,Selección Abreviada de Menor Cuantía,ECOAC INGENIERIA S.A.S,901614013,Contactar al contratista ganador/consorcio para ofrecer suministro y cotización inmediata.,https://community.secop.gov.co/Public/Tendering/OpportunityDetail/Index?noticeUID=CO1.NTC.10742025,CONSTRUCCIÓN DE PLANTA DE TRATAMIENTO Y TANQUE DE ALMACENAMIENTO PARA EL ACUEDUCTO EL TRIUNFO DEL MUNICIPIO DE CÓMBITA (BOYACÁ)
CO1.REQ.10618218,HA-SA-007-2026 (Manifestación de interés (Menor Cuantía)) (Presentación de oferta),86,Adjudicado (Contratista Seleccionado),Lead B2B de Venta Directa,"Construcción & Obra Civil General, Agua Potable & Saneamiento","aguas residuales, tratamiento de aguas","$482,083,605 COP",MUNICIPIO DE HACARI,Norte de Santander,Hacarí,Selección Abreviada de Menor Cuantía,DINPRO CONSTRUCCIONES E INGENIERIAS SAS,901513594,Contactar al contratista ganador/consorcio para ofrecer suministro y cotización inmediata.,https://community.secop.gov.co/Public/Tendering/OpportunityDetail/Index?noticeUID=CO1.NTC.10472677,"CONSTRUCCIÓN DE SISTEMAS INDIVIDUALES DE TRATAMIENTO DE AGUAS RESIDUALES Y SANEAMIENTO BÁSICO EN SECTORES DISPERSOS DE LA ZONA RURAL DEL MUNICIPIO DE HACARÍ, NORTE DE SANTANDER."
CO1.REQ.10381575,SVIV SAMC 003 DE 2026 (Manifestación de interés (Menor Cuantía)) (Presentación de oferta),86,Adjudicado (Contratista Seleccionado),Lead B2B de Venta Directa,"Construcción & Obra Civil General, Agua Potable & Saneamiento","acueducto, alcantarillado","$470,888,567 COP",ALCALDIA MUNICIPAL DE OCAÑA,Norte de Santander,Ocaña,Selección Abreviada de Menor Cuantía,IINCOAS SAS,901389045,Contactar al contratista ganador/consorcio para ofrecer suministro y cotización inmediata.,https://community.secop.gov.co/Public/Tendering/OpportunityDetail/Index?noticeUID=CO1.NTC.10237891,"REPOSICIÓN Y MEJORAMIENTO DE LAS REDES DE ALCANTARILLADO SANITARIO EN SECTORES PRIORIZADOS DE LOS BARRIOS MIRAFLORES, NUEVA ESPAÑA, HACARITAMA, ADECUACIÓN DE ALCANTARILLADO PLUVIAL EN EL BARRIO MIRAFLORES, Y REPOSICIÓN Y MEJORAMIENTO PARA LA OPTIMIZA"
CO1.REQ.11010547,2026-246 (Manifestación de interés (Menor Cuantía)) (Presentación de oferta),86,Adjudicado (Contratista Seleccionado),Lead B2B de Venta Directa,"Construcción & Obra Civil General, Agua Potable & Saneamiento","aguas residuales, tratamiento de aguas","$463,062,359 COP",ALCALDIA DE CAICEDONIA,Valle del Cauca,Caicedonia,Selección Abreviada de Menor Cuantía,ICONSA S.A.S,900217521,Contactar al contratista ganador/consorcio para ofrecer suministro y cotización inmediata.,https://community.secop.gov.co/Public/Tendering/OpportunityDetail/Index?noticeUID=CO1.NTC.10864551,"Intervenir la infraestructura asociada a los sistemas de tratamiento de aguas residuales domésticas rurales mediante acciones de recuperación, adecuación y mejoramiento."
CO1.REQ.10912673,SAMC-007-2026 (Manifestación de interés (Menor Cuantía)) (Presentación de oferta),86,Adjudicado (Contratista Seleccionado),Lead B2B de Venta Directa,"Construcción & Obra Civil General, Agua Potable & Saneamiento","acueducto, alcantarillado","$448,582,209 COP",ALCALDIA MUNICIPAL DE MIRAFLORES BOYACA,Boyacá,Miraflores,Selección Abreviada de Menor Cuantía,ARAFER CONSTRUCCIONES S.A.S,9005942959,Contactar al contratista ganador/consorcio para ofrecer suministro y cotización inmediata.,https://community.secop.gov.co/Public/Tendering/OpportunityDetail/Index?noticeUID=CO1.NTC.10766610,"OPTIMIZACIÓN DEL SISTEMA DE ALCANTARILLADO SANITARIO Y CONSTRUCCIÓN DE ALCANTARILLADO PLUVIAL EN EL BARRIO EL COGOLLO Y AMPLIACIÓN DE LA RED DE ACUEDUCTO EN LA URBANIZACIÓN VILLA ISABEL. MUNICIPIO DE MIRAFLORES, BOYACÁ"
CO1.REQ.10953159,UARIV-SI-002-2026 (Presentación de oferta),86,Adjudicado (Contratista Seleccionado),Lead B2B de Venta Directa,Tecnología & Equipos de Cómputo,"licenciamiento, seguridad perimetral","$444,941,952 COP",UARIV-UNIDAD PARA LA ATENCION Y REPARACION INTEGRAL A LAS VICTIMAS,Distrito Capital de Bogotá,Bogotá,Selección abreviada subasta inversa,ECOMIL SAS,830133271,Contactar al contratista ganador/consorcio para ofrecer suministro y cotización inmediata.,https://community.secop.gov.co/Public/Tendering/OpportunityDetail/Index?noticeUID=CO1.NTC.10810059,"RENOVACIÓN DEL LICENCIAMIENTO, GARANTÍA Y SOPORTE DE LA SOLUCIÓN DE SEGURIDAD PERIMETRAL ONPREMISE DE LA UNIDAD PARA LA ATENCIÓN Y REPARACIÓN INTEGRAL A LAS VÍCTIMAS."
CO1.REQ.10761651,SAMC-007-2026 (Manifestación de interés (Menor Cuantía)) (Presentación de oferta),86,Adjudicado (Contratista Seleccionado),Lead B2B de Venta Directa,"Construcción & Obra Civil General, Agua Potable & Saneamiento","acueducto, alcantarillado","$442,876,950 COP",MUNICIPIO DE PINCHOTE,Santander,Pinchote,Selección Abreviada de Menor Cuantía,CONSTRUCTORES Y CONSULTORES RP SAS,900781628,Contactar al contratista ganador/consorcio para ofrecer suministro y cotización inmediata.,https://community.secop.gov.co/Public/Tendering/OpportunityDetail/Index?noticeUID=CO1.NTC.10616018,"CONSTRUCCION, MEJORAMIENTO Y ADECUACION DE PAVIMENTO EN PIEDRA  LABOR Y OPTIMIZACION DE LA RED DE ACUEDUCTO Y ALCANTARILLADO SANITARIO CALLE 4 ENTRE CARRERA 3 Y 4 DEL CASCO URBANO"
CO1.REQ.11175799,CONT-INT006-2026,86,Adjudicado (Contratista Seleccionado),Lead B2B de Venta Directa,"Construcción & Obra Civil General, Agua Potable & Saneamiento","planta de tratamiento, agua potable","$432,839,952 COP",MUNICIPIO DE GOMEZ PLATA,Antioquia,Gómez Plata,Contratación Directa (con ofertas),No Definido,No Definido,Contactar al contratista ganador/consorcio para ofrecer suministro y cotización inmediata.,https://community.secop.gov.co/Public/Tendering/OpportunityDetail/Index?noticeUID=CO1.NTC.11030816,"CONTRATO INTERADMINISTRATIVO DE MANDATO SIN REPRESENTACIÓN PARA LA ACTUALIZACIÓN TECNOLOGICA DE EQUIPOS DE MEDICIÓN PARA LA PLANTA DE
TRATAMIENTO DE AGUA POTABLE DE LA ZONA URBANA DEL MUNICIPIO DE GÓMEZ PLATA, ANTIOQUIA BPIN
2024053100010"
CO1.REQ.10953523,SASI-SGR-019- 2026 (Presentación de oferta),86,Adjudicado (Contratista Seleccionado),Lead B2B de Venta Directa,Tecnología & Equipos de Cómputo,"equipos de cómputo, software","$431,409,510 COP",ALCALDIA MUNICIPAL DE VALLEDUPAR,Cesar,Valledupar,Selección abreviada subasta inversa,DICKSON EMIRO TRUJILLO DUARTE,79947565,Contactar al contratista ganador/consorcio para ofrecer suministro y cotización inmediata.,https://community.secop.gov.co/Public/Tendering/OpportunityDetail/Index?noticeUID=CO1.NTC.10807467,"DOTACIÓN E INSTALACIÓN DE EQUIPOS DE CÓMPUTO, SOFTWARE Y ELEMENTOS COMPLEMENTARIOS DE TIC PARA EL FORTALECIMIENTO DE LA GESTIÓN EN SEGURIDAD DEL MUNICIPIO DE VALLEDUPAR - CESAR"
CO1.REQ.11036178,MS-SAMC-008-2026 (Manifestación de interés (Menor Cuantía)) (Presentación de oferta),86,Adjudicado (Contratista Seleccionado),Lead B2B de Venta Directa,"Construcción & Obra Civil General, Agua Potable & Saneamiento","agua potable, plantas de tratamiento","$431,353,519 COP",MUNICIPIO DE SOTAQUIRA,Boyacá,Sotaquirá,Selección Abreviada de Menor Cuantía,APOLO GOLDEN S.A.S,901902097,Contactar al contratista ganador/consorcio para ofrecer suministro y cotización inmediata.,https://community.secop.gov.co/Public/Tendering/OpportunityDetail/Index?noticeUID=CO1.NTC.10889986,"CONSTRUCCIÓN Y/O OPTIMIZACIÓN DE LAS PLANTAS DE TRATAMIENTO DE AGUA POTABLE LA TOMA Y LAS ÁGUILAS, UBICADAS EN LAS VEREDAS LA TOMA Y CARREÑO DEL MUNICIPIO DE SOTAQUIRÁ, DEPARTAMENTO DE BOYACÁ"
CO1.REQ.10852028,MP-SAMC-003-2026 (Manifestación de interés (Menor Cuantía)) (Presentación de oferta),86,Adjudicado (Contratista Seleccionado),Lead B2B de Venta Directa,"Construcción & Obra Civil General, Agua Potable & Saneamiento","acueducto, alcantarillado","$429,977,560 COP",MUNICIPIO DE PESCA,Boyacá,Pesca,Selección Abreviada de Menor Cuantía,ANDERSON GIOVANI DIAZ DUQUINO,9636617,Contactar al contratista ganador/consorcio para ofrecer suministro y cotización inmediata.,https://community.secop.gov.co/Public/Tendering/OpportunityDetail/Index?noticeUID=CO1.NTC.10706614,CONSTRUCCION Y OPTIMIZACION DE LAS REDES DE ACUEDUCTO Y ALCANTARILLADO EN LAS DIFERENTES VIAS URBANAS DEL MUNICIPIO DE PESCA BOYACA
CO1.REQ.10822555,307-GINREDCE-2026 (Manifestación de interés (Menor Cuantía)) (Presentación de oferta),86,Adjudicado (Contratista Seleccionado),Lead B2B de Venta Directa,Tecnología & Equipos de Cómputo,"software, licenciamiento","$414,369,683 COP",DIRECCION GENERAL MARITIMA - SUBDIRECCION ADMINISTRATIVA Y FINANCIERA - SUBAFIN,Distrito Capital de Bogotá,No Definido,Selección Abreviada de Menor Cuantía,GAMMA INGENIEROS SAS,891501783,Contactar al contratista ganador/consorcio para ofrecer suministro y cotización inmediata.,https://community.secop.gov.co/Public/Tendering/OpportunityDetail/Index?noticeUID=CO1.NTC.10676738,ADQUIRIR EL LICENCIAMIENTO Y EQUIPOS AP PARA EL SOFTWARE DE LA INFRAESTRUCTURA FORTINET DE LA DIRECCIÓN GENERAL MARÍTIMA DIMAR.
CO1.REQ.10549253,SU-2026-19 (Presentación de oferta),86,Adjudicado (Contratista Seleccionado),Lead B2B de Venta Directa,Agua Potable & Saneamiento,"acueducto, alcantarillado","$400,000,000 COP",ALCALDIA DE PASTO,Nariño,Pasto,Selección abreviada subasta inversa,AB Y AR SAS,901072140,Contactar al contratista ganador/consorcio para ofrecer suministro y cotización inmediata.,https://community.secop.gov.co/Public/Tendering/OpportunityDetail/Index?noticeUID=CO1.NTC.10405537,"El Contratista se compromete para con el Municipio de Pasto - Secretaría de Gestión Ambiental, a realizar el suministro de tubería, accesorios y materiales de construcción para los sistemas de acueducto y alcantarillado de los sectores Rural y Suburb"
CO1.REQ.10955367,ML-SA-007 DE 2026 (Manifestación de interés (Menor Cuantía)) (Presentación de oferta),86,Adjudicado (Contratista Seleccionado),Lead B2B de Venta Directa,"Construcción & Obra Civil General, Agua Potable & Saneamiento","acueducto, alcantarillado","$379,553,317 COP",MUNICIPIO DE LABRANZAGRANDE,Boyacá,No Definido,Selección Abreviada de Menor Cuantía,ANDERSON GIOVANI DIAZ DUQUINO,9636617,Contactar al contratista ganador/consorcio para ofrecer suministro y cotización inmediata.,https://community.secop.gov.co/Public/Tendering/OpportunityDetail/Index?noticeUID=CO1.NTC.10809445,"REALIZAR OBRAS DE REHABILITACIÓN DE RED DE ALCANTARILLADO SANITARIO Y CONSTRUCCIÓN DE RED DE ALCANTARILLADO SANITARIO Y CONSTRUCCIÓN DE RED DE ACUEDUCTO, ALCANTARILLADO SANITARIO Y PLUVIAL (CALLE 8 ENTRE CARRERAS 6 Y 7) DEL CASCO URBANO DEL MUNICIPIO"
CO1.REQ.10547851,DNDA-037-2026 (Presentación de oferta),86,Adjudicado (Contratista Seleccionado),Lead B2B de Venta Directa,Tecnología & Equipos de Cómputo,"equipos de cómputo, equipos tecnológicos","$356,746,599 COP",DIRECCIÓN NACIONAL DE DERECHO DE AUTOR,Distrito Capital de Bogotá,No Definido,Selección abreviada subasta inversa,UT AXEC AUTOR 2026,9021028812,Contactar al contratista ganador/consorcio para ofrecer suministro y cotización inmediata.,https://community.secop.gov.co/Public/Tendering/OpportunityDetail/Index?noticeUID=CO1.NTC.10404144,"Suministro de 15 Equipos de Cómputo portátiles licenciados, discos duros y equipos tecnológicos audiovisuales, adquisición de dos servidores de almacenamiento NAS, Discos duros SSD M.2, Discos Duros HDD y dispositivos de copia de seguridad en cintas "
CO1.REQ.10715901,CD-SPI-222-2026,86,Adjudicado (Contratista Seleccionado),Lead B2B de Venta Directa,"Construcción & Obra Civil General, Agua Potable & Saneamiento","aguas residuales, ptar","$346,964,030 COP",MUNICIPIO DE ABEJORRAL,Antioquia,Abejorral,Contratación Directa (con ofertas),EMPRESA DE DESARROLLO TERRITORIAL DE DON MATIAS,901852866,Contactar al contratista ganador/consorcio para ofrecer suministro y cotización inmediata.,https://community.secop.gov.co/Public/Tendering/OpportunityDetail/Index?noticeUID=CO1.NTC.10569913,CONTRATO INTERADMINISTRATIVO DE MANDATO SIN REPRESENTACION PARA LA GERENCIA Y ADMINISTRACION DEL PROYECTO DE OPTIMIZACION DE LAS PTAR PARA GARANTIZAR LA DISMINUCION DE LA CARGA CONTAMINANTE POR VERTIMIENTOS DE AGUAS RESIDUALES EN LA ZONA URBANA Y EN 
CO1.REQ.10707702,SAMC-004-2026 (Manifestación de interés (Menor Cuantía)) (Presentación de oferta),86,Adjudicado (Contratista Seleccionado),Lead B2B de Venta Directa,"Construcción & Obra Civil General, Agua Potable & Saneamiento","acueductos, alcantarillado","$322,331,370 COP",ALCALDIA MUNICIPIO DE MANZANARES,Caldas,Manzanares,Selección Abreviada de Menor Cuantía,TITÁN LTDA,900057878,Contactar al contratista ganador/consorcio para ofrecer suministro y cotización inmediata.,https://community.secop.gov.co/Public/Tendering/OpportunityDetail/Index?noticeUID=CO1.NTC.10561535,"Cordial saludo para todos.

CONTRATAR LAS OBRAS DE MEJORAMIENTO Y OPTIMIZACIÓN DE LOS ACUEDUCTOS VEREDALES DE LA ITALIA Y CAMPOALEGRE, Y LA CONSTRUCCIÓN DEL ALCANTARILLADO DEL BARRIO SANTA CLARA, EN EL MUNICIPIO DE MANZANARES, CALDAS."
CO1.REQ.10716474,SE-LP-002-2026,85,Licitación Abierta (En Ofertas),Oportunidad de Alianza / Cotización,Alimentación Escolar (PAE),"pae, alimentación escolar","$46,171,655,466 COP",DEPARTAMENTO DE CORDOBA,Córdoba,Montería,Licitación pública,No Definido,No Definido,Compartir la oportunidad con clientes aliados para que presenten oferta incluyendo nuestros suministros.,https://community.secop.gov.co/Public/Tendering/OpportunityDetail/Index?noticeUID=CO1.NTC.10572556,"IMPLEMENTACIÓN DEL PROGRAMA DE ALIMENTACIÓN ESCOLAR - PAE- EN LOS ESTABLECIMIENTOS EDUCATIVOS OFICIALES DE LOS 27 MUNICIPIOS NO
CERTIFICADOS DEL DEPARTAMENTO DE CÓRDOBA"
CO1.REQ.11171793,01-09-03-00016-2026,85,Licitación Abierta (En Ofertas),Oportunidad de Alianza / Cotización,Salud: Insumos & Equipos Médicos,"medicamentos, dispositivos médicos","$42,269,489,880 COP",NUEVA EMPRESA PROMOTORA DE SALUD S.A.,Distrito Capital de Bogotá,Bogotá,Contratación régimen especial,MENNAR SAS,817005385,Compartir la oportunidad con clientes aliados para que presenten oferta incluyendo nuestros suministros.,https://community.secop.gov.co/Public/Tendering/OpportunityDetail/Index?noticeUID=CO1.NTC.11026458,"El proveedor se obliga con NUEVA EPS a prestar el servicio de dispensación ambulatoria de medicamentos, dispositivos médicos, soportes nutricionales y productos complementarios, para el Régimen Contributivo financiados y no financiados con recursos d"
CO1.REQ.11099963,SI-FGR-CRE-001-2026,85,Adjudicado (Contratista Seleccionado),Lead B2B de Venta Directa,Construcción & Obra Civil General,,"$26,281,629,538 COP",MUNICIPIO DE BUCARAMANGA,Santander,Bucaramanga,Contratación régimen especial (con ofertas),INFRACORP SAS,900847742,Contactar al contratista ganador/consorcio para ofrecer suministro y cotización inmediata.,https://community.secop.gov.co/Public/Tendering/OpportunityDetail/Index?noticeUID=CO1.NTC.10980060,"CONSTRUCCIÓN DE OBRAS DE MITIGACIÓN Y ESTABILIZACIÓN EN EL BARRIO GAITAN, ESCARPA OCCIDENTAL DEL MUNICIPIO DE BUCARAMANGA, SANTANDER"
CO1.REQ.10433651,LP-DEO-SGI-002-2026 (Fase de Selección (Presentación de ofertas)),85,Adjudicado (Contratista Seleccionado),Lead B2B de Venta Directa,Construcción & Obra Civil General,,"$25,974,974,291 COP",INVIAS,Distrito Capital de Bogotá,Bogotá,Licitación pública Obra Publica,CONSORCIO BING,No Definido,Contactar al contratista ganador/consorcio para ofrecer suministro y cotización inmediata.,https://community.secop.gov.co/Public/Tendering/OpportunityDetail/Index?noticeUID=CO1.NTC.10291094,"GESTÓN VIAL INTEGRAL DE LA RUTA NACIONAL 21 SECTOR: MONTERÍA - CERETÉ, PASO NACIONAL POR CERETÉ, SECTOR VARIANTE ORIENTAL DE MONTERÍA, TRAMO 21CRA, RUTA NACIONAL 74 SECTOR: CERETÉ - CRUCE RUTA 25 (LA YE); RUTA NACIONAL 25 SECTOR: PLANETA RICA - LA YE"
CO1.REQ.11170643,02-09-03-00015-2026,85,Licitación Abierta (En Ofertas),Oportunidad de Alianza / Cotización,Salud: Insumos & Equipos Médicos,"medicamentos, dispositivos médicos","$25,051,258,800 COP",NUEVA EMPRESA PROMOTORA DE SALUD S.A.,Distrito Capital de Bogotá,Bogotá,Contratación régimen especial,MENNAR SAS,817005385,Compartir la oportunidad con clientes aliados para que presenten oferta incluyendo nuestros suministros.,https://community.secop.gov.co/Public/Tendering/OpportunityDetail/Index?noticeUID=CO1.NTC.11024856,"El proveedor se obliga con NUEVA EPS a prestar el servicio de dispensación ambulatoria de medicamentos, dispositivos médicos, soportes nutricionales y productos complementarios, para el Régimen Subsidiado financiados y no financiados con recursos de "
CO1.REQ.10542144,LP-GB-008-2026 (Fase de Selección (Presentación de ofertas)),85,Adjudicado (Contratista Seleccionado),Lead B2B de Venta Directa,Construcción & Obra Civil General,,"$18,070,882,654 COP",GOBERNACIÓN DE BOYACÁ,Boyacá,Tunja,Licitación pública Obra Publica,CONSORCIO COMBITA 2026,No Definido,Contactar al contratista ganador/consorcio para ofrecer suministro y cotización inmediata.,https://community.secop.gov.co/Public/Tendering/OpportunityDetail/Index?noticeUID=CO1.NTC.10398732,"MEJORAMIENTO DE LAS VÍAS DEPARTAMENTALES CRUCE RUTA 6209 (SOTE), CRUCE RUTA 5502 (LA BOMBA) Y PASO URBANO POR EL MUNICIPIO DE CÓMBITA EN EL DEPARTAMENTO DE BOYACÁ"
CO1.REQ.11000934,SI-AL-SASI-001-2026 (Presentación de oferta),85,Adjudicado (Contratista Seleccionado),Lead B2B de Venta Directa,Energía Solar & Alumbrado Público,,"$17,373,524,000 COP",MUNICIPIO DE BUCARAMANGA,Santander,Bucaramanga,Selección abreviada subasta inversa,UT LUMINARIAS BUCARAMANGA 2026,No Definido,Contactar al contratista ganador/consorcio para ofrecer suministro y cotización inmediata.,https://community.secop.gov.co/Public/Tendering/OpportunityDetail/Index?noticeUID=CO1.NTC.10861663,"COMPRAVENTA DE LUMINARIAS DE TECNOLOGIA LED PARA EL MANTENIMIENTO DEL
ALUMBRADO PÙBLICO DE BUCARAMANGA 2026"
CO1.REQ.10443360,LP-DEO-SGI-007-2026 (Fase de Selección (Presentación de ofertas)),85,Adjudicado (Contratista Seleccionado),Lead B2B de Venta Directa,Construcción & Obra Civil General,,"$16,881,576,920 COP",INVIAS,Distrito Capital de Bogotá,Bogotá,Licitación pública Obra Publica,CS TAV,No Definido,Contactar al contratista ganador/consorcio para ofrecer suministro y cotización inmediata.,https://community.secop.gov.co/Public/Tendering/OpportunityDetail/Index?noticeUID=CO1.NTC.10302339,"MANTENIMIENTO, REHABILITACIÓN, Y ATENCIÓN OBRAS DE EMERGENCIA DE LA RUTA 70, TRAMO 7007 SECTOR: AGUACLARA - OCAÑA; TRAMO 7008 SECTOR: OCAÑA SARDINATA; TRAMO 7009 SECTOR: SARDINATA EL ZULIA, INCLUYENDO EL TRAMO 70NSA SECTOR: VARIANTE SARDINATA Y GESTI"
CO1.REQ.10606732,LP-DEO-SGI-021-2026 (Fase de Selección (Presentación de ofertas)),85,Adjudicado (Contratista Seleccionado),Lead B2B de Venta Directa,Construcción & Obra Civil General,,"$14,356,881,524 COP",INVIAS,Distrito Capital de Bogotá,Bogotá,Licitación pública Obra Publica,CONSORCIO PROCONS 2026,No Definido,Contactar al contratista ganador/consorcio para ofrecer suministro y cotización inmediata.,https://community.secop.gov.co/Public/Tendering/OpportunityDetail/Index?noticeUID=CO1.NTC.10465307,"REHABILITACION Y MANTENIMIENTO DE LA VIA DUITAMA - LA PALMERA, RUTA 55 TRAMO 5503, DEPARTAMENTO DE BOYACA"
CO1.REQ.10851144,5037,85,Adjudicado (Contratista Seleccionado),Lead B2B de Venta Directa,Construcción & Obra Civil General,,"$13,903,876,044 COP",AREA METROPOLITANA DEL VALLE DE ABURRA,Antioquia,No Definido,Contratación Directa (con ofertas),MUNICIPIO DE ENVIGADO*,890907106,Contactar al contratista ganador/consorcio para ofrecer suministro y cotización inmediata.,https://community.secop.gov.co/Public/Tendering/OpportunityDetail/Index?noticeUID=CO1.NTC.10741617,"APOYAR LA COFINANCIACIÓN PARA LA CONSTRUCCIÓN DEL CENTRO DE COMANDO, CONTROL, COMUNICACIONES Y CÓMPUTO (C4) DEL MUNICIPIO DE ENVIGADO"
CO1.REQ.10554557,LP-DEO-SGI-020-2026 (Fase de Selección (Presentación de ofertas)),85,Adjudicado (Contratista Seleccionado),Lead B2B de Venta Directa,Construcción & Obra Civil General,,"$12,000,114,408 COP",INVIAS,Distrito Capital de Bogotá,Bogotá,Licitación pública Obra Publica,CONSORCIO ALPES PG,No Definido,Contactar al contratista ganador/consorcio para ofrecer suministro y cotización inmediata.,https://community.secop.gov.co/Public/Tendering/OpportunityDetail/Index?noticeUID=CO1.NTC.10412940,"GESTIÓN VIAL INTEGRAL DE LA CARRETERA LOS ALPES - MADRID - BOGOTÁ, TRAMO 5008A Y VARIANTE DE MADRID, TRAMO 50CNG, EN EL DEPARTAMENTO DE CUNDINAMARCA"
CO1.REQ.10824773,LP-SAPSB-03142-2026 (Fase de Selección (Presentación de ofertas)),85,Adjudicado (Contratista Seleccionado),Lead B2B de Venta Directa,"Construcción & Obra Civil General, Agua Potable & Saneamiento",alcantarillado,"$9,913,132,319 COP",Gobernación Norte de Santander*,Norte de Santander,Cúcuta,Licitación pública Obra Publica,UNION TEMPORAL COLECTOR OCAÑA 2026,No Definido,Contactar al contratista ganador/consorcio para ofrecer suministro y cotización inmediata.,https://community.secop.gov.co/Public/Tendering/OpportunityDetail/Index?noticeUID=CO1.NTC.10678852,"CONSTRUCCIÓN DE LA CONTINUACIÓN DEL COLECTOR DE ALCANTARILLADO SANITARIO ENTRE DESCARGA EXISTENTE EN LA PLAZA DE FERIAS Y SECTOR AGUAS ABAJO DEL RÍO TEJO, MUNICIPIO DE OCAÑA, NORTE DE SANTANDER"
CO1.REQ.11173643,LP-011-2026-HOMIL,85,Licitación Abierta (En Ofertas),Oportunidad de Alianza / Cotización,Salud: Insumos & Equipos Médicos,"reactivos, dispositivos médicos","$9,541,369,400 COP",HOSPITAL MILITAR CENTRAL,Distrito Capital de Bogotá,No Definido,Licitación pública,No Definido,No Definido,Compartir la oportunidad con clientes aliados para que presenten oferta incluyendo nuestros suministros.,https://community.secop.gov.co/Public/Tendering/OpportunityDetail/Index?noticeUID=CO1.NTC.11031042,"SUMINISTRO DE DISPOSITIVOS MÉDICOS, REACTIVOS E INSUMOS PARA LA TRANSFUSIÓN DE COMPONENTES SANGUÍNEOS, RECOLECCIÓN Y PROCESAMIENTO DE LAS UNIDADES DE SANGRE Y AFÉRESIS COLECTADAS Y LA REALIZACIÓN DE LAS PRUEBAS DE INMUNOSEROLOGÍA E INMUNOHEMATOLOGÍA "
CO1.REQ.11129894,SGR-003-2026,85,Adjudicado (Contratista Seleccionado),Lead B2B de Venta Directa,Construcción & Obra Civil General,,"$9,328,214,311 COP",RESGUARDO INDIGENA KOFAN SANTIAGO DE CALI,Valle del Cauca,Cali,Contratación régimen especial (con ofertas),ARBOLEDA SERVICIOS AMBIENTALES,901205109,Contactar al contratista ganador/consorcio para ofrecer suministro y cotización inmediata.,https://community.secop.gov.co/Public/Tendering/OpportunityDetail/Index?noticeUID=CO1.NTC.10985559,MEJORAMIENTO Y REHABILITACIÓN ACCESO VIAL AL RESGUARDO COMUNIDAD INDÍGENA KOFAN (CORREGIMIENTO DE VILLA CARMELO SANTIAGO DE CALI) DEPARTAMENTO VALLE DEL CAUCA
CO1.REQ.10897182,LP-014-2026 (Fase de Selección (Presentación de ofertas)),85,Adjudicado (Contratista Seleccionado),Lead B2B de Venta Directa,Construcción & Obra Civil General,,"$7,704,641,867 COP",GOBERNACION DEL MAGDALENA,Magdalena,Santa Marta,Licitación pública Obra Publica,CONSORCIO OBRAS ESPECIALES PATINAJE,No Definido,Contactar al contratista ganador/consorcio para ofrecer suministro y cotización inmediata.,https://community.secop.gov.co/Public/Tendering/OpportunityDetail/Index?noticeUID=CO1.NTC.10754340,CONSTRUCCION DE PISTA DE PATINAJE - MUNICIPIO DE ARACATACA - DEPARTAMENTO DEL MAGDALENA
CO1.REQ.10941968,SI-SI-CD-006-2026,85,Adjudicado (Contratista Seleccionado),Lead B2B de Venta Directa,"Construcción & Obra Civil General, Agua Potable & Saneamiento",alcantarillado,"$7,488,540,507 COP",MUNICIPIO DE BUCARAMANGA,Santander,Bucaramanga,Contratación Directa (con ofertas),EMPRESA PUBLICA DE ALCANTARILLADO DE SANTANDER S.A E.S.P.,900115931,Contactar al contratista ganador/consorcio para ofrecer suministro y cotización inmediata.,https://community.secop.gov.co/Public/Tendering/OpportunityDetail/Index?noticeUID=CO1.NTC.10797379,AUNAR ESFUERZOS ENTRE EL MUNICIPIO DE BUCARAMANGA Y LA EMPRESA PÚBLICA DE ALCANTARILLADO DE SANTANDER S.A. E.S.P - EMPAS PARA DESARROLLAR ACTIVIDADES RELACIONADAS CON LA OPTIMIZACIÓN DE LAS REDES Y SISTEMAS DE ALCANTARILLADO EN SITIOS ESTRATÉGICOS DE
CO1.REQ.11170385,02-09-08-00083-2026,85,Licitación Abierta (En Ofertas),Oportunidad de Alianza / Cotización,Salud: Insumos & Equipos Médicos,"medicamentos, dispositivos médicos","$7,200,000,000 COP",NUEVA EMPRESA PROMOTORA DE SALUD S.A.,Distrito Capital de Bogotá,Bogotá,Contratación régimen especial,No Definido,No Definido,Compartir la oportunidad con clientes aliados para que presenten oferta incluyendo nuestros suministros.,https://community.secop.gov.co/Public/Tendering/OpportunityDetail/Index?noticeUID=CO1.NTC.11025505,"El proveedor se obliga con NUEVA EPS a prestar el servicio de dispensación ambulatoria de medicamentos, dispositivos médicos, soportes nutricionales y productos complementarios, para el Régimen Subsidiado financiados y no financiados con recursos de "
CO1.REQ.11008004,2000.46.01.006-2026 (Fase de Selección (Presentación de ofertas)),85,Adjudicado (Contratista Seleccionado),Lead B2B de Venta Directa,Construcción & Obra Civil General,,"$7,066,813,624 COP",VALLECAUCANA DE AGUAS S.A. E.S.P,Valle del Cauca,Cali,Licitación pública Obra Publica,CONSORCIO COLECTOR ZONA NORTE EL CERRITO,No Definido,Contactar al contratista ganador/consorcio para ofrecer suministro y cotización inmediata.,https://community.secop.gov.co/Public/Tendering/OpportunityDetail/Index?noticeUID=CO1.NTC.10861942,"EJECUTAR EL PLAN DE OBRAS PÚBLICAS, BAJO LA MODALIDAD DE PRECIOS UNITARIOS FIJOS, PARA LA CONSTRUCCIÓN DE LA FASE 2 DEL COLECTOR EL INGENIO Y SUS ESTRUCTURAS COMPLEMENTARIAS COMO MEDIDA DE MITIGACIÓN A LOS PROBLEMAS DE INUNDABILIDAD DE LA ZONA NORTE "
CO1.REQ.10683992,CPS-224-2026,85,Adjudicado (Contratista Seleccionado),Lead B2B de Venta Directa,"Construcción & Obra Civil General, Agua Potable & Saneamiento",acueductos,"$6,500,000,000 COP",MUNICIPIO DE URIBIA,La Guajira,Uribia,Contratación Directa (con ofertas),AMZOREAGUA,839000724,Contactar al contratista ganador/consorcio para ofrecer suministro y cotización inmediata.,https://community.secop.gov.co/Public/Tendering/OpportunityDetail/Index?noticeUID=CO1.NTC.10539187,"AUNAR ESFUERZOS TÉCNICOS, ADMINISTRATIVOS Y FINANCIEROS PARA
LA OPTIMIZACIÓN (CON INCLUSIÓN DE LOS SUMINISTROS REQUERIDOS)
DE MICROACUEDUCTOS RURALES Y DE ACUEDUCTOS URBANOS DEL
MUNICIPIO DE URIBIA EN EL DEPARTAMENTO DE LA GUAJIRA."
CO1.REQ.10880378,ICCU-LP-017-2026 (Fase de Selección (Presentación de ofertas)),85,Adjudicado (Contratista Seleccionado),Lead B2B de Venta Directa,Construcción & Obra Civil General,,"$6,218,581,512 COP",INSTITUTO DE CAMINOS Y CONSTRUCCIONES DE CUNDINAMARCA - ICCU,Distrito Capital de Bogotá,Bogotá,Licitación pública Obra Publica,CONSORCIO FIRMESS ICCU,No Definido,Contactar al contratista ganador/consorcio para ofrecer suministro y cotización inmediata.,https://community.secop.gov.co/Public/Tendering/OpportunityDetail/Index?noticeUID=CO1.NTC.10736058,"TERMINACION DEL PUESTO DE SALUD DE GACHANCIPA ADSCRITO A LA E.S.E SAN ANTONIO DE SESQUILE DEL
DEPARTAMENTO DE CUNDINAMARCA."
CO1.REQ.11056349,ARI.LP-021-2026 (Fase de Selección (Presentación de ofertas)),85,Adjudicado (Contratista Seleccionado),Lead B2B de Venta Directa,"Construcción & Obra Civil General, Energía Solar & Alumbrado Público",fotovoltaica,"$5,669,365,005 COP",ARAUCA ILUMINADA SAS ESP,Arauca,Arauca,Licitación pública Obra Publica,Altair Tecnik S.A.S.,901746219,Contactar al contratista ganador/consorcio para ofrecer suministro y cotización inmediata.,https://community.secop.gov.co/Public/Tendering/OpportunityDetail/Index?noticeUID=CO1.NTC.10912288,"IMPLEMENTACIÓN DE SISTEMAS DE ENERGÍA FOTOVOLTAICA EN INSTITUCIONES EDUCATIVAS DEL MUNICIPIO DE TAME, DEPARTAMENTO DE ARAUCA"
CO1.REQ.11157812,FFDS-SASI-011-2026,85,Licitación Abierta (En Ofertas),Oportunidad de Alianza / Cotización,"Salud: Insumos & Equipos Médicos, Dotación, Uniformes & Mobiliario","equipos biomédicos, mobiliario, biomédicos","$4,542,803,150 COP",FONDO FINANCIERO DISTRITAL DE SALUD..,Distrito Capital de Bogotá,No Definido,Selección abreviada subasta inversa,No Definido,No Definido,Compartir la oportunidad con clientes aliados para que presenten oferta incluyendo nuestros suministros.,https://community.secop.gov.co/Public/Tendering/OpportunityDetail/Index?noticeUID=CO1.NTC.11020604,"ADQUISICIÓN DE EQUIPOS BIOMÉDICOS Y MOBILIARIO PARA LA DOTACIÓN DE LAS UNIDADES DE URGENCIAS BÁSICAS RESOLUTIVAS PRIORIZADAS Y VIABILIZADAS DE LAS SUBREDES INTEGRADAS DE SERVICIOS DE SALUD, EN EL MARCO DEL NUEVO MODELO DE ATENCIÓN EN SALUD +MAS BIENE"
CO1.REQ.10872818,0196-ARC-CBNL06-2026 (Presentación de oferta),85,Adjudicado (Contratista Seleccionado),Lead B2B de Venta Directa,"Dotación, Uniformes & Mobiliario",,"$4,499,880,000 COP",ARMADA NACIONAL BASE NAVAL No. 6 ARC BOGOTA,Distrito Capital de Bogotá,Bogotá,Selección abreviada subasta inversa,INVERSIONES SARHEM DE COLOMBIA SAS,830119276,Contactar al contratista ganador/consorcio para ofrecer suministro y cotización inmediata.,https://community.secop.gov.co/Public/Tendering/OpportunityDetail/Index?noticeUID=CO1.NTC.10728363,ADQUISICIÓN UNIFORME CAMUFLADO PIXELADO PARA EL PERSONAL DE LA ARMADA NACIONAL
CO1.REQ.11135317,031-LP-CENACCONVENIOS-2026 (Presentación de oferta),85,Licitación Abierta (En Ofertas),Oportunidad de Alianza / Cotización,Vehículos & Maquinaria,"camioneta, camionetas","$4,060,450,675 COP",CENAC - CONVENIOS,Distrito Capital de Bogotá,No Definido,Licitación pública,No Definido,No Definido,Compartir la oportunidad con clientes aliados para que presenten oferta incluyendo nuestros suministros.,https://community.secop.gov.co/Public/Tendering/OpportunityDetail/Index?noticeUID=CO1.NTC.10997540,"ADQUISICIÓN DE CAMIONETAS 4x4 BLINDADAS DE ACUERDO A ESPECIFICACIÓN TÉCNICA ET-01865-TRA-0  CAMIONETA CINCO PUERTAS BLINDADA NIVEL III , Y CAMIONETAS 4X4 CABINA SENCILLA CON CARROCERÍA DE ESTACAS;  Y SEGUROS SOAT Y TODO RIESGO CON DESTINO A LAS UNIDA"
CO1.REQ.11131936,UAECOB-SASI-009-2026 (Presentación de oferta),85,Licitación Abierta (En Ofertas),Oportunidad de Alianza / Cotización,"Dotación, Uniformes & Mobiliario","elementos de protección personal, elementos de proteccion personal","$3,549,841,011 COP",UNIDAD ADMINISTRATIVA ESPECIAL CUERPO OFICIAL DE BOMBEROS DE BOGOTA,Distrito Capital de Bogotá,Bogotá,Selección abreviada subasta inversa,No Definido,No Definido,Compartir la oportunidad con clientes aliados para que presenten oferta incluyendo nuestros suministros.,https://community.secop.gov.co/Public/Tendering/OpportunityDetail/Index?noticeUID=CO1.NTC.10990247,ADQUISICIÓN DE ELEMENTOS DE PROTECCIÓN PERSONAL (E.P.P.) PARA LA ATENCIÓN DE EMERGENCIAS DE LA UAE CUERPO OFICIAL DE BOMBEROS DE BOGOTÁ
CO1.REQ.11175986,SASI-006-2026,85,Licitación Abierta (En Ofertas),Oportunidad de Alianza / Cotización,"HORECA & Maquinaria Gastronómica, Alimentación Escolar (PAE)","pae, menaje, alimentación escolar","$2,500,000,000 COP",MUNICIPIO DE URIBIA,La Guajira,Uribia,Selección abreviada subasta inversa,No Definido,No Definido,Compartir la oportunidad con clientes aliados para que presenten oferta incluyendo nuestros suministros.,https://community.secop.gov.co/Public/Tendering/OpportunityDetail/Index?noticeUID=CO1.NTC.11031858,"SUMINISTRO DE MENAJE PARA LA OPERACIÓN DEL PROGRAMA DE ALIMENTACIÓN ESCOLAR (PAE) EN LOS ESTABLECIMIENTOS EDUCATIVOS OFICIALES DE LA ZONA RURAL Y URBANA DEL MUNICIPIO DE URIBIA, LA GUAJIRA"
CO1.REQ.11177207,MDC-SI-SASI-001-2026 (Presentación de oferta),85,Licitación Abierta (En Ofertas),Oportunidad de Alianza / Cotización,Vehículos & Maquinaria,"maquinaria amarilla, vehículos","$2,378,325,087 COP",ALCALDÍA MUNICIPAL DE CANDELARIA VALLE,Valle del Cauca,Candelaria,Selección abreviada subasta inversa,No Definido,No Definido,Compartir la oportunidad con clientes aliados para que presenten oferta incluyendo nuestros suministros.,https://community.secop.gov.co/Public/Tendering/OpportunityDetail/Index?noticeUID=CO1.NTC.11031542,"ADQUISICIÓN DE MAQUINARIA AMARILLA Y VEHÍCULOS, PARA EL MUNICIPIO DE CANDELARIA VALLE DEL CAUCA, EN EL MARCO DE LOS PROGRAMAS   FORTALECER EL PROGRAMA INFRAESTRUCTURA PARA LA COMPETITIVIDAD Y DESARROLLO DEL MUNICIPIO, Y CIUDADANÍA EDUCADA, PARTICIPAT"
CO1.REQ.11000021,SSAB-CONV-INTER-001-2026,85,Adjudicado (Contratista Seleccionado),Lead B2B de Venta Directa,Vehículos & Maquinaria,,"$2,108,680,000 COP",MUNICIPIO DE BUCARAMANGA,Santander,Bucaramanga,Contratación Directa (con ofertas),EMPRESA DE ASEO DE BUCARAMANGA S.A. ESP.,804006674,Contactar al contratista ganador/consorcio para ofrecer suministro y cotización inmediata.,https://community.secop.gov.co/Public/Tendering/OpportunityDetail/Index?noticeUID=CO1.NTC.10989740,"ADQUISICION DE UNA 1 BARREDORA MECANICA TRIPULADA PARA FORTALECER LA CAPACIDAD OPERATIVA DEL SERVICIO PUBLICO DE ASEO EN EL COMPONENTE DE BARRIDO Y LIMPIEZA DE VIAS Y AREAS PUBLICAS DEL MUNICIPIO DE BUCARAMANGA, EN CUMPLIMIENTO DE LAS METAS ESTABLECI"
CO1.REQ.10910339,FGN-NC-IPSE-0024-2026 (Presentación de oferta),85,Adjudicado (Contratista Seleccionado),Lead B2B de Venta Directa,"Dotación, Uniformes & Mobiliario",,"$1,913,641,380 COP",FISCALÍA GENERAL DE LA NACIÓN NIVEL CENTRAL.,Distrito Capital de Bogotá,Bogotá,Selección abreviada subasta inversa,CENTRAL DE SOLDADURAS Y PROTECCIÓN INDUSTRIAL S.A,890110294,Contactar al contratista ganador/consorcio para ofrecer suministro y cotización inmediata.,https://community.secop.gov.co/Public/Tendering/OpportunityDetail/Index?noticeUID=CO1.NTC.10766467,ADQUISICIÓN DE ELEMENTOS DE BIOSEGURIDAD PARA LA FISCALÍA GENERAL DE LA NACIÓN
CO1.REQ.10532431,CS-939-2026,85,Licitación Abierta (En Ofertas),Oportunidad de Alianza / Cotización,"Tecnología & Equipos de Cómputo, Salud: Insumos & Equipos Médicos","laboratorio clínico, reactivos, software","$1,400,000,000 COP",E.S.E HOSPITAL PEDRO LEON ALVAREZ DIAZ,No Definido,No Definido,Contratación régimen especial,No Definido,No Definido,Compartir la oportunidad con clientes aliados para que presenten oferta incluyendo nuestros suministros.,https://community.secop.gov.co/Public/Tendering/OpportunityDetail/Index?noticeUID=CO1.NTC.10392072,"SUMINISTRO DE REACTIVOS, INSUMOS Y SOFTWARE PARA EL FUNCIONAMIENTO DEL SERVICIO DE TOMA DE MUESTRAS, LABORATORIO CLÍNICO Y SERVICIO PRE-TRANSFUSIONAL DE LA E.S.E. HOSPITAL PEDRO LEÓN ÁLVAREZ DÍAZ DE LA MESA."
CO1.REQ.11176442,CONVOCATORIA PUBLICA 024-2026,85,Licitación Abierta (En Ofertas),Oportunidad de Alianza / Cotización,Salud: Insumos & Equipos Médicos,"medicamentos, dispositivos medicos","$1,400,000,000 COP",EMPRESA SOCIAL DEL ESTADO HOSPITAL SAN RAFAEL DE FACATATIVA,Cundinamarca,Facatativá,Contratación régimen especial (con ofertas),No Definido,No Definido,Compartir la oportunidad con clientes aliados para que presenten oferta incluyendo nuestros suministros.,https://community.secop.gov.co/Public/Tendering/OpportunityDetail/Index?noticeUID=CO1.NTC.11030875,"SUMINISTRO Y DISTRIBUCIÓN DE SOLUCIONES ANTISEPTICAS, DESINFECTANTES, DETERGENTES, MATERIAL MEDICO QUIRUGICO DE CONSUMO ASISTENCIAL Y DISPOSITIVOS MEDICOS PARA PERFUSION DE MEDICAMENTOS, ADEMÁS DE APOYO TECNOLÓGICO DE SELLADORA (S), INCUBADORA (S), P"
CO1.REQ.11173119,CONTRATO INTERADMINISTRATIVO 07 MANDATO CALLE 10,85,Licitación Abierta (En Ofertas),Oportunidad de Alianza / Cotización,Construcción & Obra Civil General,"pavimento flexible, mejoramiento de vías","$1,394,610,564 COP",MUNICIPIO DE FLORIDA,Valle del Cauca,Florida,Contratación Directa (con ofertas),No Definido,No Definido,Compartir la oportunidad con clientes aliados para que presenten oferta incluyendo nuestros suministros.,https://community.secop.gov.co/Public/Tendering/OpportunityDetail/Index?noticeUID=CO1.NTC.11028541,"CONTRATAR LA ADMINISTRACIÓN DELEGADA DE RECURSOS, BAJO LA MODALIDAD DE MANDATO SIN REPRESENTACIÓN, PARA LA GERENCIA INTEGRAL, ESTRUCTURACIÓN, SELECCIÓN, EJECUCIÓN TÉCNICA, ADMINISTRATIVA, FINANCIERA Y JURÍDICA DEL PROYECTO  MEJORAMIENTO DE VÍAS URBAN"
CO1.REQ.11150482,PN RASES No. 1 SA 043 2026,85,Licitación Abierta (En Ofertas),Oportunidad de Alianza / Cotización,Salud: Insumos & Equipos Médicos,"insumos hospitalarios, medico quirurgicos","$1,300,000,000 COP",REGIONAL DE ASEGURAMIENTO EN SALUD No. 1,Distrito Capital de Bogotá,No Definido,Selección abreviada subasta inversa,No Definido,No Definido,Compartir la oportunidad con clientes aliados para que presenten oferta incluyendo nuestros suministros.,https://community.secop.gov.co/Public/Tendering/OpportunityDetail/Index?noticeUID=CO1.NTC.11010220,SUMINISTRO DE INSUMOS HOSPITALARIOS Y MEDICO QUIRURGICOS PARA LA REGIONAL DE ASEGURAMIENTO EN SALUD No. 1
CO1.REQ.10654511,MUNVILLETALP-001-2026 (Presentación de oferta),85,Adjudicado (Contratista Seleccionado),Lead B2B de Venta Directa,"Energía Solar & Alumbrado Público, Vehículos & Maquinaria",alumbrado publico,"$1,295,910,000 COP",ALCALDIA MUNICIPAL DE VILLETA,Cundinamarca,Villeta,Licitación pública,INVERSIONES JORTER SAS,901824060,Contactar al contratista ganador/consorcio para ofrecer suministro y cotización inmediata.,https://community.secop.gov.co/Public/Tendering/OpportunityDetail/Index?noticeUID=CO1.NTC.10510745,ADQUISICIÓN DE EQUIPOS ESPECIALIZADOS DE TRANSPORTE Y EQUIPOS DE DOTACIÓN DESTINADOS A FORTALECER LA CAPACIDAD OPERATIVA Y OPTIMIZACIÓN DEL SERVICIO DE ALUMBRADO PUBLICO EN EL MUNICIPIO DE VILLETA CUNDINAMARCA
CO1.REQ.10615213,061-SASI-SUADQ-INTR-2026 (Presentación de oferta),85,Adjudicado (Contratista Seleccionado),Lead B2B de Venta Directa,"HORECA & Maquinaria Gastronómica, Dotación, Uniformes & Mobiliario",marmita,"$1,174,254,840 COP",EJERCITO DIRECCION DE ADQUISICIONES,Distrito Capital de Bogotá,No Definido,Selección abreviada subasta inversa,U.T. MATERIAL ACERADO 2026,No Definido,Contactar al contratista ganador/consorcio para ofrecer suministro y cotización inmediata.,https://community.secop.gov.co/Public/Tendering/OpportunityDetail/Index?noticeUID=CO1.NTC.10470687,ADQUISICIÓN DE DOTACIÓN BASICA INCORPORACIÓN (CINTURÓN CON HEBILLA - CUBIERTOS METALICOS - MARMITA EN ACERO)
CO1.REQ.11013959,SASI 005- 2026 (Presentación de oferta),85,Adjudicado (Contratista Seleccionado),Lead B2B de Venta Directa,"Dotación, Uniformes & Mobiliario",,"$1,080,672,800 COP",ALCALDIA MUNICIPIO DE VILLAVICENCIO,Meta,Villavicencio,Selección abreviada subasta inversa,CREAEVENTOS SAS,901890717,Contactar al contratista ganador/consorcio para ofrecer suministro y cotización inmediata.,https://community.secop.gov.co/Public/Tendering/OpportunityDetail/Index?noticeUID=CO1.NTC.10867883,"SUMINISTRO PRIMERA, SEGUNDA Y TERCERA DOTACIÓN PARA LOS FUNCIONARIOS ADMINISTRATIVOS, AGENTES DE TRÁNSITO, COMANDANTES DE TRÁNSITO Y PARA LOS TRABAJADORES OFICIALES DE LA ADMINISTRACIÓN CENTRAL DE VILLAVICENCIO VIGENCIA 2023"
CO1.REQ.11035647,PSC-IP-019-2026,85,Licitación Abierta (En Ofertas),Oportunidad de Alianza / Cotización,Alimentación Escolar (PAE),"pae, alimentación escolar","$1,045,361,587 COP",EMPRESA INDUSTRIAL Y COMERCIAL PARA EL DESARROLLO URBANO Y TERRITORIAL - EDUT - DEL MUNICIPIO DE MUTATA,Antioquia,Mutatá,Contratación régimen especial,No Definido,No Definido,Compartir la oportunidad con clientes aliados para que presenten oferta incluyendo nuestros suministros.,https://community.secop.gov.co/Public/Tendering/OpportunityDetail/Index?noticeUID=CO1.NTC.10889543,"EJECUCIÓN DEL PROGRAMA DE ALIMENTACIÓN ESCOLAR - PAE, DIRIGIDO A LOS NIÑOS, NIÑAS Y ADOLESCENTES DE LA MATRÍCULA OFICIAL DEL MUNICIPIO DE MUTATÁ, ENTIDAD TERRITORIAL NO CERTIFICADA EN EDUCACIÓN, PARA LA VIGENCIA 2026-2"
CO1.REQ.11168742,MNSISASISM043-2026 (Presentación de oferta),85,Licitación Abierta (En Ofertas),Oportunidad de Alianza / Cotización,"Construcción & Obra Civil General, Vehículos & Maquinaria","malla vial, vehiculos, maquinaria amarilla","$1,000,000,000 COP",MUNICIPIO DE NEIVA,Huila,Neiva,Selección abreviada subasta inversa,No Definido,No Definido,Compartir la oportunidad con clientes aliados para que presenten oferta incluyendo nuestros suministros.,https://community.secop.gov.co/Public/Tendering/OpportunityDetail/Index?noticeUID=CO1.NTC.11023428,"SUMINISTRO DE REPUESTOS, MANTENIMIENTO Y REPARACIÓN DE VEHICULOS Y MAQUINARIA AMARILLA NECESARIOS PARA LA CONSTRUCCION Y MEJORAMIENTO, DE LA MALLA VIAL DEL MUNICIPIO DE NEIVA A PRECIOS UNITARIOS Y MONTO AGOTABLE"
CO1.REQ.10626881,080-26,83,Licitación Abierta (En Ofertas),Oportunidad de Alianza / Cotización,"Construcción & Obra Civil General, Agua Potable & Saneamiento",alcantarillado,"$999,370,052 COP",SOCIEDAD DE ACUEDUCTOS Y ALCANTARILLADOS DEL VALLE DEL CAUCA S.A. - E.S.P.,Valle del Cauca,No Definido,Contratación régimen especial,No Definido,No Definido,Compartir la oportunidad con clientes aliados para que presenten oferta incluyendo nuestros suministros.,https://community.secop.gov.co/Public/Tendering/OpportunityDetail/Index?noticeUID=CO1.NTC.10481822,"REPOSICIÓN REDES DE ALCANTARILLADO EN EL MUNICIPIO DE GUACARI, VALLE DEL CAUCA"
CO1.REQ.11133356,4152.010.32.1.1657-2026,83,Licitación Abierta (En Ofertas),Oportunidad de Alianza / Cotización,Construcción & Obra Civil General,malla vial,"$989,979,340 COP",SANTIAGO DE CALI DISTRITO ESPECIAL - SECRETARIA DE MOVILIDAD,Valle del Cauca,Cali,Selección Abreviada de Menor Cuantía,No Definido,No Definido,Compartir la oportunidad con clientes aliados para que presenten oferta incluyendo nuestros suministros.,https://community.secop.gov.co/Public/Tendering/OpportunityDetail/Index?noticeUID=CO1.NTC.10989830,"SUMINISTRO, INSTALACIÓN, REPOSICIÓN Y RETIRO DE SEÑALES VERTICALES EN LA MALLA VIAL DEL DISTRITO ESPECIAL DE SANTIAGO DE CALI."
CO1.REQ.11172461,LP-005-2026,83,Licitación Abierta (En Ofertas),Oportunidad de Alianza / Cotización,Construcción & Obra Civil General,escenarios deportivos,"$899,973,403 COP",INSTITUTO MUNICIPAL DE RECREACION Y DEPORTE DE COTA CUNDINAMARCA,Cundinamarca,Cota,Licitación pública,No Definido,No Definido,Compartir la oportunidad con clientes aliados para que presenten oferta incluyendo nuestros suministros.,https://community.secop.gov.co/Public/Tendering/OpportunityDetail/Index?noticeUID=CO1.NTC.11027351,"CONTRATAR EL MANTENIMIENTO Y/O ADECUACION DE LOS DIFERENTES ESCENARIOS DEPORTIVOS, 
CAMPOS DEPORTIVOS, AREAS SOCIALES Y AREAS ADMINISTRATIVAS DEL INSTITUTO MUNICIPAL DE 
RECREACION Y DEPORTE DE COTA  IMRD COTA"
CO1.REQ.11116462,SSM-CD-2428-2026,83,Adjudicado (Contratista Seleccionado),Lead B2B de Venta Directa,Salud: Insumos & Equipos Médicos,"biomedicos, equipos biomedicos","$898,500,000 COP",DEPARTAMENTO DEL META,Meta,Villavicencio,Contratación Directa (con ofertas),HOSPITAL NIVEL 1 PUERTO RICO,900061048,Contactar al contratista ganador/consorcio para ofrecer suministro y cotización inmediata.,https://community.secop.gov.co/Public/Tendering/OpportunityDetail/Index?noticeUID=CO1.NTC.10971372,TRANSFERIR RECURSOS PARA LA ADQUISICIÓN DE EQUIPOS BIOMEDICOS Y APOYO A LA SUPERVISIÓN A LA E.S.E HOSPITAL NIVEL I PUERTO RICO PARA EL FORTALECIMIENTO DEL SERVICIO DE IMÁGENES DIAGNOSTICAS Y MEJORAR LA PRESTACIÓN DEL SERVICIO DE SALUD EN LA REGIÓN.
CO1.REQ.11169230,ITC-CMA-002-2026,83,Licitación Abierta (En Ofertas),Oportunidad de Alianza / Cotización,Interventoría & Consultoría,estudios y diseños,"$886,716,029 COP",ESCUELA TECNOLÓGICA INSTITUTO TÉCNICO CENTRAL,Distrito Capital de Bogotá,Bogotá,Concurso de méritos abierto,No Definido,No Definido,Compartir la oportunidad con clientes aliados para que presenten oferta incluyendo nuestros suministros.,https://community.secop.gov.co/Public/Tendering/OpportunityDetail/Index?noticeUID=CO1.NTC.11030316,CONSULTORÍA INTEGRAL PARA LA ELABORACIÓN DE ESTUDIOS Y DISEÑOS TÉCNICOS REQUERIDOS PARA LA OBTENCIÓN DE LICENCIAS DE DEMOLICIÓN Y CONSTRUCCIÓN EN CUALQUIERA DE SUS MODALIDADES Y/O LICENCIA DE URBANISMO CON LOS PERMISOS Y APROBACIONES NECESARIOS PARA 
CO1.REQ.10583863,FP - 146 DE 2026,83,Licitación Abierta (En Ofertas),Oportunidad de Alianza / Cotización,"Energía Solar & Alumbrado Público, Tecnología & Equipos de Cómputo, Dotación, Uniformes & Mobiliario","equipos de cómputo, mobiliario, software, licencias de software","$885,299,985 COP",DAPRE,Distrito Capital de Bogotá,Bogotá,Contratación régimen especial,No Definido,No Definido,Compartir la oportunidad con clientes aliados para que presenten oferta incluyendo nuestros suministros.,https://community.secop.gov.co/Public/Tendering/OpportunityDetail/Index?noticeUID=CO1.NTC.10438892,"Adquisición de mobiliario ergonómico, papelería y elementos de oficina, equipos de cómputo y almacenamiento digital, equipos y accesorios para producción audiovisual, así como licencias de software, entre otros, destinados al fortalecimiento de las c"
CO1.REQ.11013154,4137.010.32.1.511-2026,83,Licitación Abierta (En Ofertas),Oportunidad de Alianza / Cotización,"Dotación, Uniformes & Mobiliario",dotación de calzado,"$884,399,148 COP",SANTIAGO DE CALI DISTRITO ESPECIAL -DEPARTAMENTO ADMINISTRATIVO DE DESARROLLO E INNOVACION INSTITUCIONAL,Valle del Cauca,Cali,Selección Abreviada de Menor Cuantía,No Definido,No Definido,Compartir la oportunidad con clientes aliados para que presenten oferta incluyendo nuestros suministros.,https://community.secop.gov.co/Public/Tendering/OpportunityDetail/Index?noticeUID=CO1.NTC.10964404,"Suministro de bonos para la dotación de calzado y vestuario a los trabajadores oficiales del Distrito Especial de Santiago de Cali, en cumplimiento de lo establecido en la normativa vigente y en la convención colectiva de trabajo suscrita con los sin"
CO1.REQ.11164206,163-SAMC-BASPC19-2026,83,Licitación Abierta (En Ofertas),Oportunidad de Alianza / Cotización,Construcción & Obra Civil General,infraestructura física,"$880,000,000 COP",BASPC Nº 19 *,Distrito Capital de Bogotá,No Definido,Selección Abreviada de Menor Cuantía,No Definido,No Definido,Compartir la oportunidad con clientes aliados para que presenten oferta incluyendo nuestros suministros.,https://community.secop.gov.co/Public/Tendering/OpportunityDetail/Index?noticeUID=CO1.NTC.11023225,MANTENIMIENTO DE LA INFRAESTRUCTURA FÍSICA DEL EDIFICIO CASINO OFICIALES OCCIDENTAL 3 NIVELES DE LA ESCUELA MILITAR DE CADETES  GENERAL JOSÉ MARÍA CÓRDOVA
CO1.REQ.10160771,2025-CAD0008,83,Licitación Abierta (En Ofertas),Oportunidad de Alianza / Cotización,"Construcción & Obra Civil General, Acero & Metalmecánica",estructura metalica,"$875,938,581 COP",CENTRAL DE ABASTOS DE BUCARAMANGA S.A.,Santander,Bucaramanga,Contratación régimen especial,No Definido,No Definido,Compartir la oportunidad con clientes aliados para que presenten oferta incluyendo nuestros suministros.,https://community.secop.gov.co/Public/Tendering/OpportunityDetail/Index?noticeUID=CO1.NTC.10486011,No definido
CO1.REQ.10954194,ALC-038-2026,83,Licitación Abierta (En Ofertas),Oportunidad de Alianza / Cotización,"Construcción & Obra Civil General, Agua Potable & Saneamiento, Interventoría & Consultoría","ptar, tratamiento de aguas, planta de tratamiento, aguas residuales, obras complementarias, interventoría integral","$874,078,920 COP",EMPRESA DE SERVICIOS PUBLICOS DE ALCANTARILLADO */,Cundinamarca,Ricaurte,Contratación régimen especial,No Definido,No Definido,Compartir la oportunidad con clientes aliados para que presenten oferta incluyendo nuestros suministros.,https://community.secop.gov.co/Public/Tendering/OpportunityDetail/Index?noticeUID=CO1.NTC.10808632,"CONTRATAR LA INTERVENTORÍA INTEGRAL TÉCNICA, ADMINISTRATIVA, FINANCIERA, JURÍDICA, CONTABLE Y AMBIENTAL PARA LA EJECUCIÓN DE LAS OBRAS COMPLEMENTARIAS DEL SEGUNDO TREN DE LA PLANTA DE TRATAMIENTO DE AGUAS RESIDUALES - PTAR RÍO BOGOTÁ, ASÍ COMO DEL CO"
CO1.REQ.11145535,SDM-CMA-87-2026 (Presentación de oferta),83,Licitación Abierta (En Ofertas),Oportunidad de Alianza / Cotización,Interventoría & Consultoría,interventoría técnica,"$873,245,679 COP",SECRETARÍA DISTRITAL DE MOVILIDAD,Distrito Capital de Bogotá,Bogotá,Concurso de méritos abierto,No Definido,No Definido,Compartir la oportunidad con clientes aliados para que presenten oferta incluyendo nuestros suministros.,https://community.secop.gov.co/Public/Tendering/OpportunityDetail/Index?noticeUID=CO1.NTC.11004283,"REALIZAR LA INTERVENTORÍA TÉCNICA, ADMINISTRATIVA, LEGAL Y FINANCIERA AL CONTRATO DE CONSULTORÍA QUE TIENE POR OBJETO CARACTERIZAR LA MOVILIDAD DE LOS HOGARES Y PERSONAS PARA BOGOTÁ Y LOS MUNICIPIOS PRIORIZADOS POR LA SECRETARÍA DISTRITAL DE MOVILIDA"
CO1.REQ.11170689,LP-FC-060-2026,83,Licitación Abierta (En Ofertas),Oportunidad de Alianza / Cotización,"Construcción & Obra Civil General, Agua Potable & Saneamiento","acueducto, alcantarillados, alcantarillado","$866,562,247 COP",EMPRESA INDUSTRIAL Y COMERCIAL DEL ESTATO FARO DEL CATATUMBO SAS,Norte de Santander,Cúcuta,Contratación régimen especial,EMPRESA INDUSTRIAL Y COMERCIAL DEL ESTADO DEL NIVEL DEPARTAMENTAL FARO DEL CATATUMBO S.A.S.,No Definido,Compartir la oportunidad con clientes aliados para que presenten oferta incluyendo nuestros suministros.,https://community.secop.gov.co/Public/Tendering/OpportunityDetail/Index?noticeUID=CO1.NTC.11029100,"OPTIMIZACIÓN DE REDES DE ACUEDUCTO DEL BARRIO SAN MIGUEL Y ALCANTARILLADOS DE LOS BARRIOS SAN MIGUEL, LA PAZ, Y CONSTRUCCIÓN DE LAS REDES DE ALCANTARILLADO EN EL BARRIO LAS DELICIAS PARTE ALTA Y PARTE BAJA, MUNICIPIO DE VILLA CARO, NORTE DE SANTANDER"
CO1.REQ.10990169,SS26-540,83,Licitación Abierta (En Ofertas),Oportunidad de Alianza / Cotización,Salud: Insumos & Equipos Médicos,osteosintesis,"$850,000,000 COP",E.S.E. HOSPITAL UNIVERSITARIO ERASMO MEOZ,Norte de Santander,Cúcuta,Contratación régimen especial,No Definido,No Definido,Compartir la oportunidad con clientes aliados para que presenten oferta incluyendo nuestros suministros.,https://community.secop.gov.co/Public/Tendering/OpportunityDetail/Index?noticeUID=CO1.NTC.10843800,"SUMINISTRO DE MATERIAL DE OSTEOSINTESIS: ORTOPEDIA GENERAL EN ACERO O TITANIO; REEMPLAZO DE CADERA Y REVISION; REEMPLAZO DE RODILLA, HOMBRO Y CUPULA RADIAL; REEMPLAZOS DE CADERA ESPECIALES; LINEA BLANDA; MATERIALES ESPECIALES EN TITANIO Ó ACERO; NEUR"
CO1.REQ.10843490,SS26-476,83,Licitación Abierta (En Ofertas),Oportunidad de Alianza / Cotización,Salud: Insumos & Equipos Médicos,osteosintesis,"$850,000,000 COP",E.S.E. HOSPITAL UNIVERSITARIO ERASMO MEOZ,Norte de Santander,Cúcuta,Contratación régimen especial,No Definido,No Definido,Compartir la oportunidad con clientes aliados para que presenten oferta incluyendo nuestros suministros.,https://community.secop.gov.co/Public/Tendering/OpportunityDetail/Index?noticeUID=CO1.NTC.10700868,"SUMINISTRO DE MATERIAL DE OSTEOSINTESIS: ORTOPEDIA GENERAL EN ACERO O TITANIO; REEMPLAZO DE CADERA Y REVISION; REEMPLAZO DE RODILLA, HOMBRO Y CUPULA RADIAL; REEMPLAZOS DE CADERA ESPECIALES; LINEA BLANDA; MATERIALES ESPECIALES EN TITANIO Ó ACERO; NEUR"
CO1.REQ.10664880,SS26-423,83,Licitación Abierta (En Ofertas),Oportunidad de Alianza / Cotización,Salud: Insumos & Equipos Médicos,osteosintesis,"$850,000,000 COP",E.S.E. HOSPITAL UNIVERSITARIO ERASMO MEOZ,Norte de Santander,Cúcuta,Contratación régimen especial,No Definido,No Definido,Compartir la oportunidad con clientes aliados para que presenten oferta incluyendo nuestros suministros.,https://community.secop.gov.co/Public/Tendering/OpportunityDetail/Index?noticeUID=CO1.NTC.10519116,"SUMINISTRO DE MATERIAL DE OSTEOSINTESIS: ORTOPEDIA GENERAL EN ACERO O TITANIO; REEMPLAZO DE CADERA Y REVISION; REEMPLAZO DE RODILLA, HOMBRO Y CUPULA RADIAL; REEMPLAZOS DE CADERA ESPECIALES; LINEA BLANDA; MATERIALES ESPECIALES EN TITANIO Ó ACERO; NEUR"
CO1.REQ.11117704,CMA-001-2026,83,Licitación Abierta (En Ofertas),Oportunidad de Alianza / Cotización,Interventoría & Consultoría,interventoria tecnica,"$844,741,540 COP",ASOCIACION DE CABILDOS INDIGENAS DELTOLIMA ACIT,Tolima,Coyaima,Concurso de méritos abierto,No Definido,No Definido,Compartir la oportunidad con clientes aliados para que presenten oferta incluyendo nuestros suministros.,https://community.secop.gov.co/Public/Tendering/OpportunityDetail/Index?noticeUID=CO1.NTC.10972388,"INTERVENTORIA TECNICA, ADMINISTRATIVA, FINANCIERA, CONTABLE Y JURIDICA AL CONTRATO CUYO OBJETO ES: CONTRATAR LA EJECUCIÓN INTEGRAL DEL PROYECTO FORTALECIMIENTO DE LA SOBERANÍA ALIMENTARIA Y MEJORA DE CALIDAD DE VIDA DE LOS PUEBLOS INDÍGENAS PIJAO DE "
CO1.REQ.11131058,CME-003-2026,83,Licitación Abierta (En Ofertas),Oportunidad de Alianza / Cotización,Interventoría & Consultoría,estudios y diseños,"$801,979,217 COP",MUNICIPIO DE DUITAMA,Boyacá,Duitama,Concurso de méritos abierto,No Definido,No Definido,Compartir la oportunidad con clientes aliados para que presenten oferta incluyendo nuestros suministros.,https://community.secop.gov.co/Public/Tendering/OpportunityDetail/Index?noticeUID=CO1.NTC.10987639,"ESTUDIOS Y DISEÑOS PARA LA INTERVENCIÓN DEL BIEN DE INTERÉS CULTURAL DE LOS ÁMBITOS NACIONAL, DEPARTAMENTAL Y MUNICIPAL MOLINO TUNDAMA, DEL MUNICIPIO DE DUITAMA-BOYACÁ"
CO1.REQ.11060296,MP-SIE-SSYC-CV-0066-2026 (Presentación de oferta),83,Adjudicado (Contratista Seleccionado),Lead B2B de Venta Directa,Vehículos & Maquinaria,"motocicletas, vehículos","$799,941,016 COP",ALCALDÍA MUNICIPIO DE PALMIRA,Valle del Cauca,Palmira,Selección abreviada subasta inversa,COMERCIALIZADORA ORIKUA SAS,900724561,Contactar al contratista ganador/consorcio para ofrecer suministro y cotización inmediata.,https://community.secop.gov.co/Public/Tendering/OpportunityDetail/Index?noticeUID=CO1.NTC.10918180,ADQUISICIÓN DE VEHÍCULOS MOTORIZADOS - (MOTOCICLETAS) PARA EL FORTALECIMIENTO DE LA CAPACIDAD OPERATIVA Y DE MOVILIDAD DE LA POLICÍA NACIONAL EN EL MUNICIPIO DE PALMIRA
CO1.REQ.11063135,SAMC - 017- 2026 (Manifestación de interés (Menor Cuantía)) (Presentación de oferta),83,Adjudicado (Contratista Seleccionado),Lead B2B de Venta Directa,Vehículos & Maquinaria,"camioneta, vehículos","$763,504,000 COP",MUNICIPIO DE SOACHA..,Cundinamarca,Soacha,Selección Abreviada de Menor Cuantía,EPIA SAS,830096621,Contactar al contratista ganador/consorcio para ofrecer suministro y cotización inmediata.,https://community.secop.gov.co/Public/Tendering/OpportunityDetail/Index?noticeUID=CO1.NTC.10918788,ADQUISICIÓN DE VEHÍCULOS TIPO CAMIONETA PARA LA REDUCCIÓN DE LOS TIEMPOS DE ATENCIÓN DE EMERGENCIAS DE BOMBEROS OFICIALES DE LA CIUDAD DE SOACHA
CO1.REQ.11145298,CM-AIM-CI-006-2026,83,Licitación Abierta (En Ofertas),Oportunidad de Alianza / Cotización,Interventoría & Consultoría,interventoría técnica,"$725,481,049 COP",AGENCIA PARA LA INFRAESTRUCTURA DEL META,Meta,Villavicencio,Concurso de méritos abierto,No Definido,No Definido,Compartir la oportunidad con clientes aliados para que presenten oferta incluyendo nuestros suministros.,https://community.secop.gov.co/Public/Tendering/OpportunityDetail/Index?noticeUID=CO1.NTC.11003781,"INTERVENTORÍA TÉCNICA, ADMINISTRATIVA, FINANCIERO, CONTABLE, Y JURÍDICA DE LA CONSTRUCCIÓN DEL CENTRO VIDA PARA LA ATENCIÓN INTEGRAL DEL ADULTO MAYOR EN EL MUNICIPIO DE RESTREPO, META"
CO1.REQ.11158831,CMA-DEO-SMFF-050-2026 (Presentación de oferta),83,Licitación Abierta (En Ofertas),Oportunidad de Alianza / Cotización,Interventoría & Consultoría,interventoría integral,"$720,877,000 COP",INVIAS,Distrito Capital de Bogotá,Bogotá,Concurso de méritos abierto,No Definido,No Definido,Compartir la oportunidad con clientes aliados para que presenten oferta incluyendo nuestros suministros.,https://community.secop.gov.co/Public/Tendering/OpportunityDetail/Index?noticeUID=CO1.NTC.11015040,"INTERVENTORÍA INTEGRAL PARA EL DRAGADO DE MANTENIMIENTO DE LAS BOCAS DEL RÍO ATRATO, BOCA COQUITO, BOCA EL ROTO Y BOCA MATUNTUGO, EN EL GOLFO DE URABÁ, DEPARTAMENTO DE ANTIOQUIA"
CO1.REQ.11099934,EPC-014-2026,83,Licitación Abierta (En Ofertas),Oportunidad de Alianza / Cotización,"Construcción & Obra Civil General, Agua Potable & Saneamiento","obras complementarias, alcantarillado","$703,445,960 COP",EMPRESAS PÚBLICAS DE CONCEPCIÓN S.A.S. E.S.P.,Antioquia,Concepción,Contratación régimen especial,No Definido,No Definido,Compartir la oportunidad con clientes aliados para que presenten oferta incluyendo nuestros suministros.,https://community.secop.gov.co/Public/Tendering/OpportunityDetail/Index?noticeUID=CO1.NTC.10955221,"OPTIMIZACIÓN DE ALCANTARILLADO Y OBRAS COMPLEMENTARIAS EN EL SECTOR DE LA CALLE ELOY ALFARO, DEL MUNICIPIO DE CONCEPCIÓN."
CO1.REQ.11007662,ESESUROCCIDENTE-1161-2026,83,Licitación Abierta (En Ofertas),Oportunidad de Alianza / Cotización,Tecnología & Equipos de Cómputo,"equipos de cómputo, infraestructura tecnológica","$699,958,500 COP",E.S.E. SUROCCIDENTE,Cauca,Patía,Contratación régimen especial,No Definido,No Definido,Compartir la oportunidad con clientes aliados para que presenten oferta incluyendo nuestros suministros.,https://community.secop.gov.co/Public/Tendering/OpportunityDetail/Index?noticeUID=CO1.NTC.10861580,"ADQUISICIÓN DE EQUIPOS DE CÓMPUTO, SERVIDORES Y UPS, DESTINADOS AL FORTALECIMIENTO DE LA INFRAESTRUCTURA TECNOLÓGICA PARA GARANTIZAR EL CORRECTO FUNCIONAMIENTO DE LA SEDE ADMINISTRATIVA DE LA EMPRESA SOCIAL DEL ESTADO SUROCCIDENTE E.S.E."
CO1.REQ.10356550,058-26,83,Licitación Abierta (En Ofertas),Oportunidad de Alianza / Cotización,"Construcción & Obra Civil General, Agua Potable & Saneamiento",acueducto,"$699,789,197 COP",SOCIEDAD DE ACUEDUCTOS Y ALCANTARILLADOS DEL VALLE DEL CAUCA S.A. - E.S.P.,Valle del Cauca,No Definido,Contratación régimen especial,FUNDACION SAAMBIENTAL,900502526,Compartir la oportunidad con clientes aliados para que presenten oferta incluyendo nuestros suministros.,https://community.secop.gov.co/Public/Tendering/OpportunityDetail/Index?noticeUID=CO1.NTC.10213402,"REPOSICIÓN REDES DE ACUEDUCTO EN EL MUNICIPIO DE CANDELARIA, VALLE DEL CAUCA"
CO1.REQ.11142258,LICITACION PÚBLICA 005-2026,83,Licitación Abierta (En Ofertas),Oportunidad de Alianza / Cotización,Construcción & Obra Civil General,infraestructura física,"$695,153,749 COP",INSTITUTO UNIVERSITARIO DE LA PAZ,No Definido,No Definido,Licitación pública Obra Publica,No Definido,No Definido,Compartir la oportunidad con clientes aliados para que presenten oferta incluyendo nuestros suministros.,https://community.secop.gov.co/Public/Tendering/OpportunityDetail/Index?noticeUID=CO1.NTC.10997722,OBRAS MENORES DE ADECUACIONES LOCATIVAS Y MANTENIMIENTO DE ACABADOS PARA EL MEJORAMIENTO Y FORTALECIMIENTO DE LA INFRAESTRUCTURA FÍSICA EDUCATIVA DEL CENTRO DE INVESTIGACIONES SANTA LUCÍA UNIPAZ
CO1.REQ.11094912,20005569,83,Licitación Abierta (En Ofertas),Oportunidad de Alianza / Cotización,Interventoría & Consultoría,interventoría técnica,"$688,020,256 COP",DISTRITO ESPECIAL DE CIENCIA TECNOLOGIA E INNOVACION DE MEDELLIN,Antioquia,Medellín,Concurso de méritos abierto,No Definido,No Definido,Compartir la oportunidad con clientes aliados para que presenten oferta incluyendo nuestros suministros.,https://community.secop.gov.co/Public/Tendering/OpportunityDetail/Index?noticeUID=CO1.NTC.10969499,"Interventoría técnica, administrativa, financiera, legal y ambiental para estudios, diseños, permisos, licencias y construcción de cubiertas en infraestructura educativa"
CO1.REQ.11169323,UPN-VAD-CP-016-2026,83,Licitación Abierta (En Ofertas),Oportunidad de Alianza / Cotización,Construcción & Obra Civil General,infraestructura física,"$683,902,007 COP",UNIVERSIDAD PEDAGÓGICA NACIONAL,Distrito Capital de Bogotá,No Definido,Contratación régimen especial (con ofertas),No Definido,No Definido,Compartir la oportunidad con clientes aliados para que presenten oferta incluyendo nuestros suministros.,https://community.secop.gov.co/Public/Tendering/OpportunityDetail/Index?noticeUID=CO1.NTC.11024268,Realizar las adecuaciones de infraestructura física de algunos salones de la facultad de ciencia y tecnología de la Universidad Pedagógica Nacional definidos en el marco de los proyectos desarrollados mediante el convenio Atenea-558-2025.
CO1.REQ.11168634,CP005-2026,83,Licitación Abierta (En Ofertas),Oportunidad de Alianza / Cotización,Construcción & Obra Civil General,infraestructura física,"$675,779,577 COP",HOSPITAL SAN VICENTE DE PAÚL,No Definido,No Definido,Contratación régimen especial (con ofertas),No Definido,No Definido,Compartir la oportunidad con clientes aliados para que presenten oferta incluyendo nuestros suministros.,https://community.secop.gov.co/Public/Tendering/OpportunityDetail/Index?noticeUID=CO1.NTC.11023462,"CONVOCATORIA PUBLICA que tiene como objeto ADECUACIONES MENORES DE LA INFRAESTRUCTURA FÍSICA DEL ÁREA DE URGENCIAS DEL HOSPITAL SAN VICENTE DE PAUL EN EL MUNICIPIO DE ALCALÁ, VALLE DEL CAUCA"
CO1.REQ.11173989,SA-2026-14 (Manifestación de interés (Menor Cuantía)),83,Licitación Abierta (En Ofertas),Oportunidad de Alianza / Cotización,Construcción & Obra Civil General,pavimento rígido,"$674,980,088 COP",ALCALDIA DE PASTO,Nariño,Pasto,Selección Abreviada de Menor Cuantía,No Definido,No Definido,Compartir la oportunidad con clientes aliados para que presenten oferta incluyendo nuestros suministros.,https://community.secop.gov.co/Public/Tendering/OpportunityDetail/Index?noticeUID=CO1.NTC.11028822,"EL CONTRATISTA SE COMPROMETE PARA CON EL MUNICIPIO DE PASTO - SECRETARÍA DE INFRAESTRUCTURA Y VALORIZACIÓN, A REALIZAR LA OBRA  MEJORAMIENTO CON PAVIMENTO RÍGIDO CALLE 21 C ENTRE CALLE 21B Y CARRERA 9E DIAGONAL BARRIO VILLAFLOR II MUNICIPIO DE PASTO,"
CO1.REQ.11122060,DC-SSC-CD-CO-029-2026,83,Adjudicado (Contratista Seleccionado),Lead B2B de Venta Directa,Salud: Insumos & Equipos Médicos,"equipos biomédicos, biomédicos","$655,748,853 COP",GOBERNACIÓN DEL CAUCA,Cauca,Popayán,Contratación Directa (con ofertas),EMPRESA SOCIAL DEL ESTADO CENTRO 2 E.S.E,No Definido,Contactar al contratista ganador/consorcio para ofrecer suministro y cotización inmediata.,https://community.secop.gov.co/Public/Tendering/OpportunityDetail/Index?noticeUID=CO1.NTC.10982358,"AUNAR ESFUERZOS TÉCNICOS, ADMINISTRATIVOS Y FINANCIEROS PARA EL FORTALECIMIENTO DE LA PRESTACIÓN DEL SERVICIO DE SALUD EN LAS UNIDADES DE ATENCIÓN EN SALUD ROSAS, LA SIERRA Y PAISPAMBA A TRAVÉS DE LA REPOSICIÓN Y ADQUISICIÓN DE EQUIPOS BIOMÉDICOS PAR"
CO1.REQ.11005194,20260107,83,Licitación Abierta (En Ofertas),Oportunidad de Alianza / Cotización,"Construcción & Obra Civil General, Agua Potable & Saneamiento","planta de tratamiento, aguas residuales, tratamiento de aguas, alcantarillado","$642,953,861 COP",AGUAS DE MANIZALES,Caldas,Manizales,Contratación régimen especial,No Definido,No Definido,Compartir la oportunidad con clientes aliados para que presenten oferta incluyendo nuestros suministros.,https://community.secop.gov.co/Public/Tendering/OpportunityDetail/Index?noticeUID=CO1.NTC.10859611,VARIACIÓN RED DE ALCANTARILLADO Y OPTIMIZACIÓN PLANTA DE TRATAMIENTO DE AGUAS RESIDUALES DE LA VEREDA LA PALMA SECTOR GETSEMANÍ EN EL MARCO DEL CONTRATO INTERADMINISTRATIVO NO. 2509241073 SUSCRITO ENTRE AGUAS DE MANIZALES S.A. E.S.P.- BIC Y EL MUNICI
CO1.REQ.11030572,SAMC_CABP_0024_CONSTRUCCION_PTAP_2026,83,Licitación Abierta (En Ofertas),Oportunidad de Alianza / Cotización,"Construcción & Obra Civil General, Agua Potable & Saneamiento","planta de tratamiento, agua potable, acueducto","$640,488,370 COP",SERVICIO NACIONAL DE APRENDIZAJE SENA REGIONAL CORDOBA,Córdoba,No Definido,Selección Abreviada de Menor Cuantía,No Definido,No Definido,Compartir la oportunidad con clientes aliados para que presenten oferta incluyendo nuestros suministros.,https://community.secop.gov.co/Public/Tendering/OpportunityDetail/Index?noticeUID=CO1.NTC.10884727,CONTRATAR LA CONSTRUCCIÓN FASE 1 DE LA PLANTA DE TRATAMIENTO DE AGUA POTABLE COMPACTA DEL SISTEMA DE ACUEDUCTO DEL CENTRO AGROPECUARIO Y DE BIOTECNOLOGÍA EL PORVENIR
CO1.REQ.11132745,CMA-DEO-SGI-053-2026,83,Licitación Abierta (En Ofertas),Oportunidad de Alianza / Cotización,Interventoría & Consultoría,interventoria integral,"$628,084,000 COP",INVIAS,Distrito Capital de Bogotá,Bogotá,Concurso de méritos abierto,No Definido,No Definido,Compartir la oportunidad con clientes aliados para que presenten oferta incluyendo nuestros suministros.,https://community.secop.gov.co/Public/Tendering/OpportunityDetail/Index?noticeUID=CO1.NTC.10988960,"INTERVENTORIA INTEGRAL PARA EL MANTENIMIENTO Y REHABILITACIÓN DEL CORREDOR CRUCE A PUERTO VIEJO Y PASO NACIONAL POR COVEÑAS (RUTA 9004) Y DEL CORREDOR COVEÑAS - SABANETA (RUTA 90SC02), EN LOS DEPARTAMENTOS DE SUCRE Y CÓRDOBA"
CO1.REQ.10527755,IPLC-02-2026,83,Licitación Abierta (En Ofertas),Oportunidad de Alianza / Cotización,"Construcción & Obra Civil General, Agua Potable & Saneamiento","planta de tratamiento, agua potable, obras complementarias, ptap","$626,780,000 COP","EMPRESA DE ACUEDUCTO, ALCANTARILLADO Y ASEO DE EL ROSAL S.A E.S.P",Cundinamarca,El Rosal,Contratación régimen especial,No Definido,No Definido,Compartir la oportunidad con clientes aliados para que presenten oferta incluyendo nuestros suministros.,https://community.secop.gov.co/Public/Tendering/OpportunityDetail/Index?noticeUID=CO1.NTC.10383927,"SUMINISTRO, INSTALACION Y OBRAS COMPLEMENTARIAS PARA EL MONTAJE Y PUESTA EN MARCHA DE TANQUES DE ALMACENAMIENTO DE AGUA POTABLE Y PLANTA DE TRATAMIENTO DE AGUA POTABLE - PTAP, PARA EL SECTOR CARTAGENA Y SECTOR LOS LAGOS DE EL MUNICIPIO DE EL ROSAL, C"
CO1.REQ.11172757,CD-DG-OS-0003-2026,83,Licitación Abierta (En Ofertas),Oportunidad de Alianza / Cotización,Tecnología & Equipos de Cómputo,"software, infraestructura tecnológica, licenciamiento","$617,060,478 COP",SENA DIRECCION GENERAL,Distrito Capital de Bogotá,Bogotá,Contratación Directa (con ofertas),No Definido,No Definido,Compartir la oportunidad con clientes aliados para que presenten oferta incluyendo nuestros suministros.,https://community.secop.gov.co/Public/Tendering/OpportunityDetail/Index?noticeUID=CO1.NTC.11027357,"Prestar los servicios especializados de soporte técnico, mantenimiento, actualización y gestión del licenciamiento del software KACTUS, garantizando su adecuada operación, continuidad y funcionamiento dentro de la infraestructura tecnológica de la En"
CO1.REQ.10706733,SME-OBR-04-26,83,Licitación Abierta (En Ofertas),Oportunidad de Alianza / Cotización,"Construcción & Obra Civil General, Energía Solar & Alumbrado Público",sistemas fotovoltaicos,"$590,783,561 COP",FONDO DE DESARROLLO COLOMBIANO1,Santander,Bucaramanga,Contratación régimen especial,No Definido,No Definido,Compartir la oportunidad con clientes aliados para que presenten oferta incluyendo nuestros suministros.,https://community.secop.gov.co/Public/Tendering/OpportunityDetail/Index?noticeUID=CO1.NTC.10598201,APOYO A LAS ACTIVIDADES DEL PLAN DE VIDA DE LA COMUNIDAD INDIGENA UWA MEDIANTE LA CONSTRUCCION E INSTALACIONES DE SISTEMAS SOLARES FOTOVOLTAICOS INDIVIDUALES Y AUTONOMOS EN VIVIENDAS TRADICIONALES Y ANCESTRALES UWA DEL MUNICIPIO DE CERRITO DEPARTAMEN
CO1.REQ.11177390,LEB-LP-003-2026,83,Licitación Abierta (En Ofertas),Oportunidad de Alianza / Cotización,Construcción & Obra Civil General,obras complementarias,"$588,276,542 COP",MUNICIPIO DE LEBRIJA,Santander,Lebríja,Licitación pública Obra Publica,No Definido,No Definido,Compartir la oportunidad con clientes aliados para que presenten oferta incluyendo nuestros suministros.,https://community.secop.gov.co/Public/Tendering/OpportunityDetail/Index?noticeUID=CO1.NTC.11032471,MANTENIMIENTO Y CONSTRUCCIÓN DE OBRAS COMPLEMENTARIAS DEL CENTRO DE ACOPIO DEL MUNICIPIO DE LEBRIJA
CO1.REQ.11175085,ESESUROCCIDENTE-1194-2026,83,Licitación Abierta (En Ofertas),Oportunidad de Alianza / Cotización,Salud: Insumos & Equipos Médicos,"medico quirurgico, medicamentos, material medico quirurgico","$572,977,140 COP",E.S.E. SUROCCIDENTE,Cauca,Patía,Contratación régimen especial,COMERCIALIZADORA SAMAI SAS,No Definido,Compartir la oportunidad con clientes aliados para que presenten oferta incluyendo nuestros suministros.,https://community.secop.gov.co/Public/Tendering/OpportunityDetail/Index?noticeUID=CO1.NTC.11029712,"CONTRATAR EL SUMINISTRO A MONTO AGOTABLE DE MEDICAMENTOS Y MATERIAL MEDICO QUIRURGICO QUE SEA REQUERIDO SEGÚN NECESIDADES DE LOS USUARIOS, PARA EL FORTALECIMIENTO DE LOS SERVICIOS DE SALUD DEL MUNICIPIO DE ARGELIA (CAUCA), A CARGO DE LA E.S.E SUROCCI"
CO1.REQ.10934766,CT352645018352,83,Licitación Abierta (En Ofertas),Oportunidad de Alianza / Cotización,Tecnología & Equipos de Cómputo,software,"$561,428,556 COP",BANCO DE LA REPUBLICA,Distrito Capital de Bogotá,Bogotá,Contratación régimen especial,No Definido,No Definido,Compartir la oportunidad con clientes aliados para que presenten oferta incluyendo nuestros suministros.,https://community.secop.gov.co/Public/Tendering/OpportunityDetail/Index?noticeUID=CO1.NTC.10788628,"Suministrarle una solución integral (hardware y software) de Long
Term Archiving de tecnología NAS (Network Attached Storage), incluyendo instalación,
configuración, implementación, migración y capacitación."
CO1.REQ.11162854,CM- MP-006-2026 (Presentación de oferta),83,Licitación Abierta (En Ofertas),Oportunidad de Alianza / Cotización,Interventoría & Consultoría,interventoria tecnica,"$560,072,996 COP",MUNICIPIO DE PLATO,Magdalena,Plato,Concurso de méritos abierto,No Definido,No Definido,Compartir la oportunidad con clientes aliados para que presenten oferta incluyendo nuestros suministros.,https://community.secop.gov.co/Public/Tendering/OpportunityDetail/Index?noticeUID=CO1.NTC.11018816,"INTERVENTORIA TECNICA, ADMINISTRATIVA, FINANCIERA Y AMBIENTAL, PARA EL PROYECTO: CONSTRUCCION DE ACUEDUCTOS COMUNITARIOS PARA LOS CORREGIMIENTOS DE BUENAVISTA Y SAN ANTONIO DEL RIO, DEL MUNICIPIO DE PLATO MAGDALENA"
CO1.REQ.10827769,SOLICITUD PRIVADA 056-2026,83,Licitación Abierta (En Ofertas),Oportunidad de Alianza / Cotización,Construcción & Obra Civil General,,"$552,290,697 COP",SIIESS,Nariño,Pasto,Contratación régimen especial,No Definido,No Definido,Compartir la oportunidad con clientes aliados para que presenten oferta incluyendo nuestros suministros.,https://community.secop.gov.co/Public/Tendering/OpportunityDetail/Index?noticeUID=CO1.NTC.10682156,CONSTRUCCION DE CUBIERTA METALICA PARA ESCENARIO DEPORTIVO EN LA VEREDA LA PLANADA MUNICIPIO DE LEIVA DEPARTAMENTO DE NARIÑO
CO1.REQ.11163837,SA-2026-13 (Manifestación de interés (Menor Cuantía)),83,Licitación Abierta (En Ofertas),Oportunidad de Alianza / Cotización,Construcción & Obra Civil General,malla vial,"$545,457,201 COP",ALCALDIA DE PASTO,Nariño,Pasto,Selección Abreviada de Menor Cuantía,No Definido,No Definido,Compartir la oportunidad con clientes aliados para que presenten oferta incluyendo nuestros suministros.,https://community.secop.gov.co/Public/Tendering/OpportunityDetail/Index?noticeUID=CO1.NTC.11018523,"EL CONTRATISTA SE COMPROMETE PARA CON EL MUNICIPIO DE PASTO - SECRETARÍA DE INFRAESTRUCTURA Y VALORIZACIÓN, A REALIZAR LA OBRA DE MANTENIMIENTO DE LA MALLA VIAL URBANA EN EL MUNICIPIO DE PASTO 2026 - COMUNAS 1 A 7, A PRECIOS UNITARIOS FIJOS"
CO1.REQ.10764681,INT-SMC-003-2025,83,Licitación Abierta (En Ofertas),Oportunidad de Alianza / Cotización,"Energía Solar & Alumbrado Público, Interventoría & Consultoría","fotovoltaica, energía solar, interventoria integral","$525,430,700 COP",EMPRESA NACIONAL ESTATAL DE DESARROLLO TERRITORIAL S.A.S.,Santander,Bucaramanga,Contratación régimen especial,No Definido,No Definido,Compartir la oportunidad con clientes aliados para que presenten oferta incluyendo nuestros suministros.,https://community.secop.gov.co/Public/Tendering/OpportunityDetail/Index?noticeUID=CO1.NTC.10619396,INTERVENTORIA INTEGRAL A CONSTRUCCIÓN DE SISTEMAS INDIVIDUALES DE ENERGÍA SOLAR FOTOVOLTAICA EN ZONA RURAL DISPERSA EN DIFERENTES MUNICIPIOS DEL DEPARTAMENTO DE LA GUAJIRA
CO1.REQ.11045008,SI-033-2026-HOMIL (Presentación de oferta),83,Adjudicado (Contratista Seleccionado),Lead B2B de Venta Directa,Salud: Insumos & Equipos Médicos,"laboratorio clínico, reactivos","$524,552,000 COP",HOSPITAL MILITAR CENTRAL,Distrito Capital de Bogotá,No Definido,Selección abreviada subasta inversa,BIOSCIENCES SAS,No Definido,Contactar al contratista ganador/consorcio para ofrecer suministro y cotización inmediata.,https://community.secop.gov.co/Public/Tendering/OpportunityDetail/Index?noticeUID=CO1.NTC.10902893,"Suministro de reactivos e insumos para el laboratorio clínico del Hospital Militar Central, lote biología molecular HLA"
CO1.REQ.10691182,INT-SMC-018-2026,83,Licitación Abierta (En Ofertas),Oportunidad de Alianza / Cotización,Interventoría & Consultoría,interventoria integral,"$514,187,199 COP",EMPRESA NACIONAL ESTATAL DE DESARROLLO TERRITORIAL S.A.S.,Santander,Bucaramanga,Contratación régimen especial,No Definido,No Definido,Compartir la oportunidad con clientes aliados para que presenten oferta incluyendo nuestros suministros.,https://community.secop.gov.co/Public/Tendering/OpportunityDetail/Index?noticeUID=CO1.NTC.10545895,INTERVENTORIA INTEGRAL AL PROYECTO DENOMINADO IMPLEMENTACIÓN DE SOLUCIONES FOTOVOLTAICAS INDIVIDUALES PARAUSUARIOS RURALES UBICADOS EN EL MUNICIPIO SAN CALIXTO EN EL DEPARTAMENTO DE NORTE DE SANTANDER
CO1.REQ.11168475,CM-SAPSB-03615-2026 (Presentación de oferta),83,Licitación Abierta (En Ofertas),Oportunidad de Alianza / Cotización,Interventoría & Consultoría,interventoria tecnica,"$511,038,330 COP",Gobernación Norte de Santander*,Norte de Santander,Cúcuta,Concurso de méritos abierto,No Definido,No Definido,Compartir la oportunidad con clientes aliados para que presenten oferta incluyendo nuestros suministros.,https://community.secop.gov.co/Public/Tendering/OpportunityDetail/Index?noticeUID=CO1.NTC.11022687,"INTERVENTORIA TECNICA, JURIDICA, FINANCIERA Y ADMINISTRATIVA A LA CONSTRUCCIÓN DE LA CONTINUACIÓN DEL COLECTOR DE ALCANTARILLADO SANITARIO ENTRE DESCARGA EXISTENTE EN LA PLAZA DE FERIAS Y SECTOR AGUAS ABAJO DEL RÍO TEJO, MUNICIPIO DE OCAÑA, NORTE DE "
CO1.REQ.11165702,LP-001-2026 (Fase de Selección (Presentación de ofertas)),83,Licitación Abierta (En Ofertas),Oportunidad de Alianza / Cotización,Construcción & Obra Civil General,placa huella,"$510,967,322 COP",MUNICIPIO DE TERUEL,Huila,Teruel,Licitación pública Obra Publica,No Definido,No Definido,Compartir la oportunidad con clientes aliados para que presenten oferta incluyendo nuestros suministros.,https://community.secop.gov.co/Public/Tendering/OpportunityDetail/Index?noticeUID=CO1.NTC.11020063,CONSTRUCCIÓN DE PLACA HUELLA EN LA ZONA RURAL DEL MUNICIPIO DE TERUEL DEPARTAMENTO DEL HUILA
CO1.REQ.11014762,INT-SMC-029- 2026.,83,Licitación Abierta (En Ofertas),Oportunidad de Alianza / Cotización,Energía Solar & Alumbrado Público,"fotovoltaica, energía solar","$510,892,582 COP",FONDESCOL,Santander,Floridablanca,Contratación régimen especial,No Definido,No Definido,Compartir la oportunidad con clientes aliados para que presenten oferta incluyendo nuestros suministros.,https://community.secop.gov.co/Public/Tendering/OpportunityDetail/Index?noticeUID=CO1.NTC.10868870,"INTERVENTORIA TÉCNICA, ADMINISTRATIVA Y FINANCIERA PARA EL PROYECTO DENOMINADO CONSTRUCCIÓN DE SISTEMAS DE ENERGÍA SOLAR FOTOVOLTAICA EN LA ZONA RURAL DE CIÉNAGA, MAGDALENA"
CO1.REQ.11139759,GOB-AMA-SAMC-0011-2026 (Manifestación de interés (Menor Cuantía)) (Presentación de oferta),83,Licitación Abierta (En Ofertas),Oportunidad de Alianza / Cotización,Construcción & Obra Civil General,infraestructura educativa,"$510,823,101 COP",GOBERNACION DEL AMAZONAS,Amazonas,Leticia,Selección Abreviada de Menor Cuantía,No Definido,No Definido,Compartir la oportunidad con clientes aliados para que presenten oferta incluyendo nuestros suministros.,https://community.secop.gov.co/Public/Tendering/OpportunityDetail/Index?noticeUID=CO1.NTC.10994264,"ADECUACIÓN DE LA INFRAESTRUCTURA EDUCATIVA EN LAS SEDES ROMUALDO DE PALMA, MARCELIANO EDUARDO CANYES, SANTACANA Y RAFAEL GARCÍA HERREROS DEL MUNICIPIO DE LETICIA, DEPARTAMENTO DE AMAZONAS"
CO1.REQ.11135499,SC-SG-LP-002 DE 2026 (Fase de Selección (Presentación de ofertas)),83,Licitación Abierta (En Ofertas),Oportunidad de Alianza / Cotización,Construcción & Obra Civil General,placa huella,"$510,147,555 COP",Alcaldía Municipal de Sabanalarga,Casanare,Sabanalarga,Licitación pública Obra Publica,No Definido,No Definido,Compartir la oportunidad con clientes aliados para que presenten oferta incluyendo nuestros suministros.,https://community.secop.gov.co/Public/Tendering/OpportunityDetail/Index?noticeUID=CO1.NTC.10990354,"CONSTRUCCIÓN DE PLACA HUELLA TIPO INVIAS, INCLUYENDO OBRAS DE CONTENCIÓN, DRENAJE Y ACTIVIDADES COMPLEMENTARIAS PARA MEJORAR EL CORREDOR VIAL RURAL EN LA VEREDA SAN ANTONIO, SECTOR CAÑO RICO, MUNICIPIO DE SABANALARGA DEPARTAMENTO DE CASANARE"
CO1.REQ.11091483,LP-SVCH-SPI-418-2026,83,Licitación Abierta (En Ofertas),Oportunidad de Alianza / Cotización,"Construcción & Obra Civil General, Agua Potable & Saneamiento","obras complementarias, alcantarillado","$509,729,225 COP",MUNICIPIO DE SAN VICENTE DE CHUCURI,Santander,San Vicente De Chucurí,Licitación pública Obra Publica,No Definido,No Definido,Compartir la oportunidad con clientes aliados para que presenten oferta incluyendo nuestros suministros.,https://community.secop.gov.co/Public/Tendering/OpportunityDetail/Index?noticeUID=CO1.NTC.10947819,"CONTRATO DE OBRA PUBLICA PARA LA OPTIMIZACION DEL SISTEMA DE ALCANTARILLADO Y OBRAS COMPLEMENTARIAS DE LA CARRERA 10 ENTRE CALLES 6 Y 7 DEL MUNICIPIO DE SAN VICENTE DE CHUCURI, SANTANDER"
CO1.REQ.11159117,MP-SI-CMA-001-2026,83,Licitación Abierta (En Ofertas),Oportunidad de Alianza / Cotización,Interventoría & Consultoría,interventoría técnica,"$509,711,273 COP",ALCALDÍA DE POPAYÁN,Cauca,Popayán,Concurso de méritos abierto,No Definido,No Definido,Compartir la oportunidad con clientes aliados para que presenten oferta incluyendo nuestros suministros.,https://community.secop.gov.co/Public/Tendering/OpportunityDetail/Index?noticeUID=CO1.NTC.11025404,"REALIZAR LA INTERVENTORÍA TÉCNICA, ADMINISTRATIVA, FINANCIERA, CONTABLE, AMBIENTAL Y JURÍDICA AL CONTRATO DE OBRA CUYO OBJETO ES  REALIZAR LAS OBRAS DE MEJORAMIENTO VIAL DE LA CALLE 1N ENTRE CARRERA 11 Y TRANSVERSAL 9 NORTE CARRERA 17  DEL BARRIO CAD"
CO1.REQ.11148275,SAMC-SOP-1500-1882-2026,83,Licitación Abierta (En Ofertas),Oportunidad de Alianza / Cotización,"Construcción & Obra Civil General, Tecnología & Equipos de Cómputo","infraestructura física, seguridad perimetral","$509,151,497 COP",ALCALDIA MUNICIPAL DE BUGA,Valle del Cauca,Guadalajara De Buga,Selección Abreviada de Menor Cuantía,No Definido,No Definido,Compartir la oportunidad con clientes aliados para que presenten oferta incluyendo nuestros suministros.,https://community.secop.gov.co/Public/Tendering/OpportunityDetail/Index?noticeUID=CO1.NTC.11003161,"REALIZAR OBRAS DE CONSTRUCCIÓN, ADECUACIÓN Y MEJORAMIENTO PARA FORTALECIMIENTO DE LA INFRAESTRUCTURA FÍSICA Y LA SEGURIDAD PERIMETRAL EN LA ESTACIÓN DE POLICÍA DEL MUNICIPIO DE GUADALAJARA DE BUGA"
CO1.REQ.11171640,SA-SV-03389-2026 (Manifestación de interés (Menor Cuantía)) (Presentación de oferta),83,Licitación Abierta (En Ofertas),Oportunidad de Alianza / Cotización,Construcción & Obra Civil General,"mejoramiento de la vía, vía terciaria","$505,711,147 COP",Gobernación Norte de Santander*,Norte de Santander,Cúcuta,Selección Abreviada de Menor Cuantía,No Definido,No Definido,Compartir la oportunidad con clientes aliados para que presenten oferta incluyendo nuestros suministros.,https://community.secop.gov.co/Public/Tendering/OpportunityDetail/Index?noticeUID=CO1.NTC.11026087,"MEJORAMIENTO DE LA VÍA TERCIARIA, MEDIANTE CONSTRUCCIÓN DE BATEAS EN LAS VEREDAS CUPERENA Y LA CACAHUALA MUNICIPIO DE SANTIAGO NORTE DE SANTANDER"
CO1.REQ.10592955,DPC-008-2026,83,Licitación Abierta (En Ofertas),Oportunidad de Alianza / Cotización,Tecnología & Equipos de Cómputo,"equipos de computo, software","$500,000,000 COP",SOCIEDAD DE ACUEDUCTOS Y ALCANTARILLADOS DEL VALLE DEL CAUCA S.A. - E.S.P.,Valle del Cauca,No Definido,Contratación régimen especial,No Definido,No Definido,Compartir la oportunidad con clientes aliados para que presenten oferta incluyendo nuestros suministros.,https://community.secop.gov.co/Public/Tendering/OpportunityDetail/Index?noticeUID=CO1.NTC.10447553,"ADQUISICION DE EQUIPOS DE COMPUTO (INCLUYE HARDWARE, SOFTWARE Y SERVICIOS TECNOLOGICOS"
CO1.REQ.11164586,2000.46.03.006-2026,83,Licitación Abierta (En Ofertas),Oportunidad de Alianza / Cotización,Interventoría & Consultoría,interventoría técnica,"$495,864,051 COP",VALLECAUCANA DE AGUAS S.A. E.S.P,Valle del Cauca,Cali,Concurso de méritos abierto,No Definido,No Definido,Compartir la oportunidad con clientes aliados para que presenten oferta incluyendo nuestros suministros.,https://community.secop.gov.co/Public/Tendering/OpportunityDetail/Index?noticeUID=CO1.NTC.11022680,"REALIZAR LA INTERVENTORÍA TÉCNICA, ADMINISTRATIVA, FINANCIERA Y AMBIENTALES SOBRE EL OBJETO DEL CONTRATO SUSCRITOS COMO RESULTADOS DE LA LICITACION PÚBLICA N°. LP- 2000.46.01.006-2026 CUYO OBJETO CONSISTEN EN: EJECUTAR EL PLAN DE OBRAS PÚBLICAS, BAJO"
CO1.REQ.11171350,SA-077-2026 (Manifestación de interés (Menor Cuantía)),83,Licitación Abierta (En Ofertas),Oportunidad de Alianza / Cotización,"Construcción & Obra Civil General, Agua Potable & Saneamiento","obras complementarias, alcantarillado","$490,253,062 COP",MUNICIPIO DE BUGALAGRANDE,Valle del Cauca,Bugalagrande,Selección Abreviada de Menor Cuantía,No Definido,No Definido,Compartir la oportunidad con clientes aliados para que presenten oferta incluyendo nuestros suministros.,https://community.secop.gov.co/Public/Tendering/OpportunityDetail/Index?noticeUID=CO1.NTC.11025681,"REPOSICION DE REDES DE ALCANTARILLADO SANITARIO Y OBRAS COMPLEMENTARIAS EN LOS CORREGIMIENTOS DE URIBE: SECTOR FRANJA DERECHA DE LA DOBLE CALZADA (CORREDOR VIAL BUGA - TULUÁ - LA PAILA - LA VICTORIA), SENTIDO NORTE - SUR (SENTENCIA T No. 487 DEL 30 D"
CO1.REQ.11160620,MM-SAMC-SINF-021-2026  (Manifestación de interés (Menor Cuantía)),83,Licitación Abierta (En Ofertas),Oportunidad de Alianza / Cotización,Construcción & Obra Civil General,vías terciarias,"$489,890,294 COP",MUNICIPIO DE MONTERREY,Casanare,Monterrey,Selección Abreviada de Menor Cuantía,No Definido,No Definido,Compartir la oportunidad con clientes aliados para que presenten oferta incluyendo nuestros suministros.,https://community.secop.gov.co/Public/Tendering/OpportunityDetail/Index?noticeUID=CO1.NTC.11015022,"REALIZAR EL MANTENIMIENTO Y MEJORAMIENTO DE LAS VÍAS TERCIARIAS  DEL MUNICIPIO DE MONTERREY, DEPARTAMENTO DE CASANARE."
CO1.REQ.11165986,003-S.A.M.C-2026 (Manifestación de interés (Menor Cuantía)),83,Licitación Abierta (En Ofertas),Oportunidad de Alianza / Cotización,"Construcción & Obra Civil General, Acero & Metalmecánica","infraestructura física, obras complementarias, estructuras metálicas","$489,829,980 COP",UAE SETP AVANTE PASTO,Nariño,Pasto,Selección Abreviada de Menor Cuantía,No Definido,No Definido,Compartir la oportunidad con clientes aliados para que presenten oferta incluyendo nuestros suministros.,https://community.secop.gov.co/Public/Tendering/OpportunityDetail/Index?noticeUID=CO1.NTC.11021027,"EJECUCIÓN DE LAS OBRAS COMPLEMENTARIAS DE MANTENIMIENTO EN LOS PATIOS DE MIJITAYO, BRICEÑO, TALLER ARANDA Y TALLER CHAPAL, CONSISTENTES EN LA ADECUACIÓN, REPARACIÓN, REPOSICIÓN Y MEJORAMIENTO DE ELEMENTOS DE INFRAESTRUCTURA FÍSICA, INCLUYENDO CUBIERT"
CO1.REQ.11124877,MSQ-SAMC-013-2026,83,Licitación Abierta (En Ofertas),Oportunidad de Alianza / Cotización,Construcción & Obra Civil General,"malla vial, mantenimiento de vias","$489,774,168 COP",ALCALDIA MUNICIPIO DE SANTANDER DE QUILICHAO,Cauca,Santander De Quilichao,Selección Abreviada de Menor Cuantía,No Definido,No Definido,Compartir la oportunidad con clientes aliados para que presenten oferta incluyendo nuestros suministros.,https://community.secop.gov.co/Public/Tendering/OpportunityDetail/Index?noticeUID=CO1.NTC.10981113,EL CONTRATISTA SE OBLIGA PARA CON EL MUNICIPIO DE SANTANDER DE QUILICHAO A REALIZAR EL MANTENIMIENTO DE VIAS DE LA MALLA VIAL URBANA DEL MUNICIPIO DE SANTANDER DE QUILICHAO
CO1.REQ.11166392,HA-SA-014-2026,83,Licitación Abierta (En Ofertas),Oportunidad de Alianza / Cotización,Construcción & Obra Civil General,escenarios deportivos,"$489,708,050 COP",MUNICIPIO DE HACARI,Norte de Santander,Hacarí,Selección Abreviada de Menor Cuantía,No Definido,No Definido,Compartir la oportunidad con clientes aliados para que presenten oferta incluyendo nuestros suministros.,https://community.secop.gov.co/Public/Tendering/OpportunityDetail/Index?noticeUID=CO1.NTC.11021216,"CONTRATO DE OBRA PARA EL MEJORAMIENTO Y ADECUACIÓN DE LOS ESCENARIOS DEPORTIVOS UBICADOS EN LAS VEREDAS ISLITAS, BERLIN Y EL LLANO DEL MUNICIPIO DE HACARÍ- NORTE DE SANTANDER"
CO1.REQ.11162778,SAMC-027-2026,83,Licitación Abierta (En Ofertas),Oportunidad de Alianza / Cotización,Construcción & Obra Civil General,mejoramiento de la vía,"$488,657,033 COP",MUNICIPIO DE GACHANCIPA,Cundinamarca,Gachancipá,Selección Abreviada de Menor Cuantía,No Definido,No Definido,Compartir la oportunidad con clientes aliados para que presenten oferta incluyendo nuestros suministros.,https://community.secop.gov.co/Public/Tendering/OpportunityDetail/Index?noticeUID=CO1.NTC.11018621,ADECUACIÓN Y MEJORAMIENTO DE LA VÍA DE INGRESO Y SALIDA HACIA LA AUTOPISTA NORTE EN EL SECTOR DE LA BOMBA PUMA DE LA VEREDA LA AURORA DEL MUNICIPIO DE GACHANCIPÁ
CO1.REQ.11113124,LEB-SAMC-008-2026,83,Licitación Abierta (En Ofertas),Oportunidad de Alianza / Cotización,Construcción & Obra Civil General,obras complementarias,"$488,237,236 COP",MUNICIPIO DE LEBRIJA,Santander,Lebríja,Selección Abreviada de Menor Cuantía,No Definido,No Definido,Compartir la oportunidad con clientes aliados para que presenten oferta incluyendo nuestros suministros.,https://community.secop.gov.co/Public/Tendering/OpportunityDetail/Index?noticeUID=CO1.NTC.10977243,"MEJORAMIENTO DE LA INFRAESTRUCTURA DEPORTIVA MEDIANTE LA CONSTRUCCION DE UNIDADES SANITARIAS Y OBRAS COMPLEMENTARIAS EN LA CANCHA MUNICIPAL EUSEBIO HERRERA MANTILLA DE LEBRIJA, SANTANDER"
CO1.REQ.10647708,CONTRATO DE OBRA No. EDURMB-C-003-COP,83,Licitación Abierta (En Ofertas),Oportunidad de Alianza / Cotización,Energía Solar & Alumbrado Público,"energía solar, paneles solares","$486,846,415 COP",EMPRESA DE DESARROLLO URBANO Y RURAL DEL MUNICIPIO DE BOJAYA,Chocó,Bojaya,Contratación régimen especial,No Definido,No Definido,Compartir la oportunidad con clientes aliados para que presenten oferta incluyendo nuestros suministros.,https://community.secop.gov.co/Public/Tendering/OpportunityDetail/Index?noticeUID=CO1.NTC.10503243,"SUMINISTRO, TRANSPORTE E INSTALACIÓN DE PANELES SOLARES, CON EL FIN DE GARANTIZAR EL ACCESO A ENERGÍA SOLAR LIMPIA Y SOSTENIBLE EN LA I.E. VIGÍA DEL FUERTE, SEDE LICEO VIGÍA DEL FUERTE; I.E.R.U. EMBERA ATRATO MEDIO, SEDE I.E.R. INDIGENISTA EMBERA ATR"
CO1.REQ.11160319,SAMC-011-2026 (Manifestación de interés (Menor Cuantía)) (Presentación de oferta),83,Licitación Abierta (En Ofertas),Oportunidad de Alianza / Cotización,"Construcción & Obra Civil General, Energía Solar & Alumbrado Público","alumbrado público, energía solar","$479,976,073 COP",MUNICIPIO DE MARIPI,Boyacá,Maripí,Selección Abreviada de Menor Cuantía,No Definido,No Definido,Compartir la oportunidad con clientes aliados para que presenten oferta incluyendo nuestros suministros.,https://community.secop.gov.co/Public/Tendering/OpportunityDetail/Index?noticeUID=CO1.NTC.11014540,"AMPLIACIÓN Y FORTALECIMIENTO DEL SISTEMA DE ALUMBRADO PÚBLICO DEL MUNICIPIO DE MARIPÍ - BOYACÁ, MEDIANTE LA IMPLEMENTACIÓN Y OPTIMIZACIÓN DE INFRAESTRUCTURA DE ILUMINACIÓN CON SISTEMAS DE ALIMENTACIÓN HÍBRIDA, INTEGRANDO ENERGÍA ELÉCTRICA DE RED Y EN"
CO1.REQ.11166891,CONTRATO 033-2026,83,Licitación Abierta (En Ofertas),Oportunidad de Alianza / Cotización,Salud: Insumos & Equipos Médicos,"medicamentos, insumos hospitalarios, médico quirúrgico, material médico quirúrgico","$454,769,888 COP",Empresa Social del Estado Hospital Ruben Cruz Vélez,Valle del Cauca,Tuluá,Contratación régimen especial,MEDSUPPLY COLOMBIA SAS,901860574,Compartir la oportunidad con clientes aliados para que presenten oferta incluyendo nuestros suministros.,https://community.secop.gov.co/Public/Tendering/OpportunityDetail/Index?noticeUID=CO1.NTC.11022159,"SUMINISTRO OPORTUNO DE LOS MEDICAMENTOS, INSUMOS HOSPITALARIOS Y MATERIAL MÉDICO QUIRÚRGICO REQUERIDOS DE LA E.S.E HOSPITAL RUBÉN CRUZ VÉLEZ DE CONFORMIDAD CON LA RESOLUCIÓN 1511 DE 2026."
CO1.REQ.11139238,SAMC-010-2026,83,Licitación Abierta (En Ofertas),Oportunidad de Alianza / Cotización,"Construcción & Obra Civil General, Agua Potable & Saneamiento","planta de tratamiento, agua potable, acueducto","$454,679,491 COP",ALCALDIA MUNICIPAL DE PAUNA,Boyacá,Pauna,Selección Abreviada de Menor Cuantía,No Definido,No Definido,Compartir la oportunidad con clientes aliados para que presenten oferta incluyendo nuestros suministros.,https://community.secop.gov.co/Public/Tendering/OpportunityDetail/Index?noticeUID=CO1.NTC.10993919,"OPTIMIZACION DE LOS COMPONENTES (CAPTACIÓN, CAJAS DE CONTROL DE CAUDAL, PLANTA DE TRATAMIENTO DE AGUA POTABLE Y TANQUES DE ALMACENAMIENTO) DEL ACUEDUCTO URBANO DEL MUNICIPIO DE PAUNA BOYACÁ"
CO1.REQ.11179976,IMDERA-CM-01 DE 2026 (Presentación de oferta),83,Licitación Abierta (En Ofertas),Oportunidad de Alianza / Cotización,Interventoría & Consultoría,estudios y diseños,"$452,606,000 COP",INSTITUTO MUNICIPAL DEL DEPORTE Y LA RECREACION DE ARMENIA - SITIO OFICIAL,Quindío,Armenia,Concurso de méritos abierto,No Definido,No Definido,Compartir la oportunidad con clientes aliados para que presenten oferta incluyendo nuestros suministros.,https://community.secop.gov.co/Public/Tendering/OpportunityDetail/Index?noticeUID=CO1.NTC.11034463,ESTUDIOS Y DISEÑOS TÉCNICOS DE DETALLE (FASE III) PARA EL MEJORAMIENTO Y ADECUACIÓN DEL ESTADIO CENTENARIO DEL MUNICIPIO DE ARMENIA
CO1.REQ.10423860,044 DE 2026,83,Licitación Abierta (En Ofertas),Oportunidad de Alianza / Cotización,Agua Potable & Saneamiento,"planta de tratamiento, agua potable","$450,000,000 COP",EMPRESA DE SERVICIOS PUBLICOS DOMICILIARIOS DE PITALITO EMPITALITO E.S.P,Huila,Pitalito,Contratación régimen especial,No Definido,No Definido,Compartir la oportunidad con clientes aliados para que presenten oferta incluyendo nuestros suministros.,https://community.secop.gov.co/Public/Tendering/OpportunityDetail/Index?noticeUID=CO1.NTC.10590866,"SUMINISTRO DE HIDROXICLORURO DE ALUMINIO, QUÍMICO REQUERIDO COMO COAGULANTE PARA EL PROCESO DE TRATAMIENTO DEL AGUA EN LA PLANTA DE TRATAMIENTO DE AGUA POTABLE GUATIPAN DEL MUNICIPIO DE PITALITO"
CO1.REQ.11135623,4162.010.32.1.1538-2026,83,Licitación Abierta (En Ofertas),Oportunidad de Alianza / Cotización,Interventoría & Consultoría,interventoría técnica,"$442,161,093 COP",SANTIAGO DE CALI DISTRITO ESPECIAL - SECRETARIA DEL DEPORTE Y LA RECREACIÓN,Valle del Cauca,Cali,Concurso de méritos abierto,No Definido,No Definido,Compartir la oportunidad con clientes aliados para que presenten oferta incluyendo nuestros suministros.,https://community.secop.gov.co/Public/Tendering/OpportunityDetail/Index?noticeUID=CO1.NTC.10990702,"Realizar la interventoría técnica, administrativa, jurídica, financiera, ambiental y contable a los contratos de obra que resulten adjudicados en el proceso de Licitación Pública No. 4162.010.32.1.1223-2026, cuyo objeto es:  Realizar la adecuación, m"
CO1.REQ.11138216,SDHT-CMA-002-2026,83,Licitación Abierta (En Ofertas),Oportunidad de Alianza / Cotización,Interventoría & Consultoría,"estudios y diseños, interventoría integral","$440,534,767 COP",SECRETARIA DISTRITAL DEL HABITAT-,Distrito Capital de Bogotá,No Definido,Concurso de méritos abierto,No Definido,No Definido,Compartir la oportunidad con clientes aliados para que presenten oferta incluyendo nuestros suministros.,https://community.secop.gov.co/Public/Tendering/OpportunityDetail/Index?noticeUID=CO1.NTC.10998381,"REALIZAR LA INTERVENTORÍA INTEGRAL, LA FACTIBILIDAD, LOS ESTUDIOS Y DISEÑOS DEFINITIVOS Y LA EJECUCIÓN DE LA OBRA DE ESPACIO PÚBLICO, EN EL MARCO DE LA ESTRATEGIA REVITALIZA TU BARRIO, EN EL POLÍGONO PRIORIZADO POR LA SECRETARÍA DISTRITAL DE HÁBITAT "
CO1.REQ.11171276,SAMV-SOP-021-2026 (Manifestación de interés (Menor Cuantía)),83,Licitación Abierta (En Ofertas),Oportunidad de Alianza / Cotización,Construcción & Obra Civil General,pavimento rígido,"$438,793,010 COP",MUNICIPIO DE AGUADAS,Caldas,No Definido,Selección Abreviada de Menor Cuantía,No Definido,No Definido,Compartir la oportunidad con clientes aliados para que presenten oferta incluyendo nuestros suministros.,https://community.secop.gov.co/Public/Tendering/OpportunityDetail/Index?noticeUID=CO1.NTC.11026249,"CONSTRUCCIÓN DE PAVIMENTO RÍGIDO EN LA CALLE 16 ENTRE CARRERAS 6 Y 8, SECTOR SAN DIEGO, DEL MUNICIPIO DE AGUADAS, CALDAS."
CO1.REQ.11089543,SA-14-2026 (Manifestación de interés (Menor Cuantía)) (Presentación de oferta),83,Adjudicado (Contratista Seleccionado),Lead B2B de Venta Directa,Vehículos & Maquinaria,"motocicletas, vehículos","$435,000,000 COP",MUNICIPIO DE CHOCONTÁ,Cundinamarca,Chocontá,Selección Abreviada de Menor Cuantía,SUMAQ MOTOR SAS,900200380,Contactar al contratista ganador/consorcio para ofrecer suministro y cotización inmediata.,https://community.secop.gov.co/Public/Tendering/OpportunityDetail/Index?noticeUID=CO1.NTC.10944944,"SUMINISTRO DE REPUESTOS Y LUBRICANTES INCLUYENDO MANO DE OBRA PARA EL MANTENIMIENTO PREVENTIVO Y CORRECTIVO DE LOS VEHÍCULOS, MOTOCICLETAS, MAQUINARIA A CARGO DE LA ALCALDÍA MUNICIPAL DE CHOCONTÁ"
CO1.REQ.11021008,057 DE 2026,83,Licitación Abierta (En Ofertas),Oportunidad de Alianza / Cotización,"Agua Potable & Saneamiento, Interventoría & Consultoría","acueducto, interventoría técnica, alcantarillado","$432,599,229 COP",EMPRESA DE SERVICIOS PUBLICOS DOMICILIARIOS DE PITALITO EMPITALITO E.S.P,Huila,Pitalito,Contratación régimen especial,No Definido,No Definido,Compartir la oportunidad con clientes aliados para que presenten oferta incluyendo nuestros suministros.,https://community.secop.gov.co/Public/Tendering/OpportunityDetail/Index?noticeUID=CO1.NTC.10875342,"INTERVENTORÍA TÉCNICA, ADMINISTRATIVA, FINANCIERA, CONTABLE, AMBIENTAL Y JURÍDICA DEL CONTRATO DE OBRA QUE TIENE POR OBJETO CONSTRUCCIÓN, OPTIMIZACIÓN Y REPOSICIÓN DE REDES DE ACUEDUCTO, ALCANTARILLADO Y OBRAS CONEXAS EN LA TRANSVERSAL 3RA SUR DEL MU"
CO1.REQ.11146200,SAMC-004-2026,83,Licitación Abierta (En Ofertas),Oportunidad de Alianza / Cotización,Construcción & Obra Civil General,obras civiles,"$430,000,000 COP",INFIBAGUE**,Tolima,Ibagué,Selección Abreviada de Menor Cuantía,No Definido,No Definido,Compartir la oportunidad con clientes aliados para que presenten oferta incluyendo nuestros suministros.,https://community.secop.gov.co/Public/Tendering/OpportunityDetail/Index?noticeUID=CO1.NTC.11002122,"EJECUTAR LAS OBRAS CIVILES PARA ADECUACION Y ACONDICIONAMIENTO DEL BIEN INMUEBLE COMPLEJO MUNICIPAL IPC UBICADO EN LA COMUNA 12 DEL MUNICIPIO DE IBAGUE, DEPARTAMENTO DEL TOLIMA"
CO1.REQ.10697601,REG 2026-037,83,Licitación Abierta (En Ofertas),Oportunidad de Alianza / Cotización,"Construcción & Obra Civil General, Agua Potable & Saneamiento","malla vial, pavimento rígido, alcantarillado","$420,753,169 COP",SERVICIOS INTEGRALES DEL ESTADO COLOMBIANO SIEC SAS SOCIEDAD DE ECONOMIA MIXTA1,Distrito Capital de Bogotá,Bogotá,Contratación régimen especial,No Definido,No Definido,Compartir la oportunidad con clientes aliados para que presenten oferta incluyendo nuestros suministros.,https://community.secop.gov.co/Public/Tendering/OpportunityDetail/Index?noticeUID=CO1.NTC.10551678,"INTERVENTORIA - MEJORAMIENTO EN PAVIMENTO RÍGIDO Y REPOSICIÓN DE REDES DE ALCANTARILLADO SANITARIO EN LA MALLA VIAL DEL MUNICIPIO DE CIÉNAGA, MAGDALENA"
CO1.REQ.11041974,099-26,83,Licitación Abierta (En Ofertas),Oportunidad de Alianza / Cotización,"Construcción & Obra Civil General, Agua Potable & Saneamiento",alcantarillado,"$407,373,674 COP",SOCIEDAD DE ACUEDUCTOS Y ALCANTARILLADOS DEL VALLE DEL CAUCA S.A. - E.S.P.,Valle del Cauca,No Definido,Contratación régimen especial,CONSORCIO ALCANTARILLADO JJ VALLE,902096815,Compartir la oportunidad con clientes aliados para que presenten oferta incluyendo nuestros suministros.,https://community.secop.gov.co/Public/Tendering/OpportunityDetail/Index?noticeUID=CO1.NTC.10896498,"REPOSICIÓN REDES DE ALCANTARILLADO EN LOS MUNICIPIOS DE LA VICTORIA Y ANDALUCIA, VALLE DEL CAUCA"
CO1.REQ.10630864,CD-O-005-2025,83,Licitación Abierta (En Ofertas),Oportunidad de Alianza / Cotización,"Construcción & Obra Civil General, Agua Potable & Saneamiento",alcantarillado,"$400,367,912 COP",EMPRESA DE DESARROLLO Y RENOVACIÓN URBANO SOSTENIBLE DE MALAMBO,Atlántico,Malambo,Contratación régimen especial,No Definido,No Definido,Compartir la oportunidad con clientes aliados para que presenten oferta incluyendo nuestros suministros.,https://community.secop.gov.co/Public/Tendering/OpportunityDetail/Index?noticeUID=CO1.NTC.10485846,"CONSTRUCCIÓN DEL SISTEMA DE ALCANTARILLADO EN TUBERÍA PVC, EN LOS BARRIOS VILLA CONCORD 2 Y SAN FERNANDO COMPRENDIDO EN LA CARRERA 13 ENTRE CALLES 26 Y 27 Y CALLE 27 ENTRE CARRERAS 13 Y 15 DEL MUNICIPIO DE MALAMBO ATLÁNTICO"
CO1.REQ.11166134,SAMC 009-2026 (Manifestación de interés (Menor Cuantía)),83,Licitación Abierta (En Ofertas),Oportunidad de Alianza / Cotización,Agua Potable & Saneamiento,"planta de tratamiento, aguas residuales, ptar, tratamiento de aguas","$399,999,263 COP",ALCALDIA MUNICIPAL DE GUASCA,Cundinamarca,Guasca,Selección Abreviada de Menor Cuantía,No Definido,No Definido,Compartir la oportunidad con clientes aliados para que presenten oferta incluyendo nuestros suministros.,https://community.secop.gov.co/Public/Tendering/OpportunityDetail/Index?noticeUID=CO1.NTC.11020817,"OPTIMIZACIÓN DE LA PLANTA DE TRATAMIENTO DE AGUAS RESIDUALES (PTAR) DEL CASCO URBANO DEL MUNICIPIO GUASCA, DEPARTAMENTO DE CUNDINAMARCA FASE I"
CO1.REQ.11160478,MOG-SA-14-2026  (Manifestación de interés (Menor Cuantía)) (Presentación de oferta),83,Licitación Abierta (En Ofertas),Oportunidad de Alianza / Cotización,Construcción & Obra Civil General,mejoramiento de la vía,"$399,923,756 COP",ALCALDIA MUNICIPAL DE MOGOTES,Santander,Mogotes,Selección Abreviada de Menor Cuantía,No Definido,No Definido,Compartir la oportunidad con clientes aliados para que presenten oferta incluyendo nuestros suministros.,https://community.secop.gov.co/Public/Tendering/OpportunityDetail/Index?noticeUID=CO1.NTC.11014999,"MEJORAMIENTO DE LA VÍA RURAL QUE COMUNICA EL CASCO URBANO CON LA VEREDA SANTA LUCIA DEL MUNICIPIO DE MOGOTES, SANTANDER."
CO1.REQ.11143970,ALSAMC-002-2026,83,Licitación Abierta (En Ofertas),Oportunidad de Alianza / Cotización,Construcción & Obra Civil General,infraestructura física,"$398,857,144 COP",INSTITUCION EDUCATIVA ALFONSO LOPEZ PUMAREJO,La Guajira,Uribia,Selección Abreviada de Menor Cuantía,No Definido,No Definido,Compartir la oportunidad con clientes aliados para que presenten oferta incluyendo nuestros suministros.,https://community.secop.gov.co/Public/Tendering/OpportunityDetail/Index?noticeUID=CO1.NTC.10999031,"AMPLIACIÓN DE LA INFRAESTRUCTURA FÍSICA DE LA INSTITUCIÓN EDUCATIVA ALFONSO LÓPEZ, DEL MUNICIPIO DE URIBIA, LA GUAJIRA"
CO1.REQ.10974307,FNTC-363-2026,83,Licitación Abierta (En Ofertas),Oportunidad de Alianza / Cotización,Tecnología & Equipos de Cómputo,licenciamiento,"$396,968,784 COP",PATRIMONIO AUTÓNOMO FONDO NACIONAL DEL TURISMO FONTUR,Distrito Capital de Bogotá,Bogotá,Contratación régimen especial,No Definido,No Definido,Compartir la oportunidad con clientes aliados para que presenten oferta incluyendo nuestros suministros.,https://community.secop.gov.co/Public/Tendering/OpportunityDetail/Index?noticeUID=CO1.NTC.10827801,"Prestar servicios para el licenciamiento, actualización y soporte de la plataforma JACTUR sobre JAC CLUSTER del P.A. FONTUR."
CO1.REQ.10635807,OC-067 2026,83,Licitación Abierta (En Ofertas),Oportunidad de Alianza / Cotización,Tecnología & Equipos de Cómputo,software,"$395,738,200 COP",UNIQUINDIO,Quindío,Armenia,Contratación régimen especial,No Definido,No Definido,Compartir la oportunidad con clientes aliados para que presenten oferta incluyendo nuestros suministros.,https://community.secop.gov.co/Public/Tendering/OpportunityDetail/Index?noticeUID=CO1.NTC.10490617,"CONTRATAR LA SUSCRIPCION DEL SERVICIO DE ALOJAMIENTO, OPERACION, SOPORTE Y EVOLUCION DE LA PLATAFORMA MOODLE BAJO LA MODALIDAD SOFTWARE COMO SERVICIO (SaaS), INCLUYENDO INFRAESTRUCTURA CLOUD, SOPORTE TECNICO ESPECIALIZADO, MANTENIMIENTO, SEGURIDAD, R"
CO1.REQ.11179089,INFI-SCM-002-2026,83,Licitación Abierta (En Ofertas),Oportunidad de Alianza / Cotización,Interventoría & Consultoría,interventoría técnica,"$393,049,860 COP",INSTITUTO DE FINANCIAMIENTO PROMOCIÓN Y DESARROLLO DE MANIZALES - INFI-MANIZALES,Caldas,Manizales,Concurso de méritos abierto,No Definido,No Definido,Compartir la oportunidad con clientes aliados para que presenten oferta incluyendo nuestros suministros.,https://community.secop.gov.co/Public/Tendering/OpportunityDetail/Index?noticeUID=CO1.NTC.11033690,"INTERVENTORÍA TÉCNICA, ADMINISTRATIVA, JURÍDICA, FINANCIERA, SOCIAL Y AMBIENTAL PARA LA REALIZACIÓN DE ADECUACIONES FÍSICAS DE LOS PABELLONES DE LA PLAZA DE MERCADO DE PROPIEDAD DE INFIMANIZALES"
CO1.REQ.11176401,SI-SI-CMA-010-2026,83,Licitación Abierta (En Ofertas),Oportunidad de Alianza / Cotización,Interventoría & Consultoría,interventoría integral,"$385,914,657 COP",MUNICIPIO DE BUCARAMANGA,Santander,Bucaramanga,Concurso de méritos abierto,No Definido,No Definido,Compartir la oportunidad con clientes aliados para que presenten oferta incluyendo nuestros suministros.,https://community.secop.gov.co/Public/Tendering/OpportunityDetail/Index?noticeUID=CO1.NTC.11032220,"INTERVENTORÍA INTEGRAL PARA LA IMPLEMENTACIÓN DE LA ESTRATEGIA DE REVERDECIMIENTO INTEGRAL, RECUPERACIÓN E INSTAURACIÓN DE COMPONENTES VERDES, MOBILIARIO E INFRAESTRUCTURA DE ESPACIO PÚBLICO, PARA MEJORAMIENTO DEL ENTORNO PÚBLICO Y LA SEGURIDAD EN SE"
CO1.REQ.11114417,CMA-001-2026 (Presentación de oferta),83,Licitación Abierta (En Ofertas),Oportunidad de Alianza / Cotización,Interventoría & Consultoría,interventoría integral,"$374,125,998 COP",Comunidad Indigena Tres Marias,Córdoba,Cereté,Concurso de méritos abierto,No Definido,No Definido,Compartir la oportunidad con clientes aliados para que presenten oferta incluyendo nuestros suministros.,https://community.secop.gov.co/Public/Tendering/OpportunityDetail/Index?noticeUID=CO1.NTC.10969360,"Realizar la interventoría integral técnica, administrativa, financiera, contable, jurídica, ambiental, social, predial, laboral y de seguimiento al Sistema General de Regalías sobre el contrato de implementación que resulte de la Licitación Pública N"
CO1.REQ.11035001,S016-2026,83,Licitación Abierta (En Ofertas),Oportunidad de Alianza / Cotización,"Agua Potable & Saneamiento, Energía Solar & Alumbrado Público","acueducto, fotovoltaico","$373,931,871 COP",ANTIOQUIA  EMPRESA DE SERVICIOS RETIRAR S.A E.S.P - EL RETIRO,No Definido,No Definido,Contratación régimen especial,No Definido,No Definido,Compartir la oportunidad con clientes aliados para que presenten oferta incluyendo nuestros suministros.,https://community.secop.gov.co/Public/Tendering/OpportunityDetail/Index?noticeUID=CO1.NTC.10889964,"PRESTACION DE SERVICIOS PARA EL DESARROLLO, SUMINISTRO, INSTALACIÓN, PUESTA EN FUNCIONAMIENTO Y LEGALIZACIÓN DE UN SISTEMA SOLAR FOTOVOLTAICO PARA EL FORTALECIMIENTO DE LA RESILIENCIA ENERGÉTICA Y LA SEGURIDAD HÍDRICA DEL ACUEDUCTO MULTIVEREDAL OPERA"
CO1.REQ.10842815,INT-SMC-020-2026,83,Licitación Abierta (En Ofertas),Oportunidad de Alianza / Cotización,"Agua Potable & Saneamiento, Interventoría & Consultoría","aguas residuales, tratamiento de aguas, interventoria integral","$373,226,156 COP",EMPRESA NACIONAL ESTATAL DE DESARROLLO TERRITORIAL S.A.S.,Santander,Bucaramanga,Contratación régimen especial,No Definido,No Definido,Compartir la oportunidad con clientes aliados para que presenten oferta incluyendo nuestros suministros.,https://community.secop.gov.co/Public/Tendering/OpportunityDetail/Index?noticeUID=CO1.NTC.10696778,"INTERVENTORIA INTEGRAL AL PROYECTO DENOMINADO CONSTRUCCIÓN DE UNIDADES SANITARIAS CON SISTEMA DE TRATAMIENTO DE AGUAS RESIDUALES EN EL SECTOR RURAL DEL MUNICIPIO DE MERCADERES, CAUCA"
CO1.REQ.11143523,CMA-002-2026,83,Licitación Abierta (En Ofertas),Oportunidad de Alianza / Cotización,Interventoría & Consultoría,estudios y diseños,"$367,943,884 COP",BOMBEROS DE BUCARAMANGA,Santander,Bucaramanga,Concurso de méritos abierto,No Definido,No Definido,Compartir la oportunidad con clientes aliados para que presenten oferta incluyendo nuestros suministros.,https://community.secop.gov.co/Public/Tendering/OpportunityDetail/Index?noticeUID=CO1.NTC.11004507,CONSULTORÍA PARA LA ELABORACIÓN DE LOS ESTUDIOS Y DISEÑOS PARA LA CONSTRUCCIÓN DE UNA NUEVA ESTACIÓN DEL CUERPO OFICIAL DE BOMBEROS EN EL MUNICIPIO DE BUCARAMANGA
CO1.REQ.10757495,SASI-CDB-CCIT-002-2026 (Presentación de oferta),83,Adjudicado (Contratista Seleccionado),Lead B2B de Venta Directa,"Dotación, Uniformes & Mobiliario, Eventos, Logística & Víveres","frutas, hortalizas","$365,690,000 COP",SERVICIO NACIONAL DE APRENDIZAJE SENA REGIONAL CORDOBA,Córdoba,No Definido,Selección abreviada subasta inversa,SERVICIOS Y SUMINISTROS MARY T SAS,900814166,Contactar al contratista ganador/consorcio para ofrecer suministro y cotización inmediata.,https://community.secop.gov.co/Public/Tendering/OpportunityDetail/Index?noticeUID=CO1.NTC.10624452,"SUMINISTRO DE MATERIALES DE FORMACION TECNICA E INSUMOS DESTINADOS A LOS PROGRAMAS DE FORMACION REGULAR (COCINA, PANADERIA Y PASTELERIA, MESA Y BAR INCLUYE LICORES Y FRUTAS), ESTRATEGIA CAMPESENA (PANADERIA, COCINA, PROCESAMIENTO DE FRUTAS Y HORTALIZ"
CO1.REQ.10756366,ID180-2026,83,Licitación Abierta (En Ofertas),Oportunidad de Alianza / Cotización,"Agua Potable & Saneamiento, Interventoría & Consultoría","estudios y diseños, acueducto","$358,748,425 COP",EMPRESA DE DESARROLLO TERRITORIAL DE DON MATIAS,Antioquia,Don Matías,Contratación régimen especial,No Definido,No Definido,Compartir la oportunidad con clientes aliados para que presenten oferta incluyendo nuestros suministros.,https://community.secop.gov.co/Public/Tendering/OpportunityDetail/Index?noticeUID=CO1.NTC.10610565,"ELABORACIÓN DE LOS ESTUDIOS Y DISEÑOS REQUERIDOS PARA LA FORMULACIÓN YESTRUCTURACIÓN DE PROYECTOS DE INVERSIÓN DEL MUNICIPIO DE CIUDAD BOLÍVAR, ANTIOQUIA, QUE COMPRENDEN: (I) LOS ESTUDIOS Y DISEÑOS PARA LA ESTABILIZACIÓN DE APROXIMADAMENTE ONCE (11) "
CO1.REQ.10967403,HUHMP-CTO-234-2026,83,Licitación Abierta (En Ofertas),Oportunidad de Alianza / Cotización,Tecnología & Equipos de Cómputo,licenciamiento,"$357,533,852 COP",E.S.E. HOSPITAL UNIVERSITARIO HERNANDO MONCALEANO PERDOMO DE NEIVA,Huila,Neiva,Contratación régimen especial,No Definido,No Definido,Compartir la oportunidad con clientes aliados para que presenten oferta incluyendo nuestros suministros.,https://community.secop.gov.co/Public/Tendering/OpportunityDetail/Index?noticeUID=CO1.NTC.10821358,ADQUISICIÓN DE ACCESS POINT Y ROUTER CON SU LICENCIAMIENTO PARA LA E.S.E. HOSPITAL UNIVERSITARIO HERNANDO MONCALEANO PERDOMO DE NEIVA
CO1.REQ.11120159,SDHT-CMA-001-2026 (Presentación de oferta),83,Licitación Abierta (En Ofertas),Oportunidad de Alianza / Cotización,Interventoría & Consultoría,"estudios y diseños, interventoría integral","$356,165,767 COP",SECRETARIA DISTRITAL DEL HABITAT-,Distrito Capital de Bogotá,No Definido,Concurso de méritos abierto,No Definido,No Definido,Compartir la oportunidad con clientes aliados para que presenten oferta incluyendo nuestros suministros.,https://community.secop.gov.co/Public/Tendering/OpportunityDetail/Index?noticeUID=CO1.NTC.10980917,"REALIZAR LA INTERVENTORÍA INTEGRAL A LA ACTUALIZACIÓN Y COMPLEMENTACIÓN DE LOS ESTUDIOS Y DISEÑOS Y EJECUTAR LAS OBRAS DE ESPACIO PÚBLICO PARA EL ENCUENTRO, EN EL MARCO DE LA ESTRATEGIA DE REVITALIZACIÓN, DEL POLÍGONO RURAL PRIORIZADO POR LA SECRETAR"
CO1.REQ.11129164,CO032-2026,83,Licitación Abierta (En Ofertas),Oportunidad de Alianza / Cotización,"Construcción & Obra Civil General, Agua Potable & Saneamiento","obras civiles, acueducto","$353,200,000 COP",AGUAS DE ARANZAZU S.A. E.S.P,Caldas,Aranzazu,Contratación régimen especial,No Definido,No Definido,Compartir la oportunidad con clientes aliados para que presenten oferta incluyendo nuestros suministros.,https://community.secop.gov.co/Public/Tendering/OpportunityDetail/Index?noticeUID=CO1.NTC.10983850,"OBRA PARA OPTIMIZAR EL ACUEDUCTO URBANO DEL MUNICIPIO DE ARANZAZU, CALDAS, MEDIANTE EL SUMINISTRO, INSTALACIÓN Y PUESTA EN MARCHA DE EQUIPOS DE MACROMEDICIÓN Y CONTROL DE PRESIÓN, INCLUIDAS LAS OBRAS CIVILES ASOCIADAS, EN EJECUCIÓN DEL CONVENIO INTER"
CO1.REQ.10566001,009157C-26,83,Licitación Abierta (En Ofertas),Oportunidad de Alianza / Cotización,Tecnología & Equipos de Cómputo,licenciamiento,"$352,064,832 COP",EMPRESA DE TRANSPORTE MASIVO DEL VALLE DE ABURRA LTDA,Antioquia,Bello,Contratación régimen especial,SUMMAN S.A.S.,No Definido,Compartir la oportunidad con clientes aliados para que presenten oferta incluyendo nuestros suministros.,https://community.secop.gov.co/Public/Tendering/OpportunityDetail/Index?noticeUID=CO1.NTC.10420759,"Renovación de la suscripción anual del licenciamiento Splunk Enterprise de 60 GB de indexación diaria para la plataforma de analítica de recaudo de Metro, con soporte Standard y bolsa de horas de servicios profesionales especializados."
CO1.REQ.10994705,CTO 039 2026,83,Licitación Abierta (En Ofertas),Oportunidad de Alianza / Cotización,Tecnología & Equipos de Cómputo,"software, licenciamiento","$351,842,292 COP",SERVICIO AEREO A TERRITORIOS NACIONALES S.A.,Distrito Capital de Bogotá,Bogotá,Contratación régimen especial,No Definido,No Definido,Compartir la oportunidad con clientes aliados para que presenten oferta incluyendo nuestros suministros.,https://community.secop.gov.co/Public/Tendering/OpportunityDetail/Index?noticeUID=CO1.NTC.10848705,"Contratar la adquisición de suscripciones al licenciamiento de software Microsoft, mediante la categoría Open Value - CSP, con el fin de garantizar la continuidad operativa de las herramientas tecnológicas que soportan los procesos misionales, admini"
CO1.REQ.10676788,REG 2026-039,83,Licitación Abierta (En Ofertas),Oportunidad de Alianza / Cotización,"Construcción & Obra Civil General, Energía Solar & Alumbrado Público","fotovoltaica, energía solar","$350,232,209 COP",SERVICIOS INTEGRALES DEL ESTADO COLOMBIANO SIEC SAS SOCIEDAD DE ECONOMIA MIXTA1,Distrito Capital de Bogotá,Bogotá,Contratación régimen especial,No Definido,No Definido,Compartir la oportunidad con clientes aliados para que presenten oferta incluyendo nuestros suministros.,https://community.secop.gov.co/Public/Tendering/OpportunityDetail/Index?noticeUID=CO1.NTC.10551130,INTERVENTORIA - CONSTRUCCIÓN DE SISTEMAS INDIVIDUALES DE ENERGÍA SOLAR FOTOVOLTAICA EN LA ZONA RURAL DEL MUNICIPIO DE SUCRE EN EL DEPARTAMENTO DE SUCRE
CO1.REQ.11166335,SA-MC-016-2026,83,Licitación Abierta (En Ofertas),Oportunidad de Alianza / Cotización,Construcción & Obra Civil General,mejoramiento de vias,"$350,000,000 COP",ALCALDIA MUNICIPAL DE SUESCA +,Cundinamarca,Suesca,Selección Abreviada de Menor Cuantía,No Definido,No Definido,Compartir la oportunidad con clientes aliados para que presenten oferta incluyendo nuestros suministros.,https://community.secop.gov.co/Public/Tendering/OpportunityDetail/Index?noticeUID=CO1.NTC.11022460,"MEJORAMIENTO DE VIAS URBANAS MEDIANTE LA CONSTRUCCION DE TRAMOS VIALES DEL MUNICIPIO DE SUESCA, CUNDINAMARCA"
CO1.REQ.10877156,OCO-260079,83,Licitación Abierta (En Ofertas),Oportunidad de Alianza / Cotización,Tecnología & Equipos de Cómputo,infraestructura tecnologica,"$343,297,716 COP",UNIVERSIDAD FRANCISCO DE PAULA SANTANDER,Norte de Santander,Cúcuta,Contratación régimen especial,No Definido,No Definido,Compartir la oportunidad con clientes aliados para que presenten oferta incluyendo nuestros suministros.,https://community.secop.gov.co/Public/Tendering/OpportunityDetail/Index?noticeUID=CO1.NTC.10732375,SUMINISTRO E INSTALACION DE EQUIPOS PARA LA ACTUALIZACION DE LA INFRAESTRUCTURA TECNOLOGICA ETAPA 2 DE LA UNIVERSIDAD FRANCISCO DE PAULA SANTANDER
CO1.REQ.11132415,GOB-AMA-SAMC-0013-2026,83,Licitación Abierta (En Ofertas),Oportunidad de Alianza / Cotización,Construcción & Obra Civil General,escenarios deportivos,"$341,150,902 COP",GOBERNACION DEL AMAZONAS,Amazonas,Leticia,Selección Abreviada de Menor Cuantía,No Definido,No Definido,Compartir la oportunidad con clientes aliados para que presenten oferta incluyendo nuestros suministros.,https://community.secop.gov.co/Public/Tendering/OpportunityDetail/Index?noticeUID=CO1.NTC.10988815,CONTRATO DE OBRA PARA LOS MEJORAMIENTOS DE ESCENARIOS DEPORTIVOS EN LA COMUNIDAD DE SAN RAFAEL AREA NO MUNICIPALIZADA DEL ENCANTO  DEPARTAMENTO DE AMAZONAS
CO1.REQ.11165701,SAMC-010-2026 (Manifestación de interés (Menor Cuantía)),83,Licitación Abierta (En Ofertas),Oportunidad de Alianza / Cotización,"Construcción & Obra Civil General, Agua Potable & Saneamiento","planta de tratamiento, aguas residuales, ptar, tratamiento de aguas","$340,381,885 COP",ALCALDIA MUNICIPAL DE ARATOCA,Santander,Aratoca,Selección Abreviada de Menor Cuantía,No Definido,No Definido,Compartir la oportunidad con clientes aliados para que presenten oferta incluyendo nuestros suministros.,https://community.secop.gov.co/Public/Tendering/OpportunityDetail/Index?noticeUID=CO1.NTC.11020137,"MEJORAMIENTO Y ADECUACIÓN DE LA PLANTA DE TRATAMIENTO DE AGUAS RESIDUALES  PTAR  DEL CASCO URBANO DEL MUNICIPIO DE ARATOCA, SANTANDER"
CO1.REQ.10896426,268 COGFM DIADF 2026,83,Licitación Abierta (En Ofertas),Oportunidad de Alianza / Cotización,Tecnología & Equipos de Cómputo,licenciamiento,"$340,000,000 COP",COMANDO GENERAL DE LAS FUERZAS MILITARES,Distrito Capital de Bogotá,Bogotá,Selección Abreviada de Menor Cuantía,No Definido,No Definido,Compartir la oportunidad con clientes aliados para que presenten oferta incluyendo nuestros suministros.,https://community.secop.gov.co/Public/Tendering/OpportunityDetail/Index?noticeUID=CO1.NTC.10766161,"CONTRATAR LA  ADQUISICIÓN DE SUSCRIPCIÓN DE LICENCIAMIENTO PARA EL FORTALECIMIENTO Y SOPORTE DE LA PLATAFORMA SIEM, DE ACUERDO CON LAS ESPECIFICACIONES TÉCNICAS RESERVADAS DEL ANEXO"
CO1.REQ.10901943,OC-INT-005-2026,83,Licitación Abierta (En Ofertas),Oportunidad de Alianza / Cotización,"Agua Potable & Saneamiento, Interventoría & Consultoría","interventoria tecnica, alcantarillado","$335,738,015 COP",VISIÓN VEGACHÍ NORDESTE S.A.S,Antioquia,Vegachí,Contratación régimen especial,No Definido,No Definido,Compartir la oportunidad con clientes aliados para que presenten oferta incluyendo nuestros suministros.,https://community.secop.gov.co/Public/Tendering/OpportunityDetail/Index?noticeUID=CO1.NTC.10756846,"INTERVENTORIA TECNICA, ADMINISTRATIVA, LEGAL Y FINANCIERA PARA LA CONSTRUCCIÓN DE REDES DE ALCANTARILLADO EN EL SECTOR VILLAS DEL CORAL, EN LA ZONA URBANA DEL MUNICIPIO DE PUERTO BERRÍO"
CO1.REQ.10519740,MP-DTOP-SASI-SM-005-2026 (Presentación de oferta),83,Adjudicado (Contratista Seleccionado),Lead B2B de Venta Directa,"Construcción & Obra Civil General, Vehículos & Maquinaria","maquinaria pesada, mantenimiento de vias, vehículos","$335,193,374 COP",MUNICIPIO DE PITALITO,Huila,Pitalito,Selección abreviada subasta inversa,IGM COLOMBIA SAS,901025736,Contactar al contratista ganador/consorcio para ofrecer suministro y cotización inmediata.,https://community.secop.gov.co/Public/Tendering/OpportunityDetail/Index?noticeUID=CO1.NTC.10375953,"SUMINISTRO DE REPUESTOS Y ACCESORIOS PARA EL MANTENIMIENTO PREVENTIVO, PREDICTIVO Y CORRECTIVO INCLUIDO MANO DE OBRA PARA LA MAQUINARIA PESADA Y VEHÍCULOS AL SERVICIO DE LA SECRETARÍA DE INFRAESTRUCTURA EN EL CUMPLIMIENTO DE LA META MANTENIMIENTO DE "
CO1.REQ.10356981,060-26,83,Licitación Abierta (En Ofertas),Oportunidad de Alianza / Cotización,"Construcción & Obra Civil General, Agua Potable & Saneamiento","acueducto, obras complementarias, alcantarillado","$334,945,074 COP",SOCIEDAD DE ACUEDUCTOS Y ALCANTARILLADOS DEL VALLE DEL CAUCA S.A. - E.S.P.,Valle del Cauca,No Definido,Contratación régimen especial,ALAMO CONSTRUCTORES SAS,No Definido,Compartir la oportunidad con clientes aliados para que presenten oferta incluyendo nuestros suministros.,https://community.secop.gov.co/Public/Tendering/OpportunityDetail/Index?noticeUID=CO1.NTC.10213661,"REPOSICIÓN REDES DE ACUEDUCTO, ALCANTARILLADO Y OBRAS COMPLEMENTARIAS EN EL MUNICIPIO DE GINEBRA, SEGÚN CONVENIO INTERADMINISTRATIVO 004-2025 CON EL MUNICIPIO DE GINEBRA, VALLE DEL CAUCA"
CO1.REQ.10603318,058-2026,83,Licitación Abierta (En Ofertas),Oportunidad de Alianza / Cotización,"Construcción & Obra Civil General, Agua Potable & Saneamiento",acueducto,"$332,492,130 COP",EMPRESAS PUBLICAS MUNICIPALES DE TIERRALTA E.S.P.,Córdoba,Tierralta,Contratación régimen especial,No Definido,No Definido,Compartir la oportunidad con clientes aliados para que presenten oferta incluyendo nuestros suministros.,https://community.secop.gov.co/Public/Tendering/OpportunityDetail/Index?noticeUID=CO1.NTC.10457914,"EXTENSIÓN DE REDES DE ACUEDUCTO EN LOS SECTORES PRIORIZADOS DEL MUNICIPIO DE TIERRALTA - CÓRDOBA CELEBRADO ENTRE LAS EMPRESAS PUBLICAS MUNICIPALES DE TIERRALTA E.S.P., Y SS CONSULTORÍAS Y EJECUTAR S.A.S."
CO1.REQ.10650260,009198C-26,83,Licitación Abierta (En Ofertas),Oportunidad de Alianza / Cotización,Tecnología & Equipos de Cómputo,software,"$322,724,750 COP",EMPRESA DE TRANSPORTE MASIVO DEL VALLE DE ABURRA LTDA,Antioquia,Bello,Contratación régimen especial,No Definido,No Definido,Compartir la oportunidad con clientes aliados para que presenten oferta incluyendo nuestros suministros.,https://community.secop.gov.co/Public/Tendering/OpportunityDetail/Index?noticeUID=CO1.NTC.10504494,Suscripción a software de gestión de identidades y accesos para Tecnologías Operativas.
CO1.REQ.11118710,CM 002-2026,83,Licitación Abierta (En Ofertas),Oportunidad de Alianza / Cotización,Interventoría & Consultoría,interventoría técnica,"$321,131,661 COP",MUNICIPIO DE EL ROSAL,Cundinamarca,El Rosal,Concurso de méritos abierto,No Definido,No Definido,Compartir la oportunidad con clientes aliados para que presenten oferta incluyendo nuestros suministros.,https://community.secop.gov.co/Public/Tendering/OpportunityDetail/Index?noticeUID=CO1.NTC.10973357,"INTERVENTORÍA TÉCNICA, ADMINISTRATIVA, FINANCIERA, CONTABLE, LEGAL, AMBIENTAL, SOCIAL Y DE SEGURIDAD Y SALUD EN EL TRABAJO AL CONTRATO DE OBRA PARA EL MEJORAMIENTO VIAL Y CONSTRUCCIÓN DE ESPACIO PÚBLICO DE LA CALLE 7 ENTRE LAS CARRERAS 12C Y 17 DEL M"
CO1.REQ.10357417,061-26,83,Licitación Abierta (En Ofertas),Oportunidad de Alianza / Cotización,"Agua Potable & Saneamiento, Interventoría & Consultoría","estudios y diseños, acueducto, alcantarillado","$319,771,739 COP",SOCIEDAD DE ACUEDUCTOS Y ALCANTARILLADOS DEL VALLE DEL CAUCA S.A. - E.S.P.,Valle del Cauca,No Definido,Contratación régimen especial,ALAMO CONSTRUCTORES SAS,No Definido,Compartir la oportunidad con clientes aliados para que presenten oferta incluyendo nuestros suministros.,https://community.secop.gov.co/Public/Tendering/OpportunityDetail/Index?noticeUID=CO1.NTC.10214218,"ESTUDIOS Y DISEÑOS DE ACUEDUCTO Y ALCANTARILLADO EN EL MUNICIPIO DE GINEBRA, VALLE DEL CAUCA, SEGÚN CONVENIO INTERADMINISTRATIVO 003-2025 MUNICIPIO DE GINEBRA"
CO1.REQ.11061828,No.IN-031-2026,83,Licitación Abierta (En Ofertas),Oportunidad de Alianza / Cotización,"Energía Solar & Alumbrado Público, Interventoría & Consultoría","fotovoltaica, energía solar, interventoría técnica","$314,877,620 COP",FONER,Valle del Cauca,Cali,Contratación régimen especial,ASOCIACION GREMIAL ODS POR COLOMBIA,901901061,Compartir la oportunidad con clientes aliados para que presenten oferta incluyendo nuestros suministros.,https://community.secop.gov.co/Public/Tendering/OpportunityDetail/Index?noticeUID=CO1.NTC.10918117,"INTERVENTORÍA TÉCNICA, FINANCIERA, JURÍDICA, ADMINISTRATIVA Y SOCIAL DEL CONTRATO DE OBRA CONSTRUCCIÓN DE SISTEMAS AUTÓNOMOS DE GENERACIÓN DE ENERGÍA SOLAR FOTOVOLTAICA PARA LA ENERGIZACIÓN DE VIVIENDAS EN LAS ZONAS RURALES NO INTERCONECTADAS DEL MUN"
CO1.REQ.10544714,4100000839,83,Licitación Abierta (En Ofertas),Oportunidad de Alianza / Cotización,Acero & Metalmecánica,"acero estructural, varilla, varilla de acero","$313,886,112 COP",EMPRESAS PUBLICAS DE MEDELLIN E.S.P.,Antioquia,Medellín,Contratación régimen especial,Ferreteria Los Fierros,No Definido,Compartir la oportunidad con clientes aliados para que presenten oferta incluyendo nuestros suministros.,https://community.secop.gov.co/Public/Tendering/OpportunityDetail/Index?noticeUID=CO1.NTC.10400921,"Perfil cuadrado en acero uso metalmecanico 6m 1 1/2' x 1 1/2' x 3mm, varilla de acero lisa n°4 diametro 1/2' longitud 6m, varilla de acero lisa diametro 3/16' longitud 6m, varilla de acero carbon lisa 1/4' 6m uso metalmecanico, perfil cuadrado en ace"
CO1.REQ.10804963,OBRA-001,83,Licitación Abierta (En Ofertas),Oportunidad de Alianza / Cotización,"Construcción & Obra Civil General, Agua Potable & Saneamiento",alcantarillado,"$310,000,000 COP",EMPRESAS PÚBLICAS DE RIVERA S.A. E.S.P.//,Huila,Rivera,Contratación régimen especial,No Definido,No Definido,Compartir la oportunidad con clientes aliados para que presenten oferta incluyendo nuestros suministros.,https://community.secop.gov.co/Public/Tendering/OpportunityDetail/Index?noticeUID=CO1.NTC.10658413,REALIZAR LAS ACTIVIDADES DE MANTENIMIENTO DE LAS REDES DE ALCANTARILLADO DEL MUNICIPIO DE RIVERA - HUILA
CO1.REQ.11034398,012-2026,83,Licitación Abierta (En Ofertas),Oportunidad de Alianza / Cotización,"Construcción & Obra Civil General, Agua Potable & Saneamiento",planta de tratamiento,"$308,440,526 COP",EMPRESA DE SERVICIOS PUBLICOS DE GALAN,Santander,Galán,Contratación régimen especial,No Definido,No Definido,Compartir la oportunidad con clientes aliados para que presenten oferta incluyendo nuestros suministros.,https://community.secop.gov.co/Public/Tendering/OpportunityDetail/Index?noticeUID=CO1.NTC.10888812,"OPTIMIZACIÓN DE LA PLANTA DE TRATAMIENTO DE AGUA RESIDUAL DEL MUNICIPIO DE GALÁN, DEPARTAMENTO DE SANTANDER EN VIRTUD DEL CONVENIO INTERADMINISTRATIVO No. CIOO2-2026 ENTRE EL MUNICIPIO DE GALAN - SANTANDER Y LA EMPRESA DE SERVICIOS PUBLICOS DE GALAN "
CO1.REQ.11125703,AMA-CMA-002-2026,83,Licitación Abierta (En Ofertas),Oportunidad de Alianza / Cotización,Interventoría & Consultoría,interventoria tecnica,"$306,909,209 COP",ASOCIACION DE MUNICIPIOS DEL ARIARI,Meta,Villavicencio,Concurso de méritos abierto,No Definido,No Definido,Compartir la oportunidad con clientes aliados para que presenten oferta incluyendo nuestros suministros.,https://community.secop.gov.co/Public/Tendering/OpportunityDetail/Index?noticeUID=CO1.NTC.10984128,"INTERVENTORIA TECNICA, ADMINISTRATIVA, FINANCIERA DEL MEJORAMIENTO DE LAS CONDICIONES DE HABITABILIDAD PARA LOS RESGUARDOS INDÍGENAS DEL MUNICIPIO DE PUERTO GAITÁN, META"
CO1.REQ.11116680,Contrato 031-2026,83,Licitación Abierta (En Ofertas),Oportunidad de Alianza / Cotización,Salud: Insumos & Equipos Médicos,"reactivos, laboratorio clinico, insumos medicos","$304,000,000 COP",Empresa Social del Estado Hospital Ruben Cruz Vélez,Valle del Cauca,Tuluá,Contratación régimen especial,REACTIVOS DEL VALLE SAS,No Definido,Compartir la oportunidad con clientes aliados para que presenten oferta incluyendo nuestros suministros.,https://community.secop.gov.co/Public/Tendering/OpportunityDetail/Index?noticeUID=CO1.NTC.10971622,SUMINISTRO DE REACTIVOS E INSUMOS MEDICOS PARA EL FUNCIONAMIENTO DEL LABORATORIO CLINICO DE LA E.S.E HOSPITAL RUBEN CRUZ VELEZ
CO1.REQ.11155370,FDLCB-CMA-004-2026 (Presentación de oferta),83,Licitación Abierta (En Ofertas),Oportunidad de Alianza / Cotización,Interventoría & Consultoría,"estudios y diseños, interventoría técnica","$303,280,963 COP",ALCALDIA LOCAL DE CIUDAD BOLIVAR //,Distrito Capital de Bogotá,Bogotá,Concurso de méritos abierto,No Definido,No Definido,Compartir la oportunidad con clientes aliados para que presenten oferta incluyendo nuestros suministros.,https://community.secop.gov.co/Public/Tendering/OpportunityDetail/Index?noticeUID=CO1.NTC.11009976,"REALIZAR LA INTERVENTORÍA TÉCNICA, ADMINISTRATIVA, FINANCIERA (CONTABLE), JURÍDICA (LEGAL), AMBIENTAL, ECONÓMICA, SOCIAL, PMT Y SST (SISO) AL CONTRATO DE OBRA PUBLICA CUYO OBJETO ES: EJECUTAR A PRECIOS UNITARIOS Y A MONTO AGOTABLE LA ACTUALIZACIÓN Y/"
CO1.REQ.10639851,CO-006-2026,83,Licitación Abierta (En Ofertas),Oportunidad de Alianza / Cotización,"Agua Potable & Saneamiento, Interventoría & Consultoría","consultoría especializada, agua potable, acueducto, alcantarillado","$301,644,000 COP",EMPRESAS PUBLICAS DE ARMENIA ESP,Quindío,Armenia,Contratación régimen especial,No Definido,No Definido,Compartir la oportunidad con clientes aliados para que presenten oferta incluyendo nuestros suministros.,https://community.secop.gov.co/Public/Tendering/OpportunityDetail/Index?noticeUID=CO1.NTC.10494684,"CONSULTORÍA ESPECIALIZADA PARA FORMULAR, ESTRUCTURAR Y ADOPTAR EL NUEVO MARCO TARIFARIO DE ACUEDUCTO Y ALCANTARILLADO EXPEDIDO POR LA COMISIÓN DE REGULACIÓN DE AGUA POTABLE Y SANEAMIENTO BÁSICO POR MEDIO DE LA RESOLUCIÓN CRA 1032 DEL 24 DE MARZO DE 2"
CO1.REQ.11160152,SAMC-BLV-CCS-001-2026 (Manifestación de interés (Menor Cuantía)) (Presentación de oferta),83,Licitación Abierta (En Ofertas),Oportunidad de Alianza / Cotización,Construcción & Obra Civil General,infraestructura física,"$300,000,000 COP",SENA REGIONAL BOLIVAR Grupo de Apoyo Administrativo Mixto,Bolívar,Cartagena,Selección Abreviada de Menor Cuantía,No Definido,No Definido,Compartir la oportunidad con clientes aliados para que presenten oferta incluyendo nuestros suministros.,https://community.secop.gov.co/Public/Tendering/OpportunityDetail/Index?noticeUID=CO1.NTC.11014093,"Contratar las actividades de mantenimiento preventivo y correctivo de infraestructura física en la sede Ternera del Centro de Comercio y Servicios del SENA Regional Bolívar, incluyendo actividades de resane, pintura, reparación y reemplazo de cielo r"
CO1.REQ.11105823,CD-MC-OP-008-2026,81,Licitación Abierta (En Ofertas),Oportunidad de Alianza / Cotización,Agua Potable & Saneamiento,"acueducto, alcantarillado","$867,389,520 COP",Empresa de Desarrollo Urbano y Rural de Segovia,Antioquia,Segovia,Contratación régimen especial,No Definido,No Definido,Compartir la oportunidad con clientes aliados para que presenten oferta incluyendo nuestros suministros.,https://community.secop.gov.co/Public/Tendering/OpportunityDetail/Index?noticeUID=CO1.NTC.10961288,"REPOSICIÓN DE REDES DE ACUEDUCTO Y ALCANTARILLADO EN EL SECTOR DE LA RASQUIÑA EN EL MARCO DEL CONTRATO INTERADMINISTRATIVO NRO. SISP-CAD-006-2026 SUSCRITO ENTRE EL MUNICIPIO DE SEGOVIA, ANTIOQUIA, Y LA EMPRESA DE DESARROLLO URBANO Y RURAL DE SEGOVIA "
CO1.REQ.11123053,SGA-SASI-15-2026,81,Licitación Abierta (En Ofertas),Oportunidad de Alianza / Cotización,Tecnología & Equipos de Cómputo,"infraestructura tecnológica, software","$781,401,443 COP",SECRETARÍA GENERAL DE LA ALCALDÍA MAYOR DE BOGOTÁ,Distrito Capital de Bogotá,Bogotá,Selección abreviada subasta inversa,No Definido,No Definido,Compartir la oportunidad con clientes aliados para que presenten oferta incluyendo nuestros suministros.,https://community.secop.gov.co/Public/Tendering/OpportunityDetail/Index?noticeUID=CO1.NTC.11023069,"Contratar soporte, mantenimiento y garantía para los elementos hardware y software que conforman la infraestructura tecnológica de Datacenter de la Secretaría General."
CO1.REQ.10677337,CO-021-2026,81,Licitación Abierta (En Ofertas),Oportunidad de Alianza / Cotización,"Construcción & Obra Civil General, Agua Potable & Saneamiento","acueducto, alcantarillado","$774,883,314 COP",EMPRESA DE DESARROLLO URBANO DE ANDES - EDUAN,Antioquia,Andes,Contratación régimen especial,No Definido,No Definido,Compartir la oportunidad con clientes aliados para que presenten oferta incluyendo nuestros suministros.,https://community.secop.gov.co/Public/Tendering/OpportunityDetail/Index?noticeUID=CO1.NTC.10554840,"RENOVACION DE REDES DE ACUEDUCTO Y ALCANTARILLADO EN EL
BARRIO SAN PEDRO, ZONA URBANA DEL MUNICIPIO DE ANDES
(ANTIOQUIA)."
CO1.REQ.10838651,CO-002-2026,81,Licitación Abierta (En Ofertas),Oportunidad de Alianza / Cotización,"Construcción & Obra Civil General, Agua Potable & Saneamiento","planta de tratamiento, alcantarillado","$756,456,030 COP",EMPSA ESP,Nariño,Túquerres,Contratación régimen especial,No Definido,No Definido,Compartir la oportunidad con clientes aliados para que presenten oferta incluyendo nuestros suministros.,https://community.secop.gov.co/Public/Tendering/OpportunityDetail/Index?noticeUID=CO1.NTC.10693409,CONTRATO DE OBRA PARA LA CONSTRUCCIÓN DEL ALCANTARILLADO COMBINADO EN EL CORREGIMIENTO DE LA COFRADIA Y  LA CONSTRUCCION DE LA PLANTA DE TRATAMIENTO DE AGUA RESIDUALES DOMESTICAS SECTOR LA COFRADÍA Y  LA REPOSICION DEL SISTEMA DE ALCANTARILLADO COMBI
CO1.REQ.10700045,MD-SGR-CDO-035-2026,81,Licitación Abierta (En Ofertas),Oportunidad de Alianza / Cotización,"Construcción & Obra Civil General, Agua Potable & Saneamiento","planta de tratamiento, agua potable","$690,120,660 COP",EMPRESA DE DESARROLLO TERRITORIAL MASDESARROLLO,Chocó,Lloró,Contratación régimen especial,No Definido,No Definido,Compartir la oportunidad con clientes aliados para que presenten oferta incluyendo nuestros suministros.,https://community.secop.gov.co/Public/Tendering/OpportunityDetail/Index?noticeUID=CO1.NTC.10554428,OPTIMIZACION DE LA PLANTA DE TRATAMIENTO DE AGUA POTABLE DEL MUNICIPIO DE MONGUÍ
CO1.REQ.10863689,CD-068-2026,81,Licitación Abierta (En Ofertas),Oportunidad de Alianza / Cotización,Agua Potable & Saneamiento,"planta de tratamiento, acueducto","$679,999,855 COP",EMPRESA DE OBRAS SANITARIAS DE LA PROVINCIA DE OBANDO EMPOOBANDO E.S.P.,Nariño,Ipiales,Contratación régimen especial,No Definido,No Definido,Compartir la oportunidad con clientes aliados para que presenten oferta incluyendo nuestros suministros.,https://community.secop.gov.co/Public/Tendering/OpportunityDetail/Index?noticeUID=CO1.NTC.10719247,"Suministro de Hidroxicloruro de Aluminio (ACH) al 19%, destinado a los procesos de potabilización del agua en la Planta de Tratamiento de Ipiales y en la Planta del sector Las Lajas, con el propósito de garantizar el cumplimiento de los parámetros de"
CO1.REQ.11158814,SUBASTA INVERSA ELECTRONICA No. 005 DE 2026  (Presentación de oferta),81,Licitación Abierta (En Ofertas),Oportunidad de Alianza / Cotización,Tecnología & Equipos de Cómputo,"software, licenciamiento","$673,030,680 COP",FONDO NACIONAL AMBIENTAL - ANLA,Distrito Capital de Bogotá,No Definido,Selección abreviada subasta inversa,No Definido,No Definido,Compartir la oportunidad con clientes aliados para que presenten oferta incluyendo nuestros suministros.,https://community.secop.gov.co/Public/Tendering/OpportunityDetail/Index?noticeUID=CO1.NTC.11014267,"10-0-7-26 - FORTALECER EL SISTEMA DE GESTIÓN DE SEGURIDAD DE LA INFORMACIÓN SGSI PARA LA AUTORIDAD NACIONAL DE LICENCIAS AMBIENTALES ANLA A TRAVÉS DE LAS HERRAMIENTAS ESPECIALIZADAS (LICENCIAMIENTO DE SOFTWARE Y SOPORTE) DE MONITOREO FORTISIEM, DE MO"
CO1.REQ.11166075,065-2026,81,Licitación Abierta (En Ofertas),Oportunidad de Alianza / Cotización,"Construcción & Obra Civil General, Agua Potable & Saneamiento","acueducto, alcantarillado","$650,537,243 COP",EMPRESA DE ACUEDUCTO ALCANTARILLADO Y ASEO DE CORINTO CAUCA EMCORINTO E.S.P. EICE,Cauca,Corinto,Contratación régimen especial,Jhon Jairo Rosada Ceron,No Definido,Compartir la oportunidad con clientes aliados para que presenten oferta incluyendo nuestros suministros.,https://community.secop.gov.co/Public/Tendering/OpportunityDetail/Index?noticeUID=CO1.NTC.11020385,REPOSICION DE REDES DE ACUEDUCTO Y ALCANTARILLADO EN ZONA URBANA DEL MUNICIPIO DE CORINTO EN EJECUCION DEL CONVENIO INTERADMINISTRATIVO Nº 150 DE 2026
CO1.REQ.10922460,PROYECTO DE INVITACION PRIVADA Nº 02,81,Licitación Abierta (En Ofertas),Oportunidad de Alianza / Cotización,"Construcción & Obra Civil General, Agua Potable & Saneamiento","acueducto, alcantarillado","$650,537,243 COP",EMPRESA DE ACUEDUCTO ALCANTARILLADO Y ASEO DE CORINTO CAUCA EMCORINTO E.S.P. EICE,Cauca,Corinto,Contratación régimen especial,No Definido,No Definido,Compartir la oportunidad con clientes aliados para que presenten oferta incluyendo nuestros suministros.,https://community.secop.gov.co/Public/Tendering/OpportunityDetail/Index?noticeUID=CO1.NTC.10776223,REPOSICION DE REDES DE ACUEDUCTO Y ALCANTARILLADO EN ZONA URBANA DEL MUNICIPIO DE CORINTO CAUCA EN EJECUCION DEL CONVENIO INTERADMINISTRATIVO Nº 150 DE 2026
CO1.REQ.11178755,EAAB-IT-1397-2026,81,Licitación Abierta (En Ofertas),Oportunidad de Alianza / Cotización,"Construcción & Obra Civil General, Agua Potable & Saneamiento","acueducto, alcantarillado","$650,274,130 COP",EMPRESA DE ACUEDUCTO Y ALCANTARILLADO DE BOGOTÁ - E.S.P.,No Definido,No Definido,Contratación régimen especial,No Definido,No Definido,Compartir la oportunidad con clientes aliados para que presenten oferta incluyendo nuestros suministros.,https://community.secop.gov.co/Public/Tendering/OpportunityDetail/Index?noticeUID=CO1.NTC.11033060,REPARACIONES Y MANTENIMIENTOS LOCATIVOS PARA ESTACIONES DE BOMBEO DE AGUA RESIDUAL PERTENECIENTES A LA EMPRESA DE ACUEDUCTO Y ALCANTARILLADO DE BOGOTÁ-ESP
CO1.REQ.10564378,C-096-2026,81,Licitación Abierta (En Ofertas),Oportunidad de Alianza / Cotización,"Construcción & Obra Civil General, Agua Potable & Saneamiento","agua potable, plantas de tratamiento","$615,748,731 COP",ACUEDUCTO METROPOLITANO DE BUCARAMANGA S.A. E.S.P.,Santander,Bucaramanga,Contratación régimen especial,No Definido,No Definido,Compartir la oportunidad con clientes aliados para que presenten oferta incluyendo nuestros suministros.,https://community.secop.gov.co/Public/Tendering/OpportunityDetail/Index?noticeUID=CO1.NTC.10419695,No definido
CO1.REQ.10884471,900-IP-0187-2026,81,Licitación Abierta (En Ofertas),Oportunidad de Alianza / Cotización,"Construcción & Obra Civil General, Agua Potable & Saneamiento","acueducto, alcantarillado","$597,256,762 COP",EMPRESAS MUNICIPALES DE CALI,Valle del Cauca,Cali,Contratación régimen especial,No Definido,No Definido,Compartir la oportunidad con clientes aliados para que presenten oferta incluyendo nuestros suministros.,https://community.secop.gov.co/Public/Tendering/OpportunityDetail/Index?noticeUID=CO1.NTC.10739595,"Realizar mantenimiento preventivo, correctivo de la infraestructura del sistema de adquisición 
de datos, telemetría del centro de control maestro y unidades operacionales de acueducto y 
alcantarillado."
CO1.REQ.11104761,002-L.P-2026 (Fase de Selección (Presentación de ofertas)),81,Licitación Abierta (En Ofertas),Oportunidad de Alianza / Cotización,"Construcción & Obra Civil General, Agua Potable & Saneamiento","ptar, tratamiento de aguas","$586,069,159 COP",UAE SETP AVANTE PASTO,Nariño,Pasto,Licitación pública Obra Publica,No Definido,No Definido,Compartir la oportunidad con clientes aliados para que presenten oferta incluyendo nuestros suministros.,https://community.secop.gov.co/Public/Tendering/OpportunityDetail/Index?noticeUID=CO1.NTC.10960600,"CONSTRUCCIÓN E IMPLEMENTACIÓN DE UN SISTEMA DE CAPTACIÓN Y TRATAMIENTO DE AGUAS PARA LAVADO DE VEHÍCULOS EN LOS PATIOS TALLERES DE BRICEÑO Y CHAPAL, PARA LA UAE SETP AVANTE"
CO1.REQ.11075411,PN DIEPO SA 099 2026,81,Licitación Abierta (En Ofertas),Oportunidad de Alianza / Cotización,Tecnología & Equipos de Cómputo,"computadores, software","$580,650,100 COP",DIEPO,Distrito Capital de Bogotá,Bogotá,Selección abreviada subasta inversa,No Definido,No Definido,Compartir la oportunidad con clientes aliados para que presenten oferta incluyendo nuestros suministros.,https://community.secop.gov.co/Public/Tendering/OpportunityDetail/Index?noticeUID=CO1.NTC.10932298,"ADQUISICION DE ELEMENTOS TECNOLÓGICOS, (COMPUTADORES DE ESCRITORIO, PORTATILES Y SOFTWARE DE OFIMATICA) PARA LA DIRECCION DE EDUCACION POLICIAL Y ESCUELAS ADSCRITAS."
CO1.REQ.10963558,CD_217_2026,81,Licitación Abierta (En Ofertas),Oportunidad de Alianza / Cotización,Tecnología & Equipos de Cómputo,"software, licenciamiento","$548,523,017 COP",UNIVERSIDAD DEL VALLE,Valle del Cauca,No Definido,Contratación régimen especial,No Definido,No Definido,Compartir la oportunidad con clientes aliados para que presenten oferta incluyendo nuestros suministros.,https://community.secop.gov.co/Public/Tendering/OpportunityDetail/Index?noticeUID=CO1.NTC.10816989,"ADQUIRIR LA RENOVACIÓN DEL LICENCIAMIENTO INSTITUCIONAL DEL SOFTWARE CAMPUS WOLFRAM MATHEMATICA, POR UN PERÍODO DE 3 AÑOS PARA LA UNIVERSIDAD DEL VALLE."
CO1.REQ.11154854,SA 37 DE 2026 (Presentación de oferta),81,Licitación Abierta (En Ofertas),Oportunidad de Alianza / Cotización,Tecnología & Equipos de Cómputo,"licenciamiento, seguridad perimetral","$548,200,706 COP",INSTITUCIÓN UNIVERSITARIA ITM,Antioquia,Medellín,Selección abreviada subasta inversa,No Definido,No Definido,Compartir la oportunidad con clientes aliados para que presenten oferta incluyendo nuestros suministros.,https://community.secop.gov.co/Public/Tendering/OpportunityDetail/Index?noticeUID=CO1.NTC.11014375,"RENOVACIÓN Y ACTUALIZACIÓN DEL LICENCIAMIENTO Y ADQUISICIÓN DE EQUIPO PARA EL SISTEMA DE SEGURIDAD PERIMETRAL DE LA INSTITUCIÓN UNIVERSITARIA ITM, SEGÚN ESPECIFICACIONES TÉCNICAS."
CO1.REQ.10949323,REG 2026-045,81,Licitación Abierta (En Ofertas),Oportunidad de Alianza / Cotización,"Construcción & Obra Civil General, Agua Potable & Saneamiento","aguas residuales, tratamiento de aguas","$500,000,000 COP",SERVICIOS INTEGRALES DEL ESTADO COLOMBIANO SIEC SAS SOCIEDAD DE ECONOMIA MIXTA1,Distrito Capital de Bogotá,Bogotá,Contratación régimen especial,No Definido,No Definido,Compartir la oportunidad con clientes aliados para que presenten oferta incluyendo nuestros suministros.,https://community.secop.gov.co/Public/Tendering/OpportunityDetail/Index?noticeUID=CO1.NTC.10803790,"EJECUCIÓN - IMPLEMENTACIÓN DE SOLUCIONES ECOEFICIENTES Y SISTEMAS DE TRATAMIENTO DE AGUAS RESIDUALES DOMÉSTICAS, ACOMPAÑADOS DE ESTRATEGIAS DE EDUCACIÓN AMBIENTAL, PARA LA CONSERVACIÓN DEL RECURSO HÍDRICO EN ZONAS RURALES DEL MUNICIPIO DE PUEBLORRICO"
CO1.REQ.11127232,CT-2021-000865-A2,81,Licitación Abierta (En Ofertas),Oportunidad de Alianza / Cotización,Agua Potable & Saneamiento,"acueducto, alcantarillado","$495,500,000 COP",EMPRESAS PUBLICAS DE MEDELLIN E.S.P.,Antioquia,Medellín,Contratación régimen especial,MUNICIPIO DE ENVIGADO,8909071065,Compartir la oportunidad con clientes aliados para que presenten oferta incluyendo nuestros suministros.,https://community.secop.gov.co/Public/Tendering/OpportunityDetail/Index?noticeUID=CO1.NTC.10982576,"Ejecutar las actividades relacionadas con las redes de acueducto y alcantarillado, de acuerdo con lo definido en el Convenio Marco de Colaboración No. CT-2021-000865 los siguientes proyectos urbanos del MUNICIPIO ENVIGADO: 
1.	Intercambio Vial Mayorc"
CO1.REQ.11143590,SAMC-03-2026,81,Licitación Abierta (En Ofertas),Oportunidad de Alianza / Cotización,"Construcción & Obra Civil General, Agua Potable & Saneamiento","agua potable, acueducto","$489,897,767 COP",MUNICIPIO DE COVARACHIA1,Boyacá,Covarachía,Selección Abreviada de Menor Cuantía,No Definido,No Definido,Compartir la oportunidad con clientes aliados para que presenten oferta incluyendo nuestros suministros.,https://community.secop.gov.co/Public/Tendering/OpportunityDetail/Index?noticeUID=CO1.NTC.11000329,CONTRATO DE OBRA PARA LA OPTIMIZACION DEL ACUEDUCTO DE AGUA POTABLE DE LA VEREDA DE SATOBA ARRIBA Y TAPIAS DEL MUNICIPIO DE COVARACHIA BOYACA
CO1.REQ.10424186,045 DE 2026,81,Licitación Abierta (En Ofertas),Oportunidad de Alianza / Cotización,Agua Potable & Saneamiento,"acueducto, alcantarillado","$470,000,000 COP",EMPRESA DE SERVICIOS PUBLICOS DOMICILIARIOS DE PITALITO EMPITALITO E.S.P,Huila,Pitalito,Contratación régimen especial,No Definido,No Definido,Compartir la oportunidad con clientes aliados para que presenten oferta incluyendo nuestros suministros.,https://community.secop.gov.co/Public/Tendering/OpportunityDetail/Index?noticeUID=CO1.NTC.10588354,"SUMINISTRO DE ELEMENTOS Y MATERIALES DE FERRETERÍA PARA REPARACION, REPOSICION Y AMPLIACION DEL SISTEMA DE ACUEDUCTO Y ALCANTARILLADO DE EMPITALITO E.S.P"
CO1.REQ.11176193,MS-SAMC-010-2026,81,Licitación Abierta (En Ofertas),Oportunidad de Alianza / Cotización,"Construcción & Obra Civil General, Agua Potable & Saneamiento","aguas residuales, ptar","$450,889,900 COP",MUNICIPIO DE SOTAQUIRA,Boyacá,Sotaquirá,Selección Abreviada de Menor Cuantía,No Definido,No Definido,Compartir la oportunidad con clientes aliados para que presenten oferta incluyendo nuestros suministros.,https://community.secop.gov.co/Public/Tendering/OpportunityDetail/Index?noticeUID=CO1.NTC.11031302,CONTRUCCION DEL SISTEMA DE TRATAMIENTO PARA AGUAS RESIDUALES (PTAR) SECTOR LA CABAÑA - MUNICIPIO DE SOTAQUIRÁ BOYACÁ
CO1.REQ.11131404,PN MEMOT SA SI 040 2026 (Presentación de oferta),81,Licitación Abierta (En Ofertas),Oportunidad de Alianza / Cotización,Tecnología & Equipos de Cómputo,"equipos de cómputo, licenciamiento","$441,443,331 COP",POLICIA METROPOLITANA DE MONTERIA,Córdoba,Montería,Selección abreviada subasta inversa,No Definido,No Definido,Compartir la oportunidad con clientes aliados para que presenten oferta incluyendo nuestros suministros.,https://community.secop.gov.co/Public/Tendering/OpportunityDetail/Index?noticeUID=CO1.NTC.10988617,ADQUISICIÓN EQUIPOS DE CÓMPUTO DE ESCRITORIO CON SU LICENCIAMIENTO DE OFIMÁTICA PARA EL DEPARTAMENTO DE POLICÍA CÓRDOBA
CO1.REQ.11018705,INT-009-2026_IP-023.,81,Licitación Abierta (En Ofertas),Oportunidad de Alianza / Cotización,"Agua Potable & Saneamiento, Interventoría & Consultoría","interventoria tecnica, aguas residuales, tratamiento de aguas","$440,063,507 COP",EMPRESA DE VIVIENDA DE ANTIOQUIA-VIVA,Antioquia,Medellín,Contratación régimen especial,No Definido,No Definido,Compartir la oportunidad con clientes aliados para que presenten oferta incluyendo nuestros suministros.,https://community.secop.gov.co/Public/Tendering/OpportunityDetail/Index?noticeUID=CO1.NTC.10872555,"EJECUTAR LA INTERVENTORIA TECNICA, ADMINISTRATIVA, FINANCIERA, LEGAL Y AMBIENTAL DEL PROYECTO DE MEJORAMIENTO DE LA CALIDAD DEL RECURSO HÍDRICO MEDIANTE LA IMPLEMENTACIÓN DE SISTEMAS DE TRATAMIENTO DE AGUAS RESIDUALES DOMÉSTICAS TIPO SÉPTICO ADICIONA"
CO1.REQ.10899576,INT-009-2026_IP-023,81,Licitación Abierta (En Ofertas),Oportunidad de Alianza / Cotización,"Agua Potable & Saneamiento, Interventoría & Consultoría","interventoria tecnica, aguas residuales, tratamiento de aguas","$440,063,507 COP",EMPRESA DE VIVIENDA DE ANTIOQUIA-VIVA,Antioquia,Medellín,Contratación régimen especial,No Definido,No Definido,Compartir la oportunidad con clientes aliados para que presenten oferta incluyendo nuestros suministros.,https://community.secop.gov.co/Public/Tendering/OpportunityDetail/Index?noticeUID=CO1.NTC.10753926,"EJECUTAR LA INTERVENTORIA TECNICA, ADMINISTRATIVA, FINANCIERA, LEGAL Y AMBIENTAL DEL PROYECTO DE MEJORAMIENTO DE LA CALIDAD DEL RECURSO HÍDRICO MEDIANTE LA IMPLEMENTACIÓN DE SISTEMAS DE TRATAMIENTO DE AGUAS RESIDUALES DOMÉSTICAS TIPO SÉPTICO ADICIONA"
CO1.REQ.11145819,CT-2021-001057-A10,81,Licitación Abierta (En Ofertas),Oportunidad de Alianza / Cotización,"Construcción & Obra Civil General, Agua Potable & Saneamiento","acueducto, alcantarillado","$413,300,000 COP",EMPRESAS PUBLICAS DE MEDELLIN E.S.P.,Antioquia,Medellín,Contratación régimen especial,DISTRITO ESPECIAL DE CIENCIA TECNOLOGIA E INNOVACION DE MEDELLIN,890905211,Compartir la oportunidad con clientes aliados para que presenten oferta incluyendo nuestros suministros.,https://community.secop.gov.co/Public/Tendering/OpportunityDetail/Index?noticeUID=CO1.NTC.11000396,"Definir los tramos intervenidos de espacio público y considerar los trabajos realizados por el Distrito Especial De Ciencia, Tecnología E Innovación De Medellín que son objeto de reconocimiento por parte de EPM, por concepto de la construcción, trasl"
CO1.REQ.10783547,IPE-007-2026,81,Licitación Abierta (En Ofertas),Oportunidad de Alianza / Cotización,Agua Potable & Saneamiento,"acueducto, alcantarillado","$410,000,000 COP",EMPRESA DE SERVICIOS PUBLICOS DE VALLEDUPAR EMDUPAR S.A. E.S.P.,Cesar,Valledupar,Contratación régimen especial,No Definido,No Definido,Compartir la oportunidad con clientes aliados para que presenten oferta incluyendo nuestros suministros.,https://community.secop.gov.co/Public/Tendering/OpportunityDetail/Index?noticeUID=CO1.NTC.10649452,ADQUISIÓN DE TUBERÍA DE DIFERENTES DIÁMETROS PARA LA ATENCIÓN DE EMERGENCIAS Y PUNTOS CRÍTICOS A LOS SISTEMAS DE ACUEDUCTO Y ALCANTARILLADO DE LA CIUDAD DE VALLEDUPAR
CO1.REQ.11137510,SAMC-02-2026,81,Licitación Abierta (En Ofertas),Oportunidad de Alianza / Cotización,"Construcción & Obra Civil General, Agua Potable & Saneamiento","agua potable, acueducto","$401,230,194 COP",MUNICIPIO DE COVARACHIA1,Boyacá,Covarachía,Selección Abreviada de Menor Cuantía,No Definido,No Definido,Compartir la oportunidad con clientes aliados para que presenten oferta incluyendo nuestros suministros.,https://community.secop.gov.co/Public/Tendering/OpportunityDetail/Index?noticeUID=CO1.NTC.10993336,CONSTRUCCION TANQUE DE ALMACENAMIENTO DE AGUA PARA EL ACUEDUCTO DE LA VEREDA DE LOS SIOTES Y OPTIMIZACION Y MEJORAMIENTO DEL ACUEDUCTO DE AGUA POTABLE VEREDAL DEL MUNICIPIO DE COVARACHIA DEPARTAMENTO DE BOYACÁ
CO1.REQ.10973973,CW397680,81,Licitación Abierta (En Ofertas),Oportunidad de Alianza / Cotización,"Construcción & Obra Civil General, Agua Potable & Saneamiento","acueducto, alcantarillado","$392,931,894 COP",EMPRESAS PUBLICAS DE MEDELLIN E.S.P.,Antioquia,Medellín,Contratación régimen especial,No Definido,No Definido,Compartir la oportunidad con clientes aliados para que presenten oferta incluyendo nuestros suministros.,https://community.secop.gov.co/Public/Tendering/OpportunityDetail/Index?noticeUID=CO1.NTC.10827298,Suministro compra de tubería y accesorios de tubería para acueducto y alcantarillado en Polietileno
CO1.REQ.11164175,SAMC-017-2026 (Manifestación de interés (Menor Cuantía)),81,Licitación Abierta (En Ofertas),Oportunidad de Alianza / Cotización,"Construcción & Obra Civil General, Agua Potable & Saneamiento","aguas residuales, tratamiento de aguas","$377,234,586 COP",MUNICIPIO DE CALIMA EL DARIEN VALLE,Valle del Cauca,Calima,Selección Abreviada de Menor Cuantía,No Definido,No Definido,Compartir la oportunidad con clientes aliados para que presenten oferta incluyendo nuestros suministros.,https://community.secop.gov.co/Public/Tendering/OpportunityDetail/Index?noticeUID=CO1.NTC.11019039,"CONSTRUCCIÓN E INSTALACIÓN DE SISTEMAS INDIVIDUALES DE TRATAMIENTO DE AGUAS RESIDUALES DOMÉSTICAS (SITAR), MEDIANTE IMPLEMENTACIÓN DE SISTEMAS PREFABRICADOS EN PLÁSTICO TIPO TANQUE SÉPTICO PARA MANEJO Y DISPOSICIÓN DE AGUAS RESIDUALES EN LA ZONA RURA"
CO1.REQ.11174075,DHMP-SA-SPOP-012 DE 2026 (Manifestación de interés (Menor Cuantía)),81,Licitación Abierta (En Ofertas),Oportunidad de Alianza / Cotización,"Construcción & Obra Civil General, Agua Potable & Saneamiento","acueducto, alcantarillado","$372,876,788 COP",ALCALDIA DE PAICOL HUILA,Huila,Paicol,Selección Abreviada de Menor Cuantía,No Definido,No Definido,Compartir la oportunidad con clientes aliados para que presenten oferta incluyendo nuestros suministros.,https://community.secop.gov.co/Public/Tendering/OpportunityDetail/Index?noticeUID=CO1.NTC.11028479,OPTIMIZACIÓN DEL ACUEDUCTO DE LA VEREDA SAN MARCOS Y CONTINUIDAD DEL MEJORAMIENTO DE ACUEDUCTO Y AMPLIACIÓN DEL ALCANTARILLADO EN LA VEREDA LAS MERCEDES DEL MUNICIPIO DE PAICOL DEPARTAMENTO DEL HUILA
CO1.REQ.10758987,ID186-2026,81,Licitación Abierta (En Ofertas),Oportunidad de Alianza / Cotización,"Construcción & Obra Civil General, Agua Potable & Saneamiento","aguas residuales, ptar","$335,004,375 COP",EMPRESA DE DESARROLLO TERRITORIAL DE DON MATIAS,Antioquia,Don Matías,Contratación régimen especial,No Definido,No Definido,Compartir la oportunidad con clientes aliados para que presenten oferta incluyendo nuestros suministros.,https://community.secop.gov.co/Public/Tendering/OpportunityDetail/Index?noticeUID=CO1.NTC.10613243,"OPTIMIZACIÓN DE LAS PTAR PARA GARANTIZAR LA DISMINUCIÓN DE LA CARGA
CONTAMINANTE POR VERTIMIENTOS DE AGUAS RESIDUALES EN LA ZONA URBANA Y EN
EL CORREGIMIENTO DE PANTANILLO DE LA ZONA RURAL DEL MUNICIPIO DE ABEJORRAL."
CO1.REQ.11002085,260140,81,Licitación Abierta (En Ofertas),Oportunidad de Alianza / Cotización,Agua Potable & Saneamiento,"aguas residuales, tratamiento de aguas","$319,949,047 COP",EMPRESAS MUNICIPALES DE CARTAGO E.S.P.,Valle del Cauca,Cartago,Contratación régimen especial,No Definido,No Definido,Compartir la oportunidad con clientes aliados para que presenten oferta incluyendo nuestros suministros.,https://community.secop.gov.co/Public/Tendering/OpportunityDetail/Index?noticeUID=CO1.NTC.10856080,"ESTUDIO DE AFORO, CARACTERIZACIÓN DE PUNTOS DE VERTIMIENTO DE AGUAS RESIDUALES, SISTEMAS DE TRATAMIENTO DE AGUAS RESIDUALES Y CUERPOS RECEPTORES; Y CÁLCULO DE TASA RETRIBUTIVA DEL CASCO URBANO DEL MUNICIPIO DE CARTAGO, VALLE DEL CAUCA."
CO1.REQ.11160369,ADT- OP-02-2026 MODALIDAD,81,Licitación Abierta (En Ofertas),Oportunidad de Alianza / Cotización,"Construcción & Obra Civil General, Agua Potable & Saneamiento","acueducto, alcantarillado","$311,524,200 COP",AGUAS DE TOROBE SAS,Sucre,San Onofre,Contratación régimen especial,No Definido,No Definido,Compartir la oportunidad con clientes aliados para que presenten oferta incluyendo nuestros suministros.,https://community.secop.gov.co/Public/Tendering/OpportunityDetail/Index?noticeUID=CO1.NTC.11014660,"ADECUACION Y MANTENIMIENTO DEL SISTEMA DE ACUEDUCTO Y ALCANTARILLADO DEL MUNICIPIO DE SAN ONOFRE, SUCRE- AGUAS DE TOROBE SAS ESP- VIGENCIA 2026 II"
CO1.REQ.10621182,20260084,81,Licitación Abierta (En Ofertas),Oportunidad de Alianza / Cotización,Agua Potable & Saneamiento,"planta de tratamiento, agua potable","$309,686,084 COP",AGUAS DE MANIZALES,Caldas,Manizales,Contratación régimen especial,No Definido,No Definido,Compartir la oportunidad con clientes aliados para que presenten oferta incluyendo nuestros suministros.,https://community.secop.gov.co/Public/Tendering/OpportunityDetail/Index?noticeUID=CO1.NTC.10475956,"SUMINISTRO E INSTALACION DE UNA PLANTA DE TRATAMIENTO DE AGUA POTABLE COMPACTA CON CAPACIDAD DE 1,5 LPS PARA LA VEREDA ALTO DEL GUAMO DEL CORREGIMIENTO MANANTIAL DEL MUNICIPIO DE MANIZALES, EN EL MARCO DEL CONTRATO INTERADMINISTRATIVO NO. 2509241073 "
CO1.REQ.10698537,LP-001-2026 (Fase de Selección (Presentación de ofertas)),80,Proceso Activo (Suspendido),Monitoreo Comercial,"Construcción & Obra Civil General, Agua Potable & Saneamiento","planta de tratamiento, aguas residuales, tratamiento de aguas","$433,466,139,616 COP",EMPRESA DE ACUEDUCTO Y ALCANTARILLADO DE PEREIRA S.A.S. E.S.P.,Risaralda,Pereira,Licitación pública Obra Publica,No Definido,No Definido,Hacer seguimiento al cierre de ofertas o adjudicación.,https://community.secop.gov.co/Public/Tendering/OpportunityDetail/Index?noticeUID=CO1.NTC.10553227,CONSTRUCCIÓN DE LAS OBRAS SUMINISTRO E INSTALACIÓN DE EQUIPOS PUESTA EN MARCHA Y ASISTENCIA OPERATIVA DE LA PLANTA DE TRATAMIENTO DE AGUAS RESIDUALES PEREIRA  DOSQUEBRADAS EN LA CIUDAD DE PEREIRA RISARALDA  COLOMBIA
CO1.REQ.10955704,CVC LP 008 2026 (Fase de Selección (Presentación de ofertas)),80,Proceso Activo (Evaluación),Monitoreo Comercial,"Construcción & Obra Civil General, Agua Potable & Saneamiento","planta de tratamiento, aguas residuales, tratamiento de aguas","$238,617,509,115 COP",CVC,Valle del Cauca,Cali,Licitación pública Obra Publica,No Definido,No Definido,Hacer seguimiento al cierre de ofertas o adjudicación.,https://community.secop.gov.co/Public/Tendering/OpportunityDetail/Index?noticeUID=CO1.NTC.10811860,"REALIZAR LA CONSTRUCCIÓN Y PUESTA EN MARCHA DE LA FASE I DE LA PLANTA DE TRATAMIENTO DE AGUAS RESIDUALES Y LA CONSTRUCCIÓN DEL EMISOR FINAL, EN EL MUNICIPIO DE PALMIRA - VALLE DEL CAUCA, EN DESARROLLO DEL PROYECTO 0301 -  CARACTERIZACIÓN DEL RECURSO "
CO1.REQ.11157818,SAMC-001- 2026 (Manifestación de interés (Menor Cuantía)) (Presentación de oferta),80,Proceso Activo (Evaluación),Monitoreo Comercial,Construcción & Obra Civil General,infraestructura educativa,"$192,640,594,000 COP",IE ASNAZU,Cauca,Suárez,Selección Abreviada de Menor Cuantía,No Definido,No Definido,Hacer seguimiento al cierre de ofertas o adjudicación.,https://community.secop.gov.co/Public/Tendering/OpportunityDetail/Index?noticeUID=CO1.NTC.11012034,"CONTRATAR LA EJECUCIÓN DE LAS OBRAS DE MEJORAMIENTO, ADECUACIÓN Y MANTENIMIENTO DE LA INFRAESTRUCTURA EDUCATIVA DE LAS INSTITUCIONES EDUCATIVAS ASNAZÚ Y LA BETULIA, UBICADAS EN EL MUNICIPIO DE SUÁREZ, CAUCA, Y DE LA INSTITUCIÓN EDUCATIVA SAGRADA FAMI"
CO1.REQ.10832623,ED-LP-26-01 (Presentación de oferta),80,Adjudicado (Contrato firmado),Lead B2B de Venta Directa,Alimentación Escolar (PAE),"pae, alimentación escolar, complementos alimentarios","$119,858,965,890 COP",DEPARTAMENTO DE SANTANDER,Santander,Bucaramanga,Licitación pública,CONSORCIO NUTRE FUTURO SANTANDER,902104118,Contactar al contratista ganador/consorcio para ofrecer suministro y cotización inmediata.,https://community.secop.gov.co/Public/Tendering/OpportunityDetail/Index?noticeUID=CO1.NTC.10691332,"SUMINISTRO DE COMPLEMENTOS ALIMENTARIOS A ESTUDIANTES BENEFICIARIOS DEL
PROGRAMA DE ALIMENTACIÓN ESCOLAR - PAE DE LAS INSTITUCIONES EDUCATIVAS
OFICIALES DE LOS 82 MUNICIPIOS NO CERTIFICADOS DE SANTANDER"
CO1.REQ.11052462,LP-0010-2026 (Fase de Selección (Presentación de ofertas)),80,Licitación Abierta (En Ofertas),Oportunidad de Alianza / Cotización,"Construcción & Obra Civil General, Agua Potable & Saneamiento",acueducto,"$69,357,751,497 COP",DEPARTAMENTO DEL ATLANTICO**,Atlántico,Barranquilla,Licitación pública Obra Publica,No Definido,No Definido,Compartir la oportunidad con clientes aliados para que presenten oferta incluyendo nuestros suministros.,https://community.secop.gov.co/Public/Tendering/OpportunityDetail/Index?noticeUID=CO1.NTC.10924794,AMPLIACION SISTEMAS DE ACUEDUCTO REGIONALES RURALES DEL DEPARTAMENTO DEL ATLÁNTICO - GRUPO 1 Y GRUPO 2
CO1.REQ.11139323,LP-CARDIQUE-011- 2026 (Fase de Selección (Presentación de ofertas)),80,Licitación Abierta (En Ofertas),Oportunidad de Alianza / Cotización,Construcción & Obra Civil General,,"$57,963,813,894 COP",CORPORACIÓN AUTÓNOMA REGIONAL DEL CANAL DEL DIQUE,Bolívar,Cartagena,Licitación pública Obra Publica,No Definido,No Definido,Compartir la oportunidad con clientes aliados para que presenten oferta incluyendo nuestros suministros.,https://community.secop.gov.co/Public/Tendering/OpportunityDetail/Index?noticeUID=CO1.NTC.10995292,OBRAS DE MEJORAMIENTO HIDRÁULICO PRIORIZADAS PARA LOS CUERPOS DE AGUA EN LA JURISDICCIÓN DE LA CORPORACIÒN AUTONOMA REGIONAL DEL CANAL DEL DIQUE PREVISTAS COMO ACCIONES OPERATIVAS DEFINIDAS POR EL PLAN DE ACCIÓN INSTITUCIONAL DENTRO DEL PROGRAMA PAI 
CO1.REQ.11107151,PN DILOF SA MC 288 2026,80,Licitación Abierta (En Ofertas),Oportunidad de Alianza / Cotización,Construcción & Obra Civil General,,"$53,100,000,000 COP",DILOF,Distrito Capital de Bogotá,Bogotá,Selección Abreviada de Menor Cuantía,No Definido,No Definido,Compartir la oportunidad con clientes aliados para que presenten oferta incluyendo nuestros suministros.,https://community.secop.gov.co/Public/Tendering/OpportunityDetail/Index?noticeUID=CO1.NTC.10972483,"CONSTRUCCIÓN Y DOTACIÓN DEL COMANDO DEPARTAMENTO DE POLICÍA DE CALDAS Y ÁREAS DE APOYO PARA LA POLICÍA METROPOLITANA DE MANIZALES - FASE I, DE ACUERDO A ESPECIFICACIONES TÉCNICAS, A PRECIOS UNITARIOS FIJOS SIN FÓRMULA DE REAJUSTE"
CO1.REQ.11138558,LP-001-2026 (Fase de Selección (Presentación de ofertas)),80,Licitación Abierta (En Ofertas),Oportunidad de Alianza / Cotización,Construcción & Obra Civil General,,"$45,106,904,497 COP","FONCOLOMBIA, FONDO MIXTO PARA EL DESARROLLO INTEGRAL Y LA GESTION SOCIAL DE COLOMBIA",Santander,Bucaramanga,Licitación pública Obra Publica,No Definido,No Definido,Compartir la oportunidad con clientes aliados para que presenten oferta incluyendo nuestros suministros.,https://community.secop.gov.co/Public/Tendering/OpportunityDetail/Index?noticeUID=CO1.NTC.10993414,"RESTAURACIÓN Y CONSERVACIÓN DE ÁREAS AMBIENTALES ESTRATÉGICAS CON COBERTURA BOSCOSA MENOR AL 10% EN MUNICIPIOS CON JURISDICCIÓN EN EL POMCA RÍO SECO Y OTROS DIRECTOS AL MAGDALENA, DEPARTAMENTO DE CUNDINAMARCA."
CO1.REQ.11150251,LP-DEO-SMFF-030-2026 (Fase de Selección (Presentación de ofertas)),80,Licitación Abierta (En Ofertas),Oportunidad de Alianza / Cotización,Construcción & Obra Civil General,,"$43,340,153,900 COP",INVIAS,Distrito Capital de Bogotá,Bogotá,Licitación pública Obra Publica,No Definido,No Definido,Compartir la oportunidad con clientes aliados para que presenten oferta incluyendo nuestros suministros.,https://community.secop.gov.co/Public/Tendering/OpportunityDetail/Index?noticeUID=CO1.NTC.11005229,"DRAGADO DE MANTENIMIENTO DE LAS BOCAS DEL RÍO ATRATO, BOCA COQUITO, BOCA EL ROTO Y BOCA MATUNTUGO, EN EL GOLFO DE URABÁ, DEPARTAMENTO DE ANTIOQUIA"
CO1.REQ.10891571,LP-PDA-003-2026 (Fase de Selección (Presentación de ofertas)),80,Proceso Activo (Evaluación),Monitoreo Comercial,"Construcción & Obra Civil General, Agua Potable & Saneamiento","acueducto, alcantarillado","$42,097,095,469 COP",EMPRESAS PÚBLICAS DE CUNDINAMARCA S.A. E.S.P.,Distrito Capital de Bogotá,Bogotá,Licitación pública Obra Publica,No Definido,No Definido,Hacer seguimiento al cierre de ofertas o adjudicación.,https://community.secop.gov.co/Public/Tendering/OpportunityDetail/Index?noticeUID=CO1.NTC.10746630,CONSTRUCCIÓN DE OBRAS DE ACUEDUCTO Y ALCANTARILLADO EN EL DEPARTAMENTO DE CUNDINAMARCA (GRUPO No 1 Y GRUPO No 2) LOTES
CO1.REQ.11113420,PN DILOF SA MC 293 2026,80,Licitación Abierta (En Ofertas),Oportunidad de Alianza / Cotización,"Construcción & Obra Civil General, Energía Solar & Alumbrado Público",subestación eléctrica,"$40,000,000,000 COP",DILOF,Distrito Capital de Bogotá,Bogotá,Selección Abreviada de Menor Cuantía,No Definido,No Definido,Compartir la oportunidad con clientes aliados para que presenten oferta incluyendo nuestros suministros.,https://community.secop.gov.co/Public/Tendering/OpportunityDetail/Index?noticeUID=CO1.NTC.10972325,"CONSTRUCCIÓN Y DOTACIÓN DE LA FASE II DEL COMANDO DE POLICÍA METROPOLITANA DE NEIVA Y DEPARTAMENTO DE POLICÍA HUILA, INCLUYE LOS BLOQUES DE ALOJAMIENTOS, ARMERILLO, TANQUE DE RCI, SUBESTACIÓN ELÉCTRICA Y VÍAS, DE ACUERDO A ESPECIFICACIONES TÉCNICAS Y"
CO1.REQ.11113793,DESur-IA-266-2026,80,Licitación Abierta (En Ofertas),Oportunidad de Alianza / Cotización,Construcción & Obra Civil General,,"$34,176,410,905 COP",EMPRESA DE VIVIENDA Y DESARROLLO URBANO Y RURAL DEL MUNICIPIO DE ENVIGADO,Antioquia,Envigado,Contratación régimen especial,No Definido,No Definido,Compartir la oportunidad con clientes aliados para que presenten oferta incluyendo nuestros suministros.,https://community.secop.gov.co/Public/Tendering/OpportunityDetail/Index?noticeUID=CO1.NTC.10969393,"REALIZAR LA AMPLIACIÓN DEL PUENTE SIMÓN BOLIVAR EN EL MUNICIPIO DE ENVIGADO, EN CUMPLIMIENTO AL ACTA DE EJECUCIÓN N°8 DEL CONVENIO INTERADMINISTRATIVO ENV-09-09-1418-24."
CO1.REQ.11120318,SPO-004-2026,80,Licitación Abierta (En Ofertas),Oportunidad de Alianza / Cotización,Construcción & Obra Civil General,,"$32,112,252,170 COP",EMPRESA PARA EL DESARROLLO URBANO EDURHA CAREPA-COMPRADOR,Antioquia,Carepa,Contratación régimen especial (con ofertas),No Definido,No Definido,Compartir la oportunidad con clientes aliados para que presenten oferta incluyendo nuestros suministros.,https://community.secop.gov.co/Public/Tendering/OpportunityDetail/Index?noticeUID=CO1.NTC.10976050,"CONTRATO DE OBRA PARA LA EJECUCIÓN DE MEJORAMIENTOS EN EL MARCO DE LA CONVOCATORIA VIVA MI CASA MEJORADA PARA ELLAS, PARA IMPACTAR MUJERES VULNERABLES, EN POBREZA EXTREMA O MODERADA EN LA ZONA RURAL DEL MUNICIPIO DE CAREPA."
CO1.REQ.11123428,OBR-SLC-VUP-001-2026,80,Licitación Abierta (En Ofertas),Oportunidad de Alianza / Cotización,Construcción & Obra Civil General,,"$26,857,449,091 COP","FONCOLOMBIA, FONDO MIXTO PARA EL DESARROLLO INTEGRAL Y LA GESTION SOCIAL DE COLOMBIA",Santander,Bucaramanga,Contratación régimen especial,No Definido,No Definido,Compartir la oportunidad con clientes aliados para que presenten oferta incluyendo nuestros suministros.,https://community.secop.gov.co/Public/Tendering/OpportunityDetail/Index?noticeUID=CO1.NTC.10977982,CONSTRUCCIÓN DEL ESTABLECIMIENTO EDUCATIVO OFICIAL 26 DE MARZO SEDE B LA ESPERANZA EN EL DISTRITO DE BARRANCABERMEJA
CO1.REQ.10763262,EDUS-I.P.O.M. > C -022- 2026,80,Proceso Activo (Abierto),Monitoreo Comercial,"Construcción & Obra Civil General, Energía Solar & Alumbrado Público","alumbrado público, eficiencia energética","$26,534,289,909 COP",Empresa Distrital de Desarrollo y Renovación Urbano Sostenible de Santa Marta- EDUS,Magdalena,Santa Marta,Contratación régimen especial (con ofertas),No Definido,No Definido,Hacer seguimiento al cierre de ofertas o adjudicación.,https://community.secop.gov.co/Public/Tendering/OpportunityDetail/Index?noticeUID=CO1.NTC.10621375,"EJECUTAR LAS OBRAS Y ACTIVIDADES NECESARIAS PARA LA MODERNIZACIÓN DEL SISTEMA DE ALUMBRADO PÚBLICO EN DIFERENTES SECTORES DEL DISTRITO DE SANTA MARTA, MEDIANTE EL REEMPLAZO DE LUMINARIAS EXISTENTES DE TECNOLOGÍAS CONVENCIONALES POR LUMINARIAS CON TEC"
CO1.REQ.11173388,CW400703,80,Licitación Abierta (En Ofertas),Oportunidad de Alianza / Cotización,Construcción & Obra Civil General,,"$24,108,013,817 COP",EMPRESAS PUBLICAS DE MEDELLIN E.S.P.,Antioquia,Medellín,Contratación régimen especial,No Definido,No Definido,Compartir la oportunidad con clientes aliados para que presenten oferta incluyendo nuestros suministros.,https://community.secop.gov.co/Public/Tendering/OpportunityDetail/Index?noticeUID=CO1.NTC.11028119,Ejecución de obras y actividades tendientes a garantizar el control y una efectiva reducción de pérdidas de energía eléctrica. Zona Sur
CO1.REQ.11167341,DESur-IA-270-2026,80,Licitación Abierta (En Ofertas),Oportunidad de Alianza / Cotización,Construcción & Obra Civil General,,"$23,922,956,927 COP",EMPRESA DE VIVIENDA Y DESARROLLO URBANO Y RURAL DEL MUNICIPIO DE ENVIGADO,Antioquia,Envigado,Contratación régimen especial,No Definido,No Definido,Compartir la oportunidad con clientes aliados para que presenten oferta incluyendo nuestros suministros.,https://community.secop.gov.co/Public/Tendering/OpportunityDetail/Index?noticeUID=CO1.NTC.11022160,"REALIZAR LA CONSTRUCCIÓN DEL EQUIPAMIENTO DEPORTIVO PARA CANCHAS EN ALTURA EN EL MUNICIPIO DE ENVIGADO ETAPA I, EN CUMPLIMIENTO AL ACTA DE EJECUCIÓN N°9 DEL CONVENIO INTERADMINISTRATIVO ENV-09-09-1418-24."
CO1.REQ.11035643,LIC-001-2026 (Fase de Selección (Presentación de ofertas)),80,Proceso Activo (Evaluación),Monitoreo Comercial,"Construcción & Obra Civil General, Agua Potable & Saneamiento","acueducto, alcantarillado","$23,157,498,954 COP",DEPARTAMENTO DE ANTIOQUIA//,Antioquia,Medellín,Licitación pública Obra Publica,No Definido,No Definido,Hacer seguimiento al cierre de ofertas o adjudicación.,https://community.secop.gov.co/Public/Tendering/OpportunityDetail/Index?noticeUID=CO1.NTC.10892174,OPTIMIZACIÓN REDES DE ACUEDUCTO Y ALCANTARILLADO RESIDUAL Y PLUVIAL DEL MUNICIPIO DE TÁMESIS - ANTIOQUIA
CO1.REQ.10802904,IA-001-2026,80,Adjudicado (Contrato firmado),Lead B2B de Venta Directa,"Construcción & Obra Civil General, Agua Potable & Saneamiento","obras complementarias, alcantarillado","$22,135,514,019 COP",EPUXUA E.I.C.E.,Cundinamarca,Soacha,Contratación régimen especial,CONSORCIO PLAN VIAL SOACHA 26,902085422,Contactar al contratista ganador/consorcio para ofrecer suministro y cotización inmediata.,https://community.secop.gov.co/Public/Tendering/OpportunityDetail/Index?noticeUID=CO1.NTC.10666534,"ESTUDIOS, DISENOS Y CONSTRUCCIÓN PARA EL MEJORAMIENTO YPAVIMENTACIÓN DEL PLAN
VIAL 2025-2026 INCLUYE OBRAS COMPLEMENTARIAS DE ALCANTARILLADO SANJTARIO Y PLUVIAL DEL
MUNICIPIO DE SOACHA CUNDINAMARCA, EN ELMARCO DEL CONTRATO INTERADMINISTRATIVO 2377-20"
CO1.REQ.10625092,PAF-ATF-O-047-2026,80,Licitación Abierta (En Ofertas),Oportunidad de Alianza / Cotización,"Construcción & Obra Civil General, Agua Potable & Saneamiento",alcantarillado,"$19,674,810,724 COP",FINANCIERA DE DESARROLLO TERRITORIAL S.A.,Distrito Capital de Bogotá,Bogotá,Contratación régimen especial,No Definido,No Definido,Compartir la oportunidad con clientes aliados para que presenten oferta incluyendo nuestros suministros.,https://community.secop.gov.co/Public/Tendering/OpportunityDetail/Index?noticeUID=CO1.NTC.10480115,CONTRATAR LA EJECUCIÓN DE LAS OBRAS DEL PLAN MAESTRO DE ALCANTARILLADO DEL CASCO URBANO DEL MUNICIPIO DE CHIPAQUE: OPTIMIZACIÓN DE LOS SISTEMAS DE ALCANTARILLADO SANITARIO Y PLUVIAL
CO1.REQ.11015806,CVC CM 009 2026 (Presentación de oferta),80,Proceso Activo (Abierto),Monitoreo Comercial,Interventoría & Consultoría,interventoria integral,"$19,124,836,389 COP",CVC,Valle del Cauca,Cali,Concurso de méritos abierto,No Definido,No Definido,Hacer seguimiento al cierre de ofertas o adjudicación.,https://community.secop.gov.co/Public/Tendering/OpportunityDetail/Index?noticeUID=CO1.NTC.10869752,"REALIZAR LA INTERVENTORIA INTEGRAL AL CONTRATO RESULTANTE DE LA LICITACION PUBLICA NO. 008 DE 2026, CUYO OBJETO ES:  REALIZAR LA CONSTRUCCION Y PUESTA EN MARCHA DE LA FASE I DE LA PLANTA DE TRATAMIENTO DE AGUAS RESIDUALES Y LA CONSTRUCCION DEL EMISOR"
CO1.REQ.11167695,OBR-SCC-016-2026,80,Licitación Abierta (En Ofertas),Oportunidad de Alianza / Cotización,Construcción & Obra Civil General,,"$18,392,644,880 COP",EMPRESA NACIONAL ESTATAL DE DESARROLLO TERRITORIAL S.A.S.,Santander,Bucaramanga,Contratación régimen especial,No Definido,No Definido,Compartir la oportunidad con clientes aliados para que presenten oferta incluyendo nuestros suministros.,https://community.secop.gov.co/Public/Tendering/OpportunityDetail/Index?noticeUID=CO1.NTC.11022391,CONSTRUCCIÓN DE VIVIENDA RURAL NUCLEADA PARA LOS MUNICIPIOS DE PUERTO CAICEDO VALLE DEL GUAMUEZ SAN MIGUEL
CO1.REQ.11150665,CW399966,80,Licitación Abierta (En Ofertas),Oportunidad de Alianza / Cotización,Construcción & Obra Civil General,,"$18,324,892,442 COP",EMPRESAS PUBLICAS DE MEDELLIN E.S.P.,Antioquia,Medellín,Contratación régimen especial,No Definido,No Definido,Compartir la oportunidad con clientes aliados para que presenten oferta incluyendo nuestros suministros.,https://community.secop.gov.co/Public/Tendering/OpportunityDetail/Index?noticeUID=CO1.NTC.11005463,"Construcción, reposición, modernización y suministro de redes y acometidas en la cuenca la Iguaná y sus circuitos asociados"
CO1.REQ.1708840,CC-SED-0000-2021,80,Borrador de Pliegos,Oportunidad Pre-Licitación,Alimentación Escolar (PAE),"pae, alimentación escolar, complemento alimentario","$17,395,941,677 COP",ALCALDÍA DEL DISTRITO TURÍSTICO Y CULTURAL DE CARTAGENA DE INDIAS,Bolívar,Cartagena,Contratación régimen especial (con ofertas),No Definido,No Definido,Notificar a clientes contratistas para que soliciten observaciones o preparen propuesta de consorcio.,https://community.secop.gov.co/STS/Users/Login/Index,"CONTRATAR LA PRESTACIÓN DEL SERVICIO DE ALIMENTACIÓN ESCOLAR CONSISTENTE EN LA ENTREGA DIARIA DE COMPLEMENTO ALIMENTARIO PARA LAS NIÑAS, NIÑOS Y ADOLESCENTES FOCALIZADOS Y REGISTRADOS EN EL SIMAT COMO ESTUDIANTES OFICIALES DEL DISTRITO DE CARTAGENA D"
CO1.REQ.10377853,LP-SE-002-2026,80,Adjudicado (Contrato firmado),Lead B2B de Venta Directa,Alimentación Escolar (PAE),"pae, alimentación escolar, ración industrializada, complemento alimentario","$15,128,903,442 COP",MUNICIPIO DE PUERTO GAITAN,Meta,Puerto Gaitán,Licitación pública,PRODUCTORA DE ALIMENTOS PA S.A.S.,901289191,Contactar al contratista ganador/consorcio para ofrecer suministro y cotización inmediata.,https://community.secop.gov.co/Public/Tendering/OpportunityDetail/Index?noticeUID=CO1.NTC.10234839,"SUMINISTRAR COMPLEMENTO ALIMENTARIO MODALIDAD RACIÓN INDUSTRIALIZADA, COMIDA CALIENTE TRANSPORTADA Y PREPARADA EN SITIO DENTRO DE LA IMPLEMENTACIÓN DEL PROGRAMA DE ALIMENTACIÓN ESCOLAR (PAE) A ESTUDIANTES DE LAS SEDES EDUCATIVAS URBANAS Y RURALES VIN"
CO1.REQ.10847322,FGN-NC-IPSE-0019-2026 (Presentación de oferta),80,Proceso Activo (Suspendido),Monitoreo Comercial,Tecnología & Equipos de Cómputo,equipos de cómputo,"$15,076,694,612 COP",FISCALÍA GENERAL DE LA NACIÓN NIVEL CENTRAL.,Distrito Capital de Bogotá,Bogotá,Selección abreviada subasta inversa,No Definido,No Definido,Hacer seguimiento al cierre de ofertas o adjudicación.,https://community.secop.gov.co/Public/Tendering/OpportunityDetail/Index?noticeUID=CO1.NTC.10717425,ADQUISICIÓN DE EQUIPOS DE CÓMPUTO PARA LA FISCALÍA GENERAL DE LA NACIÓN
CO1.REQ.11136313,IDPC-LP-002-2026,80,Licitación Abierta (En Ofertas),Oportunidad de Alianza / Cotización,Construcción & Obra Civil General,,"$13,886,693,497 COP",INSTITUTO DISTRITAL DE PATRIMONIO CULTURAL,Distrito Capital de Bogotá,Bogotá,Licitación pública Obra Publica,No Definido,No Definido,Compartir la oportunidad con clientes aliados para que presenten oferta incluyendo nuestros suministros.,https://community.secop.gov.co/Public/Tendering/OpportunityDetail/Index?noticeUID=CO1.NTC.10998354,"Implementar un sistema unificado de iluminación arquitectónica moderno y sostenible para las fachadas de los inmuebles que configuran el contorno de la Plaza de Bolívar, en el marco del proyecto de inversión  IMPLEMENTACIÓN DE LA ILUMINACIÓN DE BIENE"
CO1.REQ.11122064,SL 2025-07-001,80,Licitación Abierta (En Ofertas),Oportunidad de Alianza / Cotización,Construcción & Obra Civil General,,"$13,667,355,504 COP",FONDO MIXTO DE LA CULTURA Y LAS ARTES DEL DEPARTAMENTO DEL QUINDIO.,Quindío,Armenia,Contratación régimen especial,CONSORCIO CALLE 21,901970803,Compartir la oportunidad con clientes aliados para que presenten oferta incluyendo nuestros suministros.,https://community.secop.gov.co/Public/Tendering/OpportunityDetail/Index?noticeUID=CO1.NTC.10976968,"CONSTRUCCION DE LA FASE (I) DE LA CALLE 21 ENTRE CARRERA 10 Y CARRERA 2 ESTE DEL MUNICIPIO DE LETICIA, AMAZONAS"
CO1.REQ.11137840,MP-LP-SIRUV-OP-0076-2026,80,Licitación Abierta (En Ofertas),Oportunidad de Alianza / Cotización,Construcción & Obra Civil General,,"$13,236,697,011 COP",ALCALDÍA MUNICIPIO DE PALMIRA,Valle del Cauca,Palmira,Licitación pública Obra Publica,No Definido,No Definido,Compartir la oportunidad con clientes aliados para que presenten oferta incluyendo nuestros suministros.,https://community.secop.gov.co/Public/Tendering/OpportunityDetail/Index?noticeUID=CO1.NTC.10996215,"CONSTRUCCIÓN DE LA NUEVA PLANTA FISICA DEL CENTRO DE SALUD DEL CORREGIMIENTO DE ROZO EN EL MUNICIPIO DE PALMIRA, VALLE DEL CAUCA"
CO1.REQ.10846170,IP-003-2026,80,Licitación Abierta (En Ofertas),Oportunidad de Alianza / Cotización,"Construcción & Obra Civil General, Agua Potable & Saneamiento",alcantarillado,"$12,131,894,567 COP",ADMINISTRACION PUBLICA COOPERATIVA SERVIR,Guaviare,El Retorno,Contratación régimen especial,No Definido,No Definido,Compartir la oportunidad con clientes aliados para que presenten oferta incluyendo nuestros suministros.,https://community.secop.gov.co/Public/Tendering/OpportunityDetail/Index?noticeUID=CO1.NTC.10700794,No definido
CO1.REQ.11131647,MS0004-26,80,Licitación Abierta (En Ofertas),Oportunidad de Alianza / Cotización,Construcción & Obra Civil General,,"$11,495,327,102 COP",ESE HOSPITAL DEPARTAMENTAL SAN ANTONIO DE PADUA,Huila,La Plata,Contratación régimen especial (con ofertas),No Definido,No Definido,Compartir la oportunidad con clientes aliados para que presenten oferta incluyendo nuestros suministros.,https://community.secop.gov.co/Public/Tendering/OpportunityDetail/Index?noticeUID=CO1.NTC.11028834,MS0004-26
CO1.REQ.9039867,1.350-12.13-0435.2025,80,Borrador de Pliegos,Oportunidad Pre-Licitación,"Construcción & Obra Civil General, Acero & Metalmecánica",estructuras metálicas,"$10,860,528,438 COP",DEPARTAMENTO DEL VALLE DEL CAUCA - SECRETARIA DE TURISMO,Valle del Cauca,Cali,Licitación pública Obra Publica,No Definido,No Definido,Notificar a clientes contratistas para que soliciten observaciones o preparen propuesta de consorcio.,https://community.secop.gov.co/STS/Users/Login/Index,"OBRA PÚBLICA PARA LA CONSTRUCCIÓN DEL BIOPARQUE  PUERTA DE ALCALÁ  EN EL MUNICIPIO DE ALCALÁ - VALLE DEL CAUCA, QUE INCLUYE OBRAS DE URBANISMO, PAISAJISMO, ESTRUCTURAS METÁLICAS, SENDEROS, PLAZOLETAS, RAMPAS, TERRAZAS MIRADOR Y JARDINES TEMÁTICOS, EN"
CO1.REQ.11159138,OBR-SCC-014-2026,80,Licitación Abierta (En Ofertas),Oportunidad de Alianza / Cotización,Construcción & Obra Civil General,,"$10,000,000,000 COP",EMPRESA NACIONAL ESTATAL DE DESARROLLO TERRITORIAL S.A.S.,Santander,Bucaramanga,Contratación régimen especial,Constructora Integral,829002757,Compartir la oportunidad con clientes aliados para que presenten oferta incluyendo nuestros suministros.,https://community.secop.gov.co/Public/Tendering/OpportunityDetail/Index?noticeUID=CO1.NTC.11013361,"MEJORAMIENTO Y CONSTRUCCIÓN DE LA VÍA A EL CARMEN DE TONCHALA DESDE EL ANILLO VIAL OCCIDENTAL SECTOR LAS DELICIAS, HIBISCOS HASTA LA CALLE  35 DEL SECTOR  BELÉN  EN  LA  CIUDAD  DE  SAN  JOSÉ  DE  CÚCUTA DE LA VÍA BELÉN - LAS DELICIAS"
CO1.REQ.10832178,AHSAOB02-026,80,Adjudicado (Contrato firmado),Lead B2B de Venta Directa,"Construcción & Obra Civil General, Agua Potable & Saneamiento","planta de tratamiento, aguas residuales, tratamiento de aguas","$9,973,467,127 COP",SOCIEDAD DE ACUEDUCTOS ALCANTARILLADOS Y ASEO AGUAS DEL HUILA SA ESP,Huila,Neiva,Contratación régimen especial,CONSORCIO PTAR HUILA,902037700,Contactar al contratista ganador/consorcio para ofrecer suministro y cotización inmediata.,https://community.secop.gov.co/Public/Tendering/OpportunityDetail/Index?noticeUID=CO1.NTC.10686194,"CONSTRUCCIÓN DE LA PLANTA DE TRATAMIENTO DE AGUAS RESIDUALES DEL MUNICIPIO DE EL PITAL, HUILA"
CO1.REQ.10530519,CONTRATO 106 DE 2026,80,Adjudicado (Contrato firmado),Lead B2B de Venta Directa,"Construcción & Obra Civil General, Agua Potable & Saneamiento","planta de tratamiento, aguas residuales, tratamiento de aguas","$9,973,467,127 COP",SOCIEDAD DE ACUEDUCTOS ALCANTARILLADOS Y ASEO AGUAS DEL HUILA SA ESP,Huila,Neiva,Contratación régimen especial,CONSORCIO PTAR HUILA,902037700,Contactar al contratista ganador/consorcio para ofrecer suministro y cotización inmediata.,https://community.secop.gov.co/Public/Tendering/OpportunityDetail/Index?noticeUID=CO1.NTC.10386516,CONSTRUCCION DE LA PLANTA DE TRATAMIENTO DE AGUAS RESIDUALES DEL MUNICIPIO DE EL PITAL -HUILA
CO1.REQ.11169035,EAAB-ICSM-1078-2026,80,Licitación Abierta (En Ofertas),Oportunidad de Alianza / Cotización,Construcción & Obra Civil General,,"$9,590,375,570 COP",EMPRESA DE ACUEDUCTO Y ALCANTARILLADO DE BOGOTÁ - E.S.P.,No Definido,No Definido,Contratación régimen especial,No Definido,No Definido,Compartir la oportunidad con clientes aliados para que presenten oferta incluyendo nuestros suministros.,https://community.secop.gov.co/Public/Tendering/OpportunityDetail/Index?noticeUID=CO1.NTC.11023625,CONSTRUCCIÓN DE LA LÍNEA DE REFUERZO AVENIDA CUNDINAMARCA.
CO1.REQ.11129397,SDHT-LP-003-2026 (Fase de Selección (Presentación de ofertas)),80,Licitación Abierta (En Ofertas),Oportunidad de Alianza / Cotización,Construcción & Obra Civil General,,"$9,562,434,207 COP",SECRETARIA DISTRITAL DEL HABITAT-,Distrito Capital de Bogotá,No Definido,Licitación pública Obra Publica,No Definido,No Definido,Compartir la oportunidad con clientes aliados para que presenten oferta incluyendo nuestros suministros.,https://community.secop.gov.co/Public/Tendering/OpportunityDetail/Index?noticeUID=CO1.NTC.10990503,"REALIZAR EL DIAGNÓSTICO, ACTUALIZACIÓN DE ESTUDIOS, DISEÑOS Y CULMINACIÓN DE LAS OBRAS DE ESPACIO PÚBLICO PARA EL MEJORAMIENTO INTEGRAL DE LOS BARRIOS LOS ALPES Y CARACOLÍ, QUE HACE PARTE DEL TERRITORIO PRIORIZADO POR LA SECRETARÍA DISTRITAL DEL HÁBI"
CO1.REQ.10391024,LP-002-2026,80,Adjudicado (Contrato firmado),Lead B2B de Venta Directa,Alimentación Escolar (PAE),"pae, alimentación escolar, complemento alimentario","$9,266,816,762 COP",MUNICIPIO DE CIENAGA,Magdalena,Ciénaga,Licitación pública,UNION TEMPORAL CÉNIT,No Definido,Contactar al contratista ganador/consorcio para ofrecer suministro y cotización inmediata.,https://community.secop.gov.co/Public/Tendering/OpportunityDetail/Index?noticeUID=CO1.NTC.10248728,SUMINISTRO DE UN COMPLEMENTO ALIMENTARIO PARA LOS ESTUDIANTES DE LOS ESTABLECIMIENTOS EDUCATIVOS PRIORIZADOS EN EL PROGRAMA DE ALIMENTACIÓN ESCOLAR DEL MUNICIPIO DE CIÉNAGA
CO1.REQ.11066961,OP017-2026,80,Adjudicado (Contrato firmado),Lead B2B de Venta Directa,"Construcción & Obra Civil General, Energía Solar & Alumbrado Público","alumbrado público, fotovoltaico","$8,814,281,333 COP",ASOCIACIÓN DE MUNICIPIOS DEL NORTE ANTIOQUEÑO- AMUNORTE,Antioquia,Medellín,Contratación directa,CORPORACION AFROPROGRESO DIEGO LUIS CORDOBA,811046428,Contactar al contratista ganador/consorcio para ofrecer suministro y cotización inmediata.,https://community.secop.gov.co/Public/Tendering/OpportunityDetail/Index?noticeUID=CO1.NTC.10923386,"CONTRATO DE OBRA PARA LA AMPLIACIÓN DEL ALUMBRADO PÚBLICO SOLAR FOTOVOLTAICO MEDIANTE SUMINISTRO, INSTALACIÓN Y MONITOREO EN TRAMOS DE UNIÓN PANAMERICANA, CHOCÓ: 1. VÍA SAN PABLO; 2. EL DOS RASPADURA; 3. RASPADURA-QUIADÓ; 4. SALERO-LA YE; 5. LA YE CA"
CO1.REQ.11169693,LP-016-2026,80,Licitación Abierta (En Ofertas),Oportunidad de Alianza / Cotización,Construcción & Obra Civil General,,"$8,770,290,023 COP",CUNDINAMARCA-ALCALDIA MUNICIPIO MOSQUERA,Cundinamarca,Mosquera,Licitación pública Obra Publica,No Definido,No Definido,Compartir la oportunidad con clientes aliados para que presenten oferta incluyendo nuestros suministros.,https://community.secop.gov.co/Public/Tendering/OpportunityDetail/Index?noticeUID=CO1.NTC.11024453,"CONSTRUCCIÓN DEL ESPACIO PÚBLICO COMPLEMENTARIO, ANDENES, SENDEROS DE LAS ESTACIONES DEL SISTEMA REGIOTRAM EN EL MUNICIPIO DE MOSQUERA, CUNDINAMARCA"
CO1.REQ.10381067,CW383852,80,Licitación Abierta (En Ofertas),Oportunidad de Alianza / Cotización,Construcción & Obra Civil General,,"$8,741,053,406 COP",EMPRESAS PUBLICAS DE MEDELLIN E.S.P.,Antioquia,Medellín,Contratación régimen especial,No Definido,No Definido,Compartir la oportunidad con clientes aliados para que presenten oferta incluyendo nuestros suministros.,https://community.secop.gov.co/Public/Tendering/OpportunityDetail/Index?noticeUID=CO1.NTC.10237834,"R1 - Construcción, expansión, reposición y mantenimiento de sistemas de iluminación de los clientes atendidos por EPM en el distrito de Cartagena"
CO1.REQ.11134470,LP-0010-2026 (Fase de Selección (Presentación de ofertas)),80,Licitación Abierta (En Ofertas),Oportunidad de Alianza / Cotización,Construcción & Obra Civil General,,"$8,728,830,239 COP",MUNICIPIO DE FUNZA - ALCALDÍA DE FUNZA,Cundinamarca,Funza,Licitación pública Obra Publica,No Definido,No Definido,Compartir la oportunidad con clientes aliados para que presenten oferta incluyendo nuestros suministros.,https://community.secop.gov.co/Public/Tendering/OpportunityDetail/Index?noticeUID=CO1.NTC.10989669,"REALIZAR LOS MEJORAMIENTOS, ADECUACIONES, REHABILITACIONES Y CONSTRUCCIÓN DE VIVIENDAS EN SITIO PROPIO PARA FAMILIAS QUE PRESENTAN DÉFICIT HABITACIONAL DETERMINADAS POR EL MUNICIPIO DE FUNZA DEPARTAMENTO DE CUNDINAMARCA"
CO1.REQ.9110344,00009-2025,80,Borrador de Pliegos,Oportunidad Pre-Licitación,"Construcción & Obra Civil General, Agua Potable & Saneamiento","obras complementarias, alcantarillado, pavimentacion","$8,545,073,975 COP",MUNICIPIO DE SOACHA..,Cundinamarca,Soacha,Licitación pública Obra Publica,No Definido,No Definido,Notificar a clientes contratistas para que soliciten observaciones o preparen propuesta de consorcio.,https://community.secop.gov.co/STS/Users/Login/Index,"MEJORAMIENTO, REHABILITACION Y PAVIMENTACION DE VIAS URBANAS EN LAS COMUNAS 1, 2 Y 5 INCLUYE OBRAS COMPLEMENTARIAS DE ALCANTARILLADO SANITARIO Y PLUVIAL DEL MUNICIPIO DE SOACHA CUNDINAMARCA"
CO1.REQ.11154206,MS-LP-008-2026,80,Licitación Abierta (En Ofertas),Oportunidad de Alianza / Cotización,"Construcción & Obra Civil General, Energía Solar & Alumbrado Público",eficiencia energética,"$8,464,057,726 COP",MUNICIPIO DE SAMACA,Boyacá,Samacá,Licitación pública Obra Publica,No Definido,No Definido,Compartir la oportunidad con clientes aliados para que presenten oferta incluyendo nuestros suministros.,https://community.secop.gov.co/Public/Tendering/OpportunityDetail/Index?noticeUID=CO1.NTC.11008837,CONSTRUCCIÓN DE PROYECTOS DE EFICIENCIA ENERGÉTICA EN EL MUNICIPIO SAMACÁ BOYACÁ.
CO1.REQ.11129782,LP-006-2026 (Fase de Selección (Presentación de ofertas)),80,Licitación Abierta (En Ofertas),Oportunidad de Alianza / Cotización,Construcción & Obra Civil General,,"$8,325,653,695 COP",MUNICIPIO DE AGUSTIN CODAZZI,Cesar,Agustín Codazzi,Licitación pública Obra Publica,No Definido,No Definido,Compartir la oportunidad con clientes aliados para que presenten oferta incluyendo nuestros suministros.,https://community.secop.gov.co/Public/Tendering/OpportunityDetail/Index?noticeUID=CO1.NTC.10986417,"CONSTRUCCIÓN Y MEJORAMIENTO DE INSTITUCIONES EDUCATIVAS DEL MUNICIPIO DE AGUSTÍN CODAZZI, DEPARTAMENTO DEL CESAR"
CO1.REQ.11150099,MSIL-LP-001-2026 (Fase de Selección (Presentación de ofertas)),80,Licitación Abierta (En Ofertas),Oportunidad de Alianza / Cotización,"Construcción & Obra Civil General, Acero & Metalmecánica",puente vehicular,"$8,286,189,525 COP",MUNICIPIO DE SILVANIA,Cundinamarca,Silvania,Licitación pública Obra Publica,No Definido,No Definido,Compartir la oportunidad con clientes aliados para que presenten oferta incluyendo nuestros suministros.,https://community.secop.gov.co/Public/Tendering/OpportunityDetail/Index?noticeUID=CO1.NTC.11004957,"CONSTRUCCIÓN DEL PUENTE VEHICULAR Y PEATONAL DENOMINADO EL PUENTE DE LA MIEL UBICADO ENTRE LA CALLE 9 CON CARRERA 10 DEL MUNICIPIO DE SILVANIA 
DEPARTAMENTO DE CUNDINAMARCA, SEGÚN CONVENIO ICCU 902 DE 2025."
CO1.REQ.11157563,TMSA-LP-13-2026,80,Licitación Abierta (En Ofertas),Oportunidad de Alianza / Cotización,"Construcción & Obra Civil General, Interventoría & Consultoría",estudios y diseños,"$7,998,330,714 COP",TRANSMILENIO S.A.,Distrito Capital de Bogotá,Bogotá,Licitación pública Obra Publica,No Definido,No Definido,Compartir la oportunidad con clientes aliados para que presenten oferta incluyendo nuestros suministros.,https://community.secop.gov.co/Public/Tendering/OpportunityDetail/Index?noticeUID=CO1.NTC.11014793,"DCMC65 Ejecutar las obras y actividades necesarias para la construcción, suministro, instalación, puesta en funcionamiento y entrega a satisfacción de la red contra incendios, el sistema de detección y alarma de incendios, y demás elementos requerido"
CO1.REQ.11141711,ICCU-LP-050-2026 (Fase de Selección (Presentación de ofertas)),80,Licitación Abierta (En Ofertas),Oportunidad de Alianza / Cotización,Construcción & Obra Civil General,,"$7,573,099,822 COP",INSTITUTO DE CAMINOS Y CONSTRUCCIONES DE CUNDINAMARCA - ICCU,Distrito Capital de Bogotá,Bogotá,Licitación pública Obra Publica,No Definido,No Definido,Compartir la oportunidad con clientes aliados para que presenten oferta incluyendo nuestros suministros.,https://community.secop.gov.co/Public/Tendering/OpportunityDetail/Index?noticeUID=CO1.NTC.10996928,"MEJORAMIENTO Y REHABILITACIÓN DE LA VÍA QUE CONDUCE DEL CASCO URBANO DE GAMA AL SECTOR EL RAMAL DEL MUNICIPIO DE JUNÍN, DEPARTAMENTO DE CUNDINAMARCA"
CO1.REQ.7226674,COVPUB-02-2024,80,Borrador de Pliegos,Oportunidad Pre-Licitación,"Construcción & Obra Civil General, Agua Potable & Saneamiento",acueducto,"$7,567,938,404 COP",EMPRESAS PUBLICAS DEL MUNICIPIO DE SABANA DE TORRES,Santander,Sabana De Torres,Contratación régimen especial,No Definido,No Definido,Notificar a clientes contratistas para que soliciten observaciones o preparen propuesta de consorcio.,https://community.secop.gov.co/STS/Users/Login/Index,No definido
CO1.REQ.11159030,INVITACIÓN PUBLICA A PRESENTAR OFERTA 003 DE 2026,80,Licitación Abierta (En Ofertas),Oportunidad de Alianza / Cotización,Construcción & Obra Civil General,,"$7,513,410,338 COP",ASO-CIT,Cesar,Valledupar,Contratación régimen especial (con ofertas),No Definido,No Definido,Compartir la oportunidad con clientes aliados para que presenten oferta incluyendo nuestros suministros.,https://community.secop.gov.co/Public/Tendering/OpportunityDetail/Index?noticeUID=CO1.NTC.11013176,No definido
CO1.REQ.8459037,PN DILOF SA MC 231 2025,80,Borrador de Pliegos,Oportunidad Pre-Licitación,Construcción & Obra Civil General,,"$7,476,635,514 COP",DILOF,Distrito Capital de Bogotá,Bogotá,Selección Abreviada de Menor Cuantía,No Definido,No Definido,Notificar a clientes contratistas para que soliciten observaciones o preparen propuesta de consorcio.,https://community.secop.gov.co/STS/Users/Login/Index,"TERMINACIÓN A LA CONSTRUCCIÓN Y DOTACIÓN EDIFICIO ATENCIÓN AL CIUDADANO E INFRAESTRUCTURA DE SERVICIOS DE LA PRIMERA FASE 1-B DEL COMANDO DE POLICÍA METROPOLITANA DE NEIVA Y DEPARTAMENTO DE POLICÍA HUILA, A PRECIOS UNITARIOS FIJOS SIN FÓRMULA DE REAJ"
CO1.REQ.10802717,LP-SAPSB-03105-2026 (Fase de Selección (Presentación de ofertas)),80,Proceso Activo (Abierto),Monitoreo Comercial,"Construcción & Obra Civil General, Agua Potable & Saneamiento",acueducto,"$6,980,973,988 COP",Gobernación Norte de Santander*,Norte de Santander,Cúcuta,Licitación pública Obra Publica,No Definido,No Definido,Hacer seguimiento al cierre de ofertas o adjudicación.,https://community.secop.gov.co/Public/Tendering/OpportunityDetail/Index?noticeUID=CO1.NTC.10655984,OPTIMIZACIÓN ACUEDUCTO URBANO MUNICIPIO DE SILOS DEPARTAMENTO NORTE DE SANTANDER
CO1.REQ.10935946,DJC-CD-08.03.02-386-2026,80,Adjudicado (Contrato firmado),Lead B2B de Venta Directa,Tecnología & Equipos de Cómputo,"equipos de cómputo, equipos de computo","$6,976,838,150 COP",UNIAJC,Valle del Cauca,Cali,Contratación directa,TECH TRANSIT S.A.S.,901409317,Contactar al contratista ganador/consorcio para ofrecer suministro y cotización inmediata.,https://community.secop.gov.co/Public/Tendering/OpportunityDetail/Index?noticeUID=CO1.NTC.10790933,"Adquisición de equipos de cómputo de escritorio y portátiles, estaciones de trabajo de alto rendimiento, tabletas y monitores, para recuperar la capacidad tecnológica institucional comprometida por los efectos del sismo del 10 de agosto de 2026 y ase"
CO1.REQ.10844753,OBR-SCC-VUP-008-2026,80,Licitación Abierta (En Ofertas),Oportunidad de Alianza / Cotización,"Construcción & Obra Civil General, Energía Solar & Alumbrado Público",,"$6,857,960,182 COP","FONCOLOMBIA, FONDO MIXTO PARA EL DESARROLLO INTEGRAL Y LA GESTION SOCIAL DE COLOMBIA",Santander,Bucaramanga,Contratación régimen especial,No Definido,No Definido,Compartir la oportunidad con clientes aliados para que presenten oferta incluyendo nuestros suministros.,https://community.secop.gov.co/Public/Tendering/OpportunityDetail/Index?noticeUID=CO1.NTC.10699336,CONSTRUCCIÓN DE SOLUCIONES FOTOVOLTAICAS PARA LA GENERACIÓN DE ENERGÍA ELÉCTRICA EN VIVIENDAS RURALES DISPERSAS DEL MUNICIPIO DE HATONUEVO LA GUAJIRA
CO1.REQ.2538855,CD-1502-2021,80,Borrador de Pliegos,Oportunidad Pre-Licitación,Tecnología & Equipos de Cómputo,"software, licenciamiento","$6,849,232,600 COP",DEFENSORÍA DEL PUEBLO,Distrito Capital de Bogotá,Bogotá,Contratación directa,No Definido,No Definido,Notificar a clientes contratistas para que soliciten observaciones o preparen propuesta de consorcio.,https://community.secop.gov.co/STS/Users/Login/Index,"Renovación del licenciamiento Office 365, adquisición de licenciamiento de una herramienta para desarrollo de software y sistema de escritorios virtuales de trabajo para tres años, de acuerdo a las especificaciones técnicas."
CO1.REQ.9771684,CONVOCATORIA PÚBLICA 330.20.5.21-2026,80,Proceso Activo (Aprobado),Monitoreo Comercial,Energía Solar & Alumbrado Público,alumbrado público,"$6,800,000,000 COP",Secretaría de Hábitat e Infraestructura - Alcaldía de Tuluá,Valle del Cauca,Tuluá,Mínima cuantía,No Definido,No Definido,Hacer seguimiento al cierre de ofertas o adjudicación.,https://community.secop.gov.co/STS/Users/Login/Index,CONVOCATORIA PUBLICA PARA EL SUMINISTRO DE ENERGÍA ELÉCTRICA PARA EL SISTEMA DE ALUMBRADO PÚBLICO EN LA ZONA URBANA Y RURAL DEL MUNICIPIO DE TULUÁ DEPARTAMENTO DEL VALLE DEL CAUCA
CO1.REQ.11112245,LP-0012-2026 (Fase de Selección (Presentación de ofertas)),80,Licitación Abierta (En Ofertas),Oportunidad de Alianza / Cotización,Construcción & Obra Civil General,,"$6,554,316,726 COP",DEPARTAMENTO DEL ATLANTICO**,Atlántico,Barranquilla,Licitación pública Obra Publica,No Definido,No Definido,Compartir la oportunidad con clientes aliados para que presenten oferta incluyendo nuestros suministros.,https://community.secop.gov.co/Public/Tendering/OpportunityDetail/Index?noticeUID=CO1.NTC.10971007,"EJECUTAR OBRAS DE MITIGACIÓN PARA LA REDUCCIÓN DEL RIESGO DE DESASTRES, MEDIANTE LA RECUPERACIÓN AMBIENTAL Y FUNCIONAL DE RONDAS HÍDRICAS, CAUCES NATURALES Y ELEMENTOS DEL DRENAJE SUPERFICIAL, A TRAVÉS DE ACTIVIDADES DE LIMPIEZA, RETIRO DE SEDIMENTOS"
CO1.REQ.10827691,LP-BYC-CGAFE-001-2026 (Fase de Selección (Presentación de ofertas)),80,Proceso Activo (Abierto),Monitoreo Comercial,Construcción & Obra Civil General,,"$6,542,034,794 COP",SENA REGIONAL BOYACA Grupo Administrativo CGAFE,Boyacá,Tunja,Licitación pública Obra Publica,No Definido,No Definido,Hacer seguimiento al cierre de ofertas o adjudicación.,https://community.secop.gov.co/Public/Tendering/OpportunityDetail/Index?noticeUID=CO1.NTC.10682936,"CONSTRUCCIÓN DEL CENTRO ESPECIALIZADO EN HOTELERÍA, TURISMO Y GASTRONOMÍA DEL SENA EN EL MUNICIPIO DE VILLA DE LEYVA, BOYACÁ"
CO1.REQ.11165961,CP-PR-2026-299,80,Licitación Abierta (En Ofertas),Oportunidad de Alianza / Cotización,Construcción & Obra Civil General,,"$6,390,881,029 COP",ALIANZA PUBLICA PARA EL DESARROLLO INTEGRAL - COMPRADOR,Distrito Capital de Bogotá,Bogotá,Contratación régimen especial,CONSORCIO PAVIMENTOS SAN ALBERTO 2026,9021083041,Compartir la oportunidad con clientes aliados para que presenten oferta incluyendo nuestros suministros.,https://community.secop.gov.co/Public/Tendering/OpportunityDetail/Index?noticeUID=CO1.NTC.11021737,EL CONTRATISTA se obliga con ALDESARROLLO a ejecutar todas las actividades administrativas y técnicas necesarias para la correcta realización del proyecto denominado CONSTRUCCION DE PAVIMENTO EN CONCRETO RIGIDO EN DIFERENTES ZONAS DEL CASCO URBANO DE
CO1.REQ.11149056,CM2-010-2026,80,Licitación Abierta (En Ofertas),Oportunidad de Alianza / Cotización,Interventoría & Consultoría,,"$6,194,842,863 COP",CORPORACION AUTONOMA REGIONAL DE SANTANDER+,Santander,San Gil,Concurso de méritos abierto,No Definido,No Definido,Compartir la oportunidad con clientes aliados para que presenten oferta incluyendo nuestros suministros.,https://community.secop.gov.co/Public/Tendering/OpportunityDetail/Index?noticeUID=CO1.NTC.11004195,"FORMULAR EL PLAN DE ORDENACION Y MANEJO DE LA CUENCA HIDROGRAFICA POMCA DEL RIO BAJO CHICAMOCHA  NSS CÓDIGO 2403-03, EN JURISDICCION DE LOS DEPARTAMENTOS DE BOYACA Y SANTANDER, DE CONFORMIDAD CON LOS LINEAMIENTOS TECNICOS, METODOLOGICOS Y NORMATIVOS "
CO1.REQ.11110215,LP010-2026,80,Licitación Abierta (En Ofertas),Oportunidad de Alianza / Cotización,Construcción & Obra Civil General,,"$6,051,133,000 COP",MUNICIPIO DE PUERTO COLOMBIA,Atlántico,No Definido,Licitación pública Obra Publica,No Definido,No Definido,Compartir la oportunidad con clientes aliados para que presenten oferta incluyendo nuestros suministros.,https://community.secop.gov.co/Public/Tendering/OpportunityDetail/Index?noticeUID=CO1.NTC.11003633,"MEJORAMIENTO, ADECUACIÓN Y REMODELACIÓN DE PARQUES Y ESPACIO PÚBLICO EN LAS ZONAS URBANAS DEL MUNICIPIO DE PUERTO COLOMBIA, DEPARTAMENTO DEL ATLÁNTICO."
CO1.REQ.11119578,SI-SI-LP-009-2026 (Fase de Selección (Presentación de ofertas)),80,Licitación Abierta (En Ofertas),Oportunidad de Alianza / Cotización,"Construcción & Obra Civil General, Dotación, Uniformes & Mobiliario",mobiliario,"$5,985,173,418 COP",MUNICIPIO DE BUCARAMANGA,Santander,Bucaramanga,Licitación pública Obra Publica,No Definido,No Definido,Compartir la oportunidad con clientes aliados para que presenten oferta incluyendo nuestros suministros.,https://community.secop.gov.co/Public/Tendering/OpportunityDetail/Index?noticeUID=CO1.NTC.11014873,"IMPLEMENTACIÓN DE LA ESTRATEGIA DE REVERDECIMIENTO INTEGRAL, RECUPERACIÓN E INSTAURACIÓN DE COMPONENTES VERDES, MOBILIARIO E INFRAESTRUCTURA DE ESPACIO PÚBLICO, PARA MEJORAMIENTO DEL ENTORNO PÚBLICO Y LA SEGURIDAD EN SECTORES DE LAS COMUNAS 9 Y 10 EN"
CO1.REQ.11174692,70007905 (Fase de Selección (Presentación de ofertas)),80,Licitación Abierta (En Ofertas),Oportunidad de Alianza / Cotización,Construcción & Obra Civil General,,"$5,805,667,963 COP",DISTRITO ESPECIAL DE CIENCIA TECNOLOGIA E INNOVACION DE MEDELLIN,Antioquia,Medellín,Licitación pública Obra Publica,No Definido,No Definido,Compartir la oportunidad con clientes aliados para que presenten oferta incluyendo nuestros suministros.,https://community.secop.gov.co/Public/Tendering/OpportunityDetail/Index?noticeUID=CO1.NTC.11031029,Obras de construcción y mejoramiento de espacios públicos en el centro de Medellín
CO1.REQ.10885550,SASI-CMC-DIR-0128-2026 (Presentación de oferta),80,Proceso Activo (Evaluación),Monitoreo Comercial,Tecnología & Equipos de Cómputo,equipos de cómputo,"$5,673,293,094 COP",SENA REGIONAL CUNDINAMARCA Grupo de Apoyo Administrativo Mixto+,Distrito Capital de Bogotá,Bogotá,Selección abreviada subasta inversa,No Definido,No Definido,Hacer seguimiento al cierre de ofertas o adjudicación.,https://community.secop.gov.co/Public/Tendering/OpportunityDetail/Index?noticeUID=CO1.NTC.10741590,Adquisición de equipos de cómputo y audiovisuales para los centros de formación de la regional Cundinamarca y para la prestación de servicios de la agencia pública de empleo y población víctima del SENA.
CO1.REQ.10564248,PB-CD-2026-0013,80,Adjudicado (Contrato firmado),Lead B2B de Venta Directa,Tecnología & Equipos de Cómputo,"software, licenciamiento","$5,297,177,900 COP",PERSONERÍA DE BOGOTA,Distrito Capital de Bogotá,No Definido,Contratación directa,Corporación Colombia Digital,830101214,Contactar al contratista ganador/consorcio para ofrecer suministro y cotización inmediata.,https://community.secop.gov.co/Public/Tendering/OpportunityDetail/Index?noticeUID=CO1.NTC.10421109,"CONTRATAR EL LICENCIAMIENTO DE SOFTWARE A PERPETUIDAD, JUNTO CON LOS SERVICIOS ESPECIALIZADOS DE IMPLEMENTACIÓN, ADAPTACIÓN, PARAMETRIZACIÓN, INTEGRACIÓN E INTEROPERABILIDAD CON SISTEMAS INSTITUCIONALES, MIGRACIÓN DE INFORMACIÓN, PUESTA EN PRODUCCIÓN"
CO1.REQ.10834486,ED-CM-26-01 (Presentación de oferta),80,Adjudicado (Contrato firmado),Lead B2B de Venta Directa,Interventoría & Consultoría,interventoría administrativa,"$5,267,688,886 COP",DEPARTAMENTO DE SANTANDER,Santander,Bucaramanga,Concurso de méritos abierto,CONSORCIO AS SANTANDER 2027,No Definido,Contactar al contratista ganador/consorcio para ofrecer suministro y cotización inmediata.,https://community.secop.gov.co/Public/Tendering/OpportunityDetail/Index?noticeUID=CO1.NTC.10706396,"INTERVENTORÍA ADMINISTRATIVA, TÉCNICA, FINANCIERA, SOCIAL Y JURÍDICA, AL SUMINISTRO DE COMPLEMENTOS ALIMENTARIOS A ESTUDIANTES BENEFICIARIOS DEL PROGRAMA DE ALIMENTACIÓN ESCOLAR - PAE DE LAS INSTITUCIONES EDUCATIVAS OFICIALES DE LOS 82 MUNICIPIOS NO "
CO1.REQ.10662093,006-IA-2026,80,Licitación Abierta (En Ofertas),Oportunidad de Alianza / Cotización,"Construcción & Obra Civil General, Agua Potable & Saneamiento",alcantarillado,"$5,099,257,554 COP",EMPRESA DE DESARROLLO URBANO Y RURAL DEL MUNICIPIO DE BELLO,Antioquia,Bello,Contratación régimen especial,No Definido,No Definido,Compartir la oportunidad con clientes aliados para que presenten oferta incluyendo nuestros suministros.,https://community.secop.gov.co/Public/Tendering/OpportunityDetail/Index?noticeUID=CO1.NTC.10516478,"CONSTRUCCIÓN DE REDES DE ALCANTARILLADO EN
EL SECTOR LOS NARANJOS, EN LA ZONA URBANA DEL
MUNICIPIO DE PUERTO BERRIO - BPIN 2026055790001"
CO1.REQ.10588821,140-13.06-0235-2026,80,Licitación Abierta (En Ofertas),Oportunidad de Alianza / Cotización,Construcción & Obra Civil General,,"$4,996,462,380 COP",GESTION ENERGETICA S.A ESP,Caldas,Manizales,Contratación régimen especial,No Definido,No Definido,Compartir la oportunidad con clientes aliados para que presenten oferta incluyendo nuestros suministros.,https://community.secop.gov.co/Public/Tendering/OpportunityDetail/Index?noticeUID=CO1.NTC.10443528,INSTALACION DE SOLUCIONES INDIVIDUALES FOTOVOLTAICAS PARA LA GENERACION DE ENERGIA ELECTRICA EN ZONA RURAL DISPERSA DEL MUNICIPIO DE INZA EN ELDEPARTAMENTO DE CAUCA.
CO1.REQ.11115290,LP-002-2026,80,Licitación Abierta (En Ofertas),Oportunidad de Alianza / Cotización,Construcción & Obra Civil General,,"$4,573,053,734 COP",ALCALDIA MUNICIPIO DE CUMARAL META,Meta,Cumaral,Licitación pública Obra Publica,No Definido,No Definido,Compartir la oportunidad con clientes aliados para que presenten oferta incluyendo nuestros suministros.,https://community.secop.gov.co/Public/Tendering/OpportunityDetail/Index?noticeUID=CO1.NTC.10971888,"CONSTRUCCIÓN DEL CENTRO VIDA DE ADULTO MAYOR EN EL ÁREA URBANA DEL MUNICIPIO DE CUMARAL, DEPARTAMENTO DEL META"
CO1.REQ.11157007,LP-014-2026,80,Licitación Abierta (En Ofertas),Oportunidad de Alianza / Cotización,Construcción & Obra Civil General,,"$4,533,758,746 COP",ALCALDIA MUNICIPAL DE GUADUAS,Cundinamarca,Guaduas,Licitación pública Obra Publica,No Definido,No Definido,Compartir la oportunidad con clientes aliados para que presenten oferta incluyendo nuestros suministros.,https://community.secop.gov.co/Public/Tendering/OpportunityDetail/Index?noticeUID=CO1.NTC.11014668,"CONTRATO DE OBRA PARA LA CONSTRUCCIÓN Y MEJORAMIENTO DE LA RED VIAL URBANA DEL MUNICIPIO DE GUADUAS, CUNDINAMARC"
CO1.REQ.10631846,CM-001-2026  (Presentación de oferta),80,Adjudicado (Contrato firmado),Lead B2B de Venta Directa,Interventoría & Consultoría,interventoría técnica,"$4,512,719,114 COP",AAPSA ESP**,Cauca,Popayán,Concurso de méritos abierto,CONSORCIO RIO PALACE 2026,9020952844,Contactar al contratista ganador/consorcio para ofrecer suministro y cotización inmediata.,https://community.secop.gov.co/Public/Tendering/OpportunityDetail/Index?noticeUID=CO1.NTC.10488282,"REALIZAR LA INTERVENTORÍA TÉCNICA, ADMINISTRATIVA, FINANCIERA, SOCIAL Y AMBIENTAL DEL CONTRATO DE OBRA CUYO OBJETO ES:  REALIZAR LA CONSTRUCCIÓN ETAPA II LÍNEA DE CONDUCCIÓN RÍO PALACE Y PLANTA DE TRATAMIENTO DE AGUA POTABLE PALACE, MUNICIPIO DE POPA"
CO1.REQ.11034863,FGN-NC-CD-0345-2026,80,Adjudicado (Contrato firmado),Lead B2B de Venta Directa,Tecnología & Equipos de Cómputo,"software, licencias de software","$4,333,025,620 COP",FISCALÍA GENERAL DE LA NACIÓN NIVEL CENTRAL.,Distrito Capital de Bogotá,Bogotá,Contratación directa,SF INTERNATIONAL SAS,800225235,Contactar al contratista ganador/consorcio para ofrecer suministro y cotización inmediata.,https://community.secop.gov.co/Public/Tendering/OpportunityDetail/Index?noticeUID=CO1.NTC.10889025,ACTUALIZACIÓN DE LAS LICENCIAS DE SOFTWARE ESPECIALIZADO i2 ANALYSTS NOTEBOOK CONCURRENT USER SW SUBSCRIPTION & SUPPORT REINSTATEMENT PARA EL ANÁLISIS Y CORRELACIÓN DE INFORMACIÓN DE LA DIRECCIÓN DEL CUERPO TÉCNICO DE INVESTIGACIÓN - DCTI - SAC NIVEL
CO1.REQ.11133704,CO-026-2026,80,Licitación Abierta (En Ofertas),Oportunidad de Alianza / Cotización,Construcción & Obra Civil General,,"$3,903,026,060 COP",EMPRESA DE DESARROLLO URBANO DE ANDES - EDUAN,Antioquia,Andes,Contratación régimen especial,PALMA CONSTRUYE S.A.S,No Definido,Compartir la oportunidad con clientes aliados para que presenten oferta incluyendo nuestros suministros.,https://community.secop.gov.co/Public/Tendering/OpportunityDetail/Index?noticeUID=CO1.NTC.10988305,"CONSTRUCCION DE PAVIMENTO EN CONCRETO RIGIDO EN LOS BARRIOS KENEDY, LOMA FRESCA Y CENTRO EN LA ZONA URBANA DEL MUNICIPIO DE CAUCASIA DEPARTAMENTO DE ANTIOQUIA, Identificado con ID 1783276"
CO1.REQ.11113334,LP-SV-03249-2026  (Fase de Selección (Presentación de ofertas)),80,Proceso Activo (Evaluación),Monitoreo Comercial,Construcción & Obra Civil General,pavimento rigido,"$3,805,184,306 COP",Gobernación Norte de Santander*,Norte de Santander,Cúcuta,Licitación pública Obra Publica,No Definido,No Definido,Hacer seguimiento al cierre de ofertas o adjudicación.,https://community.secop.gov.co/Public/Tendering/OpportunityDetail/Index?noticeUID=CO1.NTC.10969626,"MEJORAMIENTO VIAL SECUNDARIO CARMEN DE NAZARETH EN PAVIMENTO RIGIDO HACIA ALTO CHIQUITO, ABSCISAS K0+000 AL K0+500 Y HACIA GRAMALOTE, ABSCISAS K0+000 AL K0+500 , MUNICIPIO DE SALAZAR, DEPARTAMENTO NORTE DE SANTANDER"
CO1.REQ.10988251,IP-006-2026,80,Adjudicado (Contrato firmado),Lead B2B de Venta Directa,"Construcción & Obra Civil General, Agua Potable & Saneamiento",aguas residuales,"$3,772,554,660 COP",EDESAN,Antioquia,San Carlos,Contratación régimen especial,INPROGERCON SAS,901508626,Contactar al contratista ganador/consorcio para ofrecer suministro y cotización inmediata.,https://community.secop.gov.co/Public/Tendering/OpportunityDetail/Index?noticeUID=CO1.NTC.10850034,"DESARROLLAR LAS ACTIVIDADES INHERENTES AL CONTRATO INTERADMINISTRATIVO N° 287-2026, PARA LA CONSTRUCCIÓN Y PUESTA EN FUNCIONAMIENTO DE SISTEMAS SÉPTICOS INDIVIDUALES PARA VIVIENDAS Y CENTROS EDUCATIVOS RURALES DEL MUNICIPIO DE BARBOSA CON EL FIN DE G"
CO1.REQ.11157044,LP-002-2026,80,Licitación Abierta (En Ofertas),Oportunidad de Alianza / Cotización,Construcción & Obra Civil General,,"$3,745,307,168 COP",ALCALDIA DE TABIO,Cundinamarca,Tabio,Licitación pública Obra Publica,No Definido,No Definido,Compartir la oportunidad con clientes aliados para que presenten oferta incluyendo nuestros suministros.,https://community.secop.gov.co/Public/Tendering/OpportunityDetail/Index?noticeUID=CO1.NTC.11013788,"MEJORAMIENTO DE LAS VÍAS URBANAS CARRERA 2 ENTRE CALLE 5 Y DIAGONAL 7, CARRERA 5 ENTRE ESQUINA INICIO CARRÓN Y CALLE 3, DIAGONAL 7 ENTRE SEMÁFORO Y EL COLEGIO SANTA RITA DE CASIA, CARRERA 1A ENTRE DG 7 Y MATALLANA Y CALLE 5 ENTRE CARRERA 1 Y CARRERA "
CO1.REQ.11148517,EDUS-I.P.O.M. > C -027-2026,80,Licitación Abierta (En Ofertas),Oportunidad de Alianza / Cotización,Construcción & Obra Civil General,,"$3,724,964,914 COP",Empresa Distrital de Desarrollo y Renovación Urbano Sostenible de Santa Marta- EDUS,Magdalena,Santa Marta,Contratación régimen especial (con ofertas),No Definido,No Definido,Compartir la oportunidad con clientes aliados para que presenten oferta incluyendo nuestros suministros.,https://community.secop.gov.co/Public/Tendering/OpportunityDetail/Index?noticeUID=CO1.NTC.11014194,REHABILITACIÓN DE POZOS DE AGUAS SUBTERRÁNEAS Y PERFORACIÓN DE NUEVOS PARA EL ASEGURAMIENTO DE LA OFERTA HÍDRICA Y LA MITIGACIÓN DE LOS EFECTOS CRÍTICOS POR EL FENÓMENO FRENTE FRÍO (VIGENCIA 2026-2027) EN EL DISTRITO DE SANTA MARTA.
CO1.REQ.11027504,SASI-STD-0184-2026 (Presentación de oferta),80,Proceso Activo (Evaluación),Monitoreo Comercial,Tecnología & Equipos de Cómputo,equipos de computo,"$3,569,530,331 COP",SENA REGIONAL SANTANDER Grupo de Apoyo Administrativo Mixto,Santander,Bucaramanga,Selección abreviada subasta inversa,No Definido,No Definido,Hacer seguimiento al cierre de ofertas o adjudicación.,https://community.secop.gov.co/Public/Tendering/OpportunityDetail/Index?noticeUID=CO1.NTC.10881100,COMPRA DE EQUIPOS DE COMPUTO TIPO TODO EN UNO (AIO) PARA LOS CENTROS DE FORMACION Y LA DIRECCIÓN REGIONAL SANTANDER DEL SENA
CO1.REQ.11133959,DESur-OC-267-2026,80,Licitación Abierta (En Ofertas),Oportunidad de Alianza / Cotización,Construcción & Obra Civil General,,"$3,543,326,678 COP",EMPRESA DE VIVIENDA Y DESARROLLO URBANO Y RURAL DEL MUNICIPIO DE ENVIGADO,Antioquia,Envigado,Contratación régimen especial,No Definido,No Definido,Compartir la oportunidad con clientes aliados para que presenten oferta incluyendo nuestros suministros.,https://community.secop.gov.co/Public/Tendering/OpportunityDetail/Index?noticeUID=CO1.NTC.10988923,"REALIZAR LA CONSTRUCCIÓN DEL PARQUE FERNANDO GONZÁLEZ EN EL MUNICIPIO DE ENVIGADO, EN CUMPLIMIENTO AL ACTA DE EJECUCIÓN N°16 DEL CONVENIO INTERADMINISTRATIVO ENV-09-09-1420-24."
CO1.REQ.11035520,0214-ARC-CBNL06-2026 (Presentación de oferta),80,Proceso Activo (Abierto),Monitoreo Comercial,Tecnología & Equipos de Cómputo,equipos de computo,"$3,541,806,666 COP",ARMADA NACIONAL BASE NAVAL No. 6 ARC BOGOTA,Distrito Capital de Bogotá,Bogotá,Selección abreviada subasta inversa,No Definido,No Definido,Hacer seguimiento al cierre de ofertas o adjudicación.,https://community.secop.gov.co/Public/Tendering/OpportunityDetail/Index?noticeUID=CO1.NTC.10891154,"ADQUISICION DE EQUIPOS DE COMPUTO TODO EN UNO, PORTATIL Y WORKSTATION PARA LA ARMADA NACIONAL"
CO1.REQ.11145936,SDHT-LP-004-2026,80,Licitación Abierta (En Ofertas),Oportunidad de Alianza / Cotización,"Construcción & Obra Civil General, Interventoría & Consultoría",estudios y diseños,"$3,481,596,367 COP",SECRETARIA DISTRITAL DEL HABITAT-,Distrito Capital de Bogotá,No Definido,Licitación pública Obra Publica,No Definido,No Definido,Compartir la oportunidad con clientes aliados para que presenten oferta incluyendo nuestros suministros.,https://community.secop.gov.co/Public/Tendering/OpportunityDetail/Index?noticeUID=CO1.NTC.11004940,"REALIZAR LA ACTUALIZACIÓN DE ESTUDIOS Y DISEÑOS, Y LA EJECUCIÓN DE LAS OBRAS DE LAS ÁREAS DE INTERVENCIÓN PRIORITARIAS DE CORREDORES Y ESPACIO PÚBLICO URBANO, PARA LA CONECTIVIDAD DE LA LOCALIDAD DE BOSA, EN EL MARCO DE LA IMPLEMENTACIÓN DE LA ESTRAT"
CO1.REQ.7258100,MNSDAMACDOP1744-2024,80,Borrador de Pliegos,Oportunidad Pre-Licitación,"Construcción & Obra Civil General, Agua Potable & Saneamiento","aguas residuales, tratamiento de aguas, alcantarillado","$3,472,283,265 COP",MUNICIPIO DE NEIVA,Huila,Neiva,Contratación directa,No Definido,No Definido,Notificar a clientes contratistas para que soliciten observaciones o preparen propuesta de consorcio.,https://community.secop.gov.co/STS/Users/Login/Index,"OPTIMIZACIÓN DE LA RED DE ALCANTARILLADO SANITARIO Y CONSTRUCCIÓN DEL SISTEMA DE TRATAMIENTO DE AGUAS RESIDUALES, PARA EL CENTRO POBLADO SAN ANTONIO DE ANACONIA, CORREGIMIENTO DE VEGALARGA MUNICIPIO DE NEIVA"
CO1.REQ.11117507,LP-008-2026,80,Licitación Abierta (En Ofertas),Oportunidad de Alianza / Cotización,Construcción & Obra Civil General,,"$3,449,518,408 COP",MUNICIPIO DE EL GUAMO TOLIMA,Tolima,Guamo,Licitación pública Obra Publica,No Definido,No Definido,Compartir la oportunidad con clientes aliados para que presenten oferta incluyendo nuestros suministros.,https://community.secop.gov.co/Public/Tendering/OpportunityDetail/Index?noticeUID=CO1.NTC.10975958,CONSTRUCCIÓN DEL PUENTE QUE COMUNICA LAS VEREDAS CHIPUELO ORIENTE Y LA CHAMBA DEL MUNICIPIO DEL GUAMO TOLIMA CONOCIDO COMO PUENTE INGA
CO1.REQ.10382927,CM005-2026,80,Adjudicado (Contrato firmado),Lead B2B de Venta Directa,Interventoría & Consultoría,interventoría técnica,"$3,384,836,099 COP",GOBERNACION DE NARIÑO,Nariño,Pasto,Concurso de méritos abierto,CONSORCIO UNION ARABIA AMBIENTAL 2026,No Definido,Contactar al contratista ganador/consorcio para ofrecer suministro y cotización inmediata.,https://community.secop.gov.co/Public/Tendering/OpportunityDetail/Index?noticeUID=CO1.NTC.10240021,"INTERVENTORÍA TÉCNICA, ADMINISTRATIVA, FINANCIERA, CONTABLE, AMBIENTAL, JURÍDICA Y SOCIAL AL PROYECTO DENOMINADO  OBRAS DE OPTIMIZACIÓN Y AMPLIACIÓN DEL SISTEMA DE ACUEDUCTO DEL DISTRITO ESPECIAL DE
TUMACO, OPTIMIZACIÓN Y AMPLIACIÓN PLANTA DE TRATAMI"
CO1.REQ.11145873,IFC- LP -001 -2026,80,Licitación Abierta (En Ofertas),Oportunidad de Alianza / Cotización,Construcción & Obra Civil General,,"$3,300,120,745 COP",INSTITUTO FINANCIERO DE CASANARE,Casanare,Yopal,Licitación pública Obra Publica,No Definido,No Definido,Compartir la oportunidad con clientes aliados para que presenten oferta incluyendo nuestros suministros.,https://community.secop.gov.co/Public/Tendering/OpportunityDetail/Index?noticeUID=CO1.NTC.11023688,IMPLEMENTACIÓN DE SISTEMAS DE COSECHA DE AGUA COMO MEDIDA DE COMPENSACIÓN AMBIENTAL Y ADAPTACIÓN AL CAMBIO CLIMATICO EN DEPARTAMENTO DE CASANARE
CO1.REQ.10701224,009099C-26,80,Licitación Abierta (En Ofertas),Oportunidad de Alianza / Cotización,Tecnología & Equipos de Cómputo,,"$3,249,234,263 COP",EMPRESA DE TRANSPORTE MASIVO DEL VALLE DE ABURRA LTDA,Antioquia,Bello,Contratación régimen especial,No Definido,No Definido,Compartir la oportunidad con clientes aliados para que presenten oferta incluyendo nuestros suministros.,https://community.secop.gov.co/Public/Tendering/OpportunityDetail/Index?noticeUID=CO1.NTC.10555686,"Suministro de equipos de microinformática: cómputo, impresión, tablet, accesorios y periféricos."
CO1.REQ.10985893,LP-SIP-014-2026 (Fase de Selección (Presentación de ofertas)),80,Proceso Activo (Evaluación),Monitoreo Comercial,"Construcción & Obra Civil General, Agua Potable & Saneamiento",alcantarillado,"$3,218,952,012 COP",MUNICIPIO DE PLANETA RICA CORDOBA,Córdoba,No Definido,Licitación pública Obra Publica,No Definido,No Definido,Hacer seguimiento al cierre de ofertas o adjudicación.,https://community.secop.gov.co/Public/Tendering/OpportunityDetail/Index?noticeUID=CO1.NTC.10842220,"CONSTRUCCIÓN Y REPOSICIÓN DE REDES DE ALCANTARILLADO ETAPA II EN EL MUNICIPIO DE PLANETA RICA, CÓRDOBA"
CO1.REQ.10902545,CORTOLIMA-LIC-0013-2026 (Fase de Selección (Presentación de ofertas)),80,Proceso Activo (Abierto),Monitoreo Comercial,"Construcción & Obra Civil General, Agua Potable & Saneamiento","aguas residuales, ptar, tratamiento de aguas, alcantarillado","$3,216,328,994 COP",CORTOLIMA,Tolima,Ibagué,Licitación pública Obra Publica,No Definido,No Definido,Hacer seguimiento al cierre de ofertas o adjudicación.,https://community.secop.gov.co/Public/Tendering/OpportunityDetail/Index?noticeUID=CO1.NTC.10757258,IMPLEMENTACIÓN DE REDES DE ALCANTARILLADO SANITARIO Y SISTEMA DE TRATAMIENTO DE AGUAS RESIDUALES CONTEMPLADAS EN EL PLAN MAESTRO DE ALCANTARILLADO PARA EL SANEAMIENTO BÁSICO DEL CENTRO POBLADO DEL CARMEN DEL MUNICIPIO DE ALPUJARRA TOLIMA.
CO1.REQ.11117220,LP-SAPSB-03215-2026,80,Licitación Abierta (En Ofertas),Oportunidad de Alianza / Cotización,"Construcción & Obra Civil General, Agua Potable & Saneamiento",alcantarillado,"$3,185,389,625 COP",Gobernación Norte de Santander*,Norte de Santander,Cúcuta,Licitación pública Obra Publica,No Definido,No Definido,Compartir la oportunidad con clientes aliados para que presenten oferta incluyendo nuestros suministros.,https://community.secop.gov.co/Public/Tendering/OpportunityDetail/Index?noticeUID=CO1.NTC.10971691,"OPTIMIZACIÓN DEL ALCANTARILLADO SANITARIO MUNICIPIO DE TOLEDO, DEPARTAMENTO NORTE DE SANTANDER"
CO1.REQ.11175003,CMA-SI-009-2026,80,Licitación Abierta (En Ofertas),Oportunidad de Alianza / Cotización,Interventoría & Consultoría,,"$3,184,808,459 COP",GOBERNACIÓN DE BOLÍVAR//,Bolívar,Turbaco,Concurso de méritos abierto,No Definido,No Definido,Compartir la oportunidad con clientes aliados para que presenten oferta incluyendo nuestros suministros.,https://community.secop.gov.co/Public/Tendering/OpportunityDetail/Index?noticeUID=CO1.NTC.11031023,"INTERVENTORIA DE OBRA PUBLICA PARA EL MEJORAMIENTO DE VIAS URBANAS Y VIAS TERCIARIAS EN LOS MUNICIPIOS DE ARJONA, MAGANGUE, BARRANCO DE LOBA Y SANTA CATALINA, DEPARTAMENTO DE BOLIVAR"
CO1.REQ.11125016,LP-001-2026,80,Licitación Abierta (En Ofertas),Oportunidad de Alianza / Cotización,Construcción & Obra Civil General,,"$3,181,818,181 COP",ALCALDIA MUNICIPAL DE VIOTÁ,Cundinamarca,Viotá,Licitación pública Obra Publica,No Definido,No Definido,Compartir la oportunidad con clientes aliados para que presenten oferta incluyendo nuestros suministros.,https://community.secop.gov.co/Public/Tendering/OpportunityDetail/Index?noticeUID=CO1.NTC.11003419,"MEJORAMIENTO DE LA IED SAN GABRIEL DEL MUNICIPIO DE VIOTÁ, CUNDINAMARCA CONVENIO ICCU-1367-2025"
CO1.REQ.11077861,900-IP-0242-2026,80,Licitación Abierta (En Ofertas),Oportunidad de Alianza / Cotización,"Construcción & Obra Civil General, Agua Potable & Saneamiento",acueducto,"$3,180,417,018 COP",EMPRESAS MUNICIPALES DE CALI,Valle del Cauca,Cali,Contratación régimen especial,OMAR VELEZ HOYOS,No Definido,Compartir la oportunidad con clientes aliados para que presenten oferta incluyendo nuestros suministros.,https://community.secop.gov.co/Public/Tendering/OpportunityDetail/Index?noticeUID=CO1.NTC.10934157,REPOSICIÓN DE REDES DE ACUEDUCTO BARRIO EL INGENIO SECTOR II
CO1.REQ.11138482,PAF-VIASSANTANDER-O-032-2026,80,Licitación Abierta (En Ofertas),Oportunidad de Alianza / Cotización,Construcción & Obra Civil General,,"$3,115,340,000 COP",FINANCIERA DE DESARROLLO TERRITORIAL S.A.,Distrito Capital de Bogotá,Bogotá,Contratación régimen especial,No Definido,No Definido,Compartir la oportunidad con clientes aliados para que presenten oferta incluyendo nuestros suministros.,https://community.secop.gov.co/Public/Tendering/OpportunityDetail/Index?noticeUID=CO1.NTC.10993506,"CONTRATAR LA GESTIÓN Y ADQUISICIÓN PREDIAL Y DEMOLICIÓN DE ESTRUCTURAS EXISTENTES PARA EL TRAMO VIAL 2 INTERSECCIÓN T DEL AEROPUERTO Y EL MUNICIPIO DE LEBRIJA ENTRE EL PR 60+000 AL 60+350 RUTA 6602, Y, LA GESTIÓN AMBIENTAL PARA LOS TRAMOS ESTABLECIDO"
CO1.REQ.11092278,900-IP-0236-2026,80,Licitación Abierta (En Ofertas),Oportunidad de Alianza / Cotización,"Construcción & Obra Civil General, Agua Potable & Saneamiento",acueducto,"$3,114,697,922 COP",EMPRESAS MUNICIPALES DE CALI,Valle del Cauca,Cali,Contratación régimen especial,FERNANDO JOSE CASTRO SPADAFFORA,No Definido,Compartir la oportunidad con clientes aliados para que presenten oferta incluyendo nuestros suministros.,https://community.secop.gov.co/Public/Tendering/OpportunityDetail/Index?noticeUID=CO1.NTC.10947747,Reposicion de redes de acueducto barrio san fernando nuevo
CO1.REQ.10510397,P-002-2026,80,Proceso Activo (Abierto),Monitoreo Comercial,Tecnología & Equipos de Cómputo,licenciamiento,"$3,057,000,000 COP",UPME,Distrito Capital de Bogotá,Bogotá,Contratación régimen especial (con ofertas),No Definido,No Definido,Hacer seguimiento al cierre de ofertas o adjudicación.,https://community.secop.gov.co/Public/Tendering/OpportunityDetail/Index?noticeUID=CO1.NTC.10376702,Adquirir el licenciamiento por suscripción para Plataforma de virtualización y almacenamiento en nube incluyendo la adquisición del hardware para Computación y Storage que soporta esta solución de Hiperconvergencia
CO1.REQ.10609342,INVITACION PUBLICA No 015-2026,80,Licitación Abierta (En Ofertas),Oportunidad de Alianza / Cotización,"Acero & Metalmecánica, Salud: Insumos & Equipos Médicos",acero inoxidable,"$2,989,223,052 COP",HOSPITAL DEPARTAMENTAL DE VILLAVICENCIO ESE,Meta,Villavicencio,Contratación régimen especial,No Definido,No Definido,Compartir la oportunidad con clientes aliados para que presenten oferta incluyendo nuestros suministros.,https://community.secop.gov.co/Public/Tendering/OpportunityDetail/Index?noticeUID=CO1.NTC.10464191,COMPRA DE INSTRUMENTAL QUIRURGICO DE ACERO INOXIDABLE PARA LA  ATENCION DE LOS PACIENTES QUIRURGICOS EN LA UNIDAD FUNCIONAL DE CIRUGIA
CO1.REQ.10832756,AHSAOB03-026,80,Adjudicado (Contrato firmado),Lead B2B de Venta Directa,"Construcción & Obra Civil General, Agua Potable & Saneamiento","planta de tratamiento, aguas residuales, tratamiento de aguas, alcantarillado","$2,974,687,189 COP",SOCIEDAD DE ACUEDUCTOS ALCANTARILLADOS Y ASEO AGUAS DEL HUILA SA ESP,Huila,Neiva,Contratación régimen especial,UNION TEMPORAL POTRERILLOS 2026,902046487,Contactar al contratista ganador/consorcio para ofrecer suministro y cotización inmediata.,https://community.secop.gov.co/Public/Tendering/OpportunityDetail/Index?noticeUID=CO1.NTC.10686929,"OPTIMIZACION DE LA RED DE ALCANTARILLADO SANITARIO FASE I Y CONSTRUCCION DE LA PLANTA DE TRATAMIENTO DE AGUAS RESIDUALES, DEL CENTRO POBLADO POTRERILLOS, MUNICIPIO DE GIGANTE, HUILA"
CO1.REQ.10635590,CONTRATO 109 DE 2026,80,Adjudicado (Contrato firmado),Lead B2B de Venta Directa,"Construcción & Obra Civil General, Agua Potable & Saneamiento","planta de tratamiento, aguas residuales, tratamiento de aguas, alcantarillado","$2,974,687,189 COP",SOCIEDAD DE ACUEDUCTOS ALCANTARILLADOS Y ASEO AGUAS DEL HUILA SA ESP,Huila,Neiva,Contratación régimen especial,UNION TEMPORAL POTRERILLOS 2026,902046487,Contactar al contratista ganador/consorcio para ofrecer suministro y cotización inmediata.,https://community.secop.gov.co/Public/Tendering/OpportunityDetail/Index?noticeUID=CO1.NTC.10490664,"OPTIMIZACION DE LA RED DE ALCANTARILLADO SANITARIO FASE I Y
CONSTRUCCION DE LA PLANTA DE TRATAMIENTO DE AGUAS RESIDUALES, DEL CENTRO POBLADO POTRERILLOS, MUNICIPIO DE GIGANTE, HUILA."
CO1.REQ.11074642,ENV-E.S.P-114-2026,80,Licitación Abierta (En Ofertas),Oportunidad de Alianza / Cotización,Construcción & Obra Civil General,,"$2,903,993,140 COP",ENVIASEO ESP  COMPRADOR,Antioquia,Envigado,Contratación régimen especial,No Definido,No Definido,Compartir la oportunidad con clientes aliados para que presenten oferta incluyendo nuestros suministros.,https://community.secop.gov.co/Public/Tendering/OpportunityDetail/Index?noticeUID=CO1.NTC.10931130,"REALIZAR EL MONTAJE ESPECIALIZADO TÉCNICO, ELÉCTRICO Y ESTRUCTURAL DEL ALUMBRADO NAVIDEÑO 2026 Y GARANTIZAR SU FUNCIONAMIENTO DURANTE EL PERIODO NAVIDEÑO."
CO1.REQ.10838275,OBR-SCC-007-2026,80,Borrador de Pliegos,Oportunidad Pre-Licitación,"Construcción & Obra Civil General, Agua Potable & Saneamiento","obras civiles, agua potable","$2,873,235,398 COP",FINVERPAZ,Norte de Santander,Ocaña,Contratación régimen especial,No Definido,No Definido,Notificar a clientes contratistas para que soliciten observaciones o preparen propuesta de consorcio.,https://community.secop.gov.co/STS/Users/Login/Index,"CONSTRUCCIÓN DE LAS OBRAS CIVILES E HIDRÁULICAS PARA LA
IMPLEMENTACIÓN DEL SISTEMA DE ABASTECIMIENTO DE AGUA POTABLE DE LA
URBANIZACIÓN ENRAIZAR, VEREDA GUARIGUA, MUNICIPIO DE SAN PABLO,
DEPARTAMENTO DE BOLÍVAR"
CO1.REQ.11144410,CONVOCATORIA PUBLICA 041-2026,80,Licitación Abierta (En Ofertas),Oportunidad de Alianza / Cotización,Construcción & Obra Civil General,,"$2,850,445,965 COP",ESE HOSPITAL SAN RAFAEL DE FUSAGASUGÁ,Cundinamarca,Fusagasugá,Contratación régimen especial (con ofertas),No Definido,No Definido,Compartir la oportunidad con clientes aliados para que presenten oferta incluyendo nuestros suministros.,https://community.secop.gov.co/Public/Tendering/OpportunityDetail/Index?noticeUID=CO1.NTC.11001583,"REPOSICIÓN DE LA INFRAESTRUCTURA DEL PUESTO DE SALUD PASCA, ADSCRITO A LA ESE HOSPITAL SAN RAFAEL DE FUSAGASUGÁ, CUNDINAMARCA"
CO1.REQ.11151352,CW398337,80,Licitación Abierta (En Ofertas),Oportunidad de Alianza / Cotización,Construcción & Obra Civil General,,"$2,845,386,880 COP",EMPRESAS PUBLICAS DE MEDELLIN E.S.P.,Antioquia,Medellín,Contratación régimen especial,JEREZ BERRIO CESAR AUGUSTO,No Definido,Compartir la oportunidad con clientes aliados para que presenten oferta incluyendo nuestros suministros.,https://community.secop.gov.co/Public/Tendering/OpportunityDetail/Index?noticeUID=CO1.NTC.11006156,Mantenimiento de equipos hidromecánicos
CO1.REQ.10369770,GCSJ-CM-005-2026 (Presentación de oferta),80,Proceso Activo (Abierto),Monitoreo Comercial,Interventoría & Consultoría,interventoría técnica,"$2,823,224,724 COP",DEPARTAMENTO DEL META,Meta,Villavicencio,Concurso de méritos abierto,No Definido,No Definido,Hacer seguimiento al cierre de ofertas o adjudicación.,https://community.secop.gov.co/Public/Tendering/OpportunityDetail/Index?noticeUID=CO1.NTC.10226921,"INTERVENTORÍA TÉCNICA, ADMINISTRATIVA, FINANCIERA Y JURÍDICA A LA PRESTACIÓN DEL SERVICIO PARA LA IMPLEMENTACIÓN DEL PROGRAMA DE ALIMENTACIÓN ESCOLAR A TRAVÉS DEL SUMINISTRO DE COMPLEMENTOS ALIMENTARIOS Y SERVICIO DE ALIMENTACIÓN EN RESIDENCIAS ESCOL"
CO1.REQ.11159769,LP - 003 - 2026,80,Licitación Abierta (En Ofertas),Oportunidad de Alianza / Cotización,Construcción & Obra Civil General,,"$2,797,656,025 COP",MUNICIPIO DE OTANCHE,No Definido,No Definido,Licitación pública Obra Publica,No Definido,No Definido,Compartir la oportunidad con clientes aliados para que presenten oferta incluyendo nuestros suministros.,https://community.secop.gov.co/Public/Tendering/OpportunityDetail/Index?noticeUID=CO1.NTC.11014437,CONSTRUCCIÓN DEL PROYECTO DE VIVIENDA DE INTERÉS SOCIAL URBANIZACIÓN SAN CRISTÓBAL EN BARRIO ACAPULCO DEL MUNICIPIO DE OTANCHE BOYACÁ - ETAPA II
CO1.REQ.10933575,LP-SV-007-2026 (Fase de Selección (Presentación de ofertas)),80,Proceso Activo (Evaluación),Monitoreo Comercial,"Construcción & Obra Civil General, Agua Potable & Saneamiento","acueducto, alcantarillado","$2,785,058,691 COP",GOBERNACION DE CALDAS,Caldas,No Definido,Licitación pública Obra Publica,No Definido,No Definido,Hacer seguimiento al cierre de ofertas o adjudicación.,https://community.secop.gov.co/Public/Tendering/OpportunityDetail/Index?noticeUID=CO1.NTC.10788867,OPTIMIZACION ACUEDUCTO Y ALCANTARILLADO DE ISAZA MUNICIPIO DE VICTORIA - CALDAS
CO1.REQ.11123101,OBR-SCC-VUP-013-2026,80,Licitación Abierta (En Ofertas),Oportunidad de Alianza / Cotización,Construcción & Obra Civil General,,"$2,731,035,513 COP","FONCOLOMBIA, FONDO MIXTO PARA EL DESARROLLO INTEGRAL Y LA GESTION SOCIAL DE COLOMBIA",Santander,Bucaramanga,Contratación régimen especial,No Definido,No Definido,Compartir la oportunidad con clientes aliados para que presenten oferta incluyendo nuestros suministros.,https://community.secop.gov.co/Public/Tendering/OpportunityDetail/Index?noticeUID=CO1.NTC.10977808,IMPLEMENTACIÓN DE SEÑALIZACIÓN Y ESTRATEGIAS DE SEGURIDAD VIAL EN EL MUNICIPIO DE BARRANCAS - LA GUAJIRA
CO1.REQ.11161427,LP-014-2026,80,Licitación Abierta (En Ofertas),Oportunidad de Alianza / Cotización,Construcción & Obra Civil General,,"$2,686,817,171 COP",CUNDINAMARCA-ALCALDIA MUNICIPIO MOSQUERA,Cundinamarca,Mosquera,Licitación pública Obra Publica,No Definido,No Definido,Compartir la oportunidad con clientes aliados para que presenten oferta incluyendo nuestros suministros.,https://community.secop.gov.co/Public/Tendering/OpportunityDetail/Index?noticeUID=CO1.NTC.11016028,CONSTRUCCIÓN DE PLACAS HUELLAS EN EL MUNICIPIO DE MOSQUERA CUNDINAMARCA
CO1.REQ.11150597,CW400122,80,Licitación Abierta (En Ofertas),Oportunidad de Alianza / Cotización,Construcción & Obra Civil General,,"$2,677,386,629 COP",EMPRESAS PUBLICAS DE MEDELLIN E.S.P.,Antioquia,Medellín,Contratación régimen especial,No Definido,No Definido,Compartir la oportunidad con clientes aliados para que presenten oferta incluyendo nuestros suministros.,https://community.secop.gov.co/Public/Tendering/OpportunityDetail/Index?noticeUID=CO1.NTC.11005520,Ejecución de obras de control de erosión en áreas de influencia de los embalses de generación de energía en Guadalupe - Troneras y Riogrande Grupo 1
CO1.REQ.11142526,900-IP-0247-2026,80,Licitación Abierta (En Ofertas),Oportunidad de Alianza / Cotización,"Construcción & Obra Civil General, Agua Potable & Saneamiento",alcantarillado,"$2,621,666,818 COP",EMPRESAS MUNICIPALES DE CALI,Valle del Cauca,Cali,Contratación régimen especial,SERVICIOS AMBIENTALES Y SOCIALES INTEGRADOS S.A.S.,No Definido,Compartir la oportunidad con clientes aliados para que presenten oferta incluyendo nuestros suministros.,https://community.secop.gov.co/Public/Tendering/OpportunityDetail/Index?noticeUID=CO1.NTC.10997122,REPOSICIÓN DE REDES DE ALCANTARILLADO TRAMOS CRÍTICOS GRUPO 2 BARRIO ANDRÉS SANÍN.
CO1.REQ.10699933,MD-SGR-CDI-039-2026,80,Licitación Abierta (En Ofertas),Oportunidad de Alianza / Cotización,"Construcción & Obra Civil General, Agua Potable & Saneamiento",acueducto,"$2,608,238,299 COP",EMPRESA DE DESARROLLO TERRITORIAL MASDESARROLLO,Chocó,Lloró,Contratación régimen especial,No Definido,No Definido,Compartir la oportunidad con clientes aliados para que presenten oferta incluyendo nuestros suministros.,https://community.secop.gov.co/Public/Tendering/OpportunityDetail/Index?noticeUID=CO1.NTC.10554077,"OPTIMIZACIÓN, CONSTRUCCIÓN Y AMPLIACIÓN DE SISTEMAS DE ACUEDUCTO DEL MUNICIPIO DE SORA, BOYACÁ BPIN 2026157620002"
CO1.REQ.11128677,4132.010.32.1.887-2026,80,Licitación Abierta (En Ofertas),Oportunidad de Alianza / Cotización,Interventoría & Consultoría,,"$2,500,000,000 COP",PLANEACIÓN MUNICIPAL CALI**,Valle del Cauca,Cali,Concurso de méritos abierto,No Definido,No Definido,Compartir la oportunidad con clientes aliados para que presenten oferta incluyendo nuestros suministros.,https://community.secop.gov.co/Public/Tendering/OpportunityDetail/Index?noticeUID=CO1.NTC.11030949,"Formular el Plan de Gestion Social para el despeje, restitucion y recuperacion integral del espacio publico del sector  El Planchon , en el marco del proyecto Tren de Cercanias - TCV, mediante la definicion de lineamientos, programas, acciones e inst"
CO1.REQ.11136179,OB-026-2026,80,Licitación Abierta (En Ofertas),Oportunidad de Alianza / Cotización,Construcción & Obra Civil General,,"$2,497,610,729 COP",FONDO MIXTO DE ETNOCULTURA Y DESARROLLO SOCIAL -FONPACIFICO,Distrito Capital de Bogotá,Bogotá,Contratación régimen especial,HICCON SAS,901731587,Compartir la oportunidad con clientes aliados para que presenten oferta incluyendo nuestros suministros.,https://community.secop.gov.co/Public/Tendering/OpportunityDetail/Index?noticeUID=CO1.NTC.10991484,"MEJORAMIENTO DEL ESTADIO MUNICIPAL HERMANO TORTI, MEDIANTE LA CONSTRUCCIÓN DE MUROS DE CERRAMIENTO EN LOS COSTADOS NORTE Y ORIENTAL, MUNICIPIO DE QUINCHÍA, RISARALDA"
CO1.REQ.11148999,LP-003-2026,80,Licitación Abierta (En Ofertas),Oportunidad de Alianza / Cotización,Construcción & Obra Civil General,,"$2,479,580,418 COP",ALCALDIA MUNICIPAL DE GUASCA,Cundinamarca,Guasca,Licitación pública Obra Publica,No Definido,No Definido,Compartir la oportunidad con clientes aliados para que presenten oferta incluyendo nuestros suministros.,https://community.secop.gov.co/Public/Tendering/OpportunityDetail/Index?noticeUID=CO1.NTC.11004517,"EJECUTAR, A PRECIOS UNITARIOS Y A MONTO AGOTABLE, LA CONSTRUCCIÓN DEL CENTRO DE DESARROLLO INFANTIL (CDI) DEL MUNICIPIO DE GUASCA, EN EL MARCO DEL CONVENIO INTERADMINISTRATIVO SUSCRITO ENTRE EL INSTITUTO DE CAMINOS Y CONSTRUCCIONES DE CUNDINAMARCA - "
CO1.REQ.11168518,LP-005-2026 (Fase de Selección (Presentación de ofertas)),80,Licitación Abierta (En Ofertas),Oportunidad de Alianza / Cotización,Construcción & Obra Civil General,,"$2,461,167,693 COP",CORPORACIÓN AUTÓNOMA REGIONAL DE LOS VALLES DEL SINÚ Y DEL SAN JORGE - CVS,Córdoba,No Definido,Licitación pública Obra Publica,No Definido,No Definido,Compartir la oportunidad con clientes aliados para que presenten oferta incluyendo nuestros suministros.,https://community.secop.gov.co/Public/Tendering/OpportunityDetail/Index?noticeUID=CO1.NTC.11023365,"RECUPERACIÓN AMBIENTAL Y DE LA CONECTIVIDAD ECOSISTÉMICA E HIDROLÓGICA EN UN TRAMO DEL CAÑO COTORRA (DERIVACIÓN DEL CAÑO BUGRE) EN EL MUNICIPIO DE CERETÉ, DEPARTAMENTO DE CÓRDOBA"
CO1.REQ.10589341,LP-2026-5 (Fase de Selección (Presentación de ofertas)),80,Proceso Activo (Evaluación),Monitoreo Comercial,"Construcción & Obra Civil General, Acero & Metalmecánica",estructura metalica,"$2,358,613,209 COP",ALCALDIA DE PASTO,Nariño,Pasto,Licitación pública Obra Publica,No Definido,No Definido,Hacer seguimiento al cierre de ofertas o adjudicación.,https://community.secop.gov.co/Public/Tendering/OpportunityDetail/Index?noticeUID=CO1.NTC.10443919,"EL CONTRATISTA SE COMPROMETE PARA CON EL MUNICIPIO DE PASTO - SECRETARÍA DE INFRAESTRUCTURA Y VALORIZACIÓN, A REALIZAR LA OBRA, CONSTRUCCION DE ESTRUCTURA METALICA PARA CUBIERTA EN LA ZONA URBANA DE POLIDEPORTIVO BARRIO MIRAFLORES, POLIDEPORTIVO BARR"
CO1.REQ.11124958,CW400124,80,Licitación Abierta (En Ofertas),Oportunidad de Alianza / Cotización,Construcción & Obra Civil General,,"$2,354,099,190 COP",EMPRESAS PUBLICAS DE MEDELLIN E.S.P.,Antioquia,Medellín,Contratación régimen especial,No Definido,No Definido,Compartir la oportunidad con clientes aliados para que presenten oferta incluyendo nuestros suministros.,https://community.secop.gov.co/Public/Tendering/OpportunityDetail/Index?noticeUID=CO1.NTC.10979801,Ejecución de obras de control de erosión en áreas de influencia de los embalses de generación de energía en Guadalupe - Troneras y Riogrande Grupo 2
CO1.REQ.10873847,FGN-NC-CD-0291-2026,80,Adjudicado (Contrato firmado),Lead B2B de Venta Directa,Tecnología & Equipos de Cómputo,"software, licencias de software","$2,128,000,000 COP",FISCALÍA GENERAL DE LA NACIÓN NIVEL CENTRAL.,Distrito Capital de Bogotá,Bogotá,Contratación directa,DTM DATA TACTICAL MANAGEMENT,901004418,Contactar al contratista ganador/consorcio para ofrecer suministro y cotización inmediata.,https://community.secop.gov.co/Public/Tendering/OpportunityDetail/Index?noticeUID=CO1.NTC.10728878,"ACTUALIZACIÓN Y SOPORTE TÉCNICO DE LICENCIAS DE SOFTWARE ESPECIALIZADO CELLEBRITE INSEYETS E INSPECTOR
Y COLLECTOR PARA EL MANEJO DE EVIDENCIA DIGITAL EN LOS GRUPOS DE INFORMÁTICA FORENSE DEL CTI NIVEL CENTRAL Y SECCIONALES."
CO1.REQ.10878605,CW394773,80,Licitación Abierta (En Ofertas),Oportunidad de Alianza / Cotización,"Construcción & Obra Civil General, Agua Potable & Saneamiento",acueducto,"$2,077,316,440 COP",EMPRESAS PUBLICAS DE MEDELLIN E.S.P.,Antioquia,Medellín,Contratación régimen especial,No Definido,No Definido,Compartir la oportunidad con clientes aliados para que presenten oferta incluyendo nuestros suministros.,https://community.secop.gov.co/Public/Tendering/OpportunityDetail/Index?noticeUID=CO1.NTC.10733920,Rehabilitación estructural en la Planta San Cristóbal del sistema de acueducto de EPM
CO1.REQ.11132154,FDLCB-LP-015-2026.,80,Licitación Abierta (En Ofertas),Oportunidad de Alianza / Cotización,Construcción & Obra Civil General,,"$2,065,943,518 COP",ALCALDIA LOCAL DE CIUDAD BOLIVAR //,Distrito Capital de Bogotá,Bogotá,Licitación pública Obra Publica,No Definido,No Definido,Compartir la oportunidad con clientes aliados para que presenten oferta incluyendo nuestros suministros.,https://community.secop.gov.co/Public/Tendering/OpportunityDetail/Index?noticeUID=CO1.NTC.10998356,"CONTRATAR A PRECIOS UNITARIOS FIJOS SIN FORMULA DE AJUSTE A MONTO AGOTABLE EL MANTENIMIENTO PREVENTIVO Y/O CORRECTIVO DE LAS VIVIENDAS RURALES EN SUS ASPECTOS BÁSICOS NECESARIOS PARA SU OCUPACIÓN UBICADAS EN LA LOCALIDAD DE CIUDAD BOLÍVAR, BOGOTÁ DC"
CO1.REQ.2024104,SMDR-LP-073-2021_3,80,Borrador de Pliegos,Oportunidad Pre-Licitación,"Construcción & Obra Civil General, Agua Potable & Saneamiento","aguas residuales, tratamiento de aguas","$2,018,484,393 COP",MUNICIPIO DE PEREIRA- OFICIAL,Risaralda,Pereira,Licitación pública Obra Publica,No Definido,No Definido,Notificar a clientes contratistas para que soliciten observaciones o preparen propuesta de consorcio.,https://community.secop.gov.co/STS/Users/Login/Index,CONSTRUCCIÓN E INSTALACIÓN DE SISTEMAS SÉPTICOS PARA EL TRATAMIENTO DE AGUAS RESIDUALES DOMÉSTICAS EN LA ZONA RURAL DEL MUNICIPIO DE PEREIRA
CO1.REQ.10362248,0015-ARC-CBCAI4-2026,80,Proceso Activo (Evaluación),Monitoreo Comercial,"Construcción & Obra Civil General, Agua Potable & Saneamiento","planta de tratamiento, alcantarillado","$1,998,931,601 COP",ARMADA NACIONAL BATALLON DE COMANDO Y APOYO DE INFANTERIA DE MARINA No 4,Nariño,Tumaco,Licitación pública Obra Publica,No Definido,No Definido,Hacer seguimiento al cierre de ofertas o adjudicación.,https://community.secop.gov.co/Public/Tendering/OpportunityDetail/Index?noticeUID=CO1.NTC.10219522,"CONSTRUCCIÓN DEL SISTEMA DE ALCANTARILLADO Y LA PLANTA DE TRATAMIENTO DE AGUA RESIDUAL DEL BATALLÓN FLUVIAL DE INFANTERÍA DE MARINA No. 42 UBICADO EN EL MUNICIPIO DE GUAPI - CAUCA, de acuerdo con las cantidades de obra y especificaciones técnicas des"
CO1.REQ.10832093,OBR-SCC-019-2026,80,Licitación Abierta (En Ofertas),Oportunidad de Alianza / Cotización,Construcción & Obra Civil General,,"$1,998,824,266 COP",FINVERPAZ,Norte de Santander,Ocaña,Contratación régimen especial,No Definido,No Definido,Compartir la oportunidad con clientes aliados para que presenten oferta incluyendo nuestros suministros.,https://community.secop.gov.co/Public/Tendering/OpportunityDetail/Index?noticeUID=CO1.NTC.10993228,"IMPLEMENTACIÓN DE SISTEMA DE AUTOGENERACIÓN DE ENERGÍA PARA LAS INSTITUCIONES EDUCATIVAS MERCEDES ABREGO Y PABLO CORREA LEÓN EN LA CIUDAD DE SAN JOSÉ DE CÚCUTA, NORTE DE SANTANDER."
CO1.REQ.11175218,LP-004-2026. (Fase de Selección (Presentación de ofertas)),80,Licitación Abierta (En Ofertas),Oportunidad de Alianza / Cotización,"Construcción & Obra Civil General, Agua Potable & Saneamiento",acueducto,"$1,966,164,452 COP",MUNICIPIO DE GALAPA.,Atlántico,Galapa,Licitación pública Obra Publica,No Definido,No Definido,Compartir la oportunidad con clientes aliados para que presenten oferta incluyendo nuestros suministros.,https://community.secop.gov.co/Public/Tendering/OpportunityDetail/Index?noticeUID=CO1.NTC.11029796,"CONTRATO DE OBRA PARA LA OPTIMIZACIÓN DE RED DE ACUEDUCTO FASE 3 ETAPA 1 PEAD 315 MM Y 90MM CALLE 9 ENTRE CR 18 Y 20, CR 20A ENTRE CALLES 9 Y 10, CALLE 10 ENTRE CR 20A Y 22 CASCO URBANO MUNICIPIO DE GALAPA"
CO1.REQ.10367522,LP 0006 de 2026,80,Adjudicado (Contrato firmado),Lead B2B de Venta Directa,"Construcción & Obra Civil General, Agua Potable & Saneamiento",acueducto,"$1,927,844,200 COP",DEPARTAMENTO DEL ATLANTICO**,Atlántico,Barranquilla,Licitación pública Obra Publica,CONSORCIO ACUEDUCTO SOCAVON 2026,No Definido,Contactar al contratista ganador/consorcio para ofrecer suministro y cotización inmediata.,https://community.secop.gov.co/Public/Tendering/OpportunityDetail/Index?noticeUID=CO1.NTC.10225281,CONSTRUCCIÓN DEL ACUEDUCTO DE LA VEREDA SOCAVON MUNICIPIO DE LURUACO - DEPARTAMENTO DEL ATLÁNTICO
CO1.REQ.2349530,CVC SAMC ---2021,80,Borrador de Pliegos,Oportunidad Pre-Licitación,"Construcción & Obra Civil General, Agua Potable & Saneamiento","planta de tratamiento, aguas residuales, ptar, tratamiento de aguas","$1,925,695,395 COP",CVC,Valle del Cauca,Cali,Selección Abreviada de Menor Cuantía,No Definido,No Definido,Notificar a clientes contratistas para que soliciten observaciones o preparen propuesta de consorcio.,https://community.secop.gov.co/STS/Users/Login/Index,"REALIZAR LAS OBRAS DE CONTROL DE EROSION MARGINAL Y CONTROL DE INUNDACIONES EN LA MARGEN IZQUIERDA DE LA QUEBRADA PATUMA, EN LA ZONA DONDE SE ENCUENTRA UBICADA LA PLANTA DE TRATAMIENTO DE AGUAS RESIDUALES DEL MUNICIPIO DE VERSALLES - VALLE DEL CAUCA"
CO1.REQ.10920418,SASI-012-2026 (Presentación de oferta),80,Proceso Activo (Abierto),Monitoreo Comercial,Tecnología & Equipos de Cómputo,equipos de cómputo,"$1,913,204,626 COP",FONDO ROTATORIO DE LA POLICIA NACIONAL,Distrito Capital de Bogotá,Bogotá,Selección abreviada subasta inversa,No Definido,No Definido,Hacer seguimiento al cierre de ofertas o adjudicación.,https://community.secop.gov.co/Public/Tendering/OpportunityDetail/Index?noticeUID=CO1.NTC.10774884,ADQUISICIÓN DE EQUIPOS DE CÓMPUTO Y LICENCIAS DE OFIMÁTICA CON DESTINO A JESEP - JESEPAC05-25
CO1.REQ.11133022,125-2026,80,Licitación Abierta (En Ofertas),Oportunidad de Alianza / Cotización,Construcción & Obra Civil General,,"$1,904,210,464 COP",COMPRADOR - EMPRESA CARTAGUEÑA DE DESARROLLO - EMCADE,Valle del Cauca,Cartago,Contratación régimen especial,No Definido,No Definido,Compartir la oportunidad con clientes aliados para que presenten oferta incluyendo nuestros suministros.,https://community.secop.gov.co/Public/Tendering/OpportunityDetail/Index?noticeUID=CO1.NTC.11030115,"EJECUCION  DE LAS OBRAS NECESARIAS PARA EL MEJORAMIENTO VIAL MEDIANTE LA IMPLEMENTACIÓN DE ESTABILIZACIÓN DE SUELO EN DIFERENTES TRAMOS DEL MUNICIPIO DE OBANDO -VALLE
DEL CAUCA"
CO1.REQ.11124030,OBR-SMC 035 DE 2026,80,Licitación Abierta (En Ofertas),Oportunidad de Alianza / Cotización,Construcción & Obra Civil General,,"$1,901,959,809 COP",FONDESCOL,Santander,Floridablanca,Contratación régimen especial,CONSTRUMINE SAS,901829058,Compartir la oportunidad con clientes aliados para que presenten oferta incluyendo nuestros suministros.,https://community.secop.gov.co/Public/Tendering/OpportunityDetail/Index?noticeUID=CO1.NTC.10978747,"CONSTRUCCIÓN DE CORREDOR VIAL, TERRAPLÉN/JARILLÓN PARA LA CONECTIVIDAD INTERMODAL TERRESTRE-FLUVIAL ENTRE EL CORREGIMIENTO DE CHIMÍ Y EL RÍO MAGDALENA, MUNICIPIO DE SAN MARTÍN DE LOBA, BOLÍVAR"
CO1.REQ.9137488,S-CI-600-2025,80,Adjudicado (Contrato firmado),Lead B2B de Venta Directa,"Construcción & Obra Civil General, Agua Potable & Saneamiento","ptar, tratamiento de aguas, planta de tratamiento, aguas residuales, alcantarillado","$1,897,926,539 COP",CORPORACION AUTONOMA REGIONAL DE LAS CUENCAS DE LOS RIOS NEGRO - NARE,Antioquia,El Santuario,Contratación directa,ALCALDIA MUNICIPIO DE SAN FRANCISCO,800022791,Contactar al contratista ganador/consorcio para ofrecer suministro y cotización inmediata.,https://community.secop.gov.co/Public/Tendering/OpportunityDetail/Index?noticeUID=CO1.NTC.9000188,SANEAR LA FUENTE HÍDRICA  LA CAÑADA  MEDIANTE LA CONSTRUCCIÓN DE ALCANTARILLADO NO CONVENCIONAL PARALELO A LA CANALIZACIÓN Y LA IMPLEMENTACIÓN DEL TRATAMIENTO SECUNDARIO EN LA PLANTA DE TRATAMIENTO DE AGUAS RESIDUALES PTAR EL CASCAJO ZONA URBANA DEL 
CO1.REQ.10235879,INV-003-2025,80,Proceso Activo (Evaluación),Monitoreo Comercial,"Construcción & Obra Civil General, Agua Potable & Saneamiento","acueducto, obras complementarias, alcantarillado","$1,885,871,071 COP",Aquamana e.s.p entidad,Caldas,Villamaría,Contratación régimen especial,No Definido,No Definido,Hacer seguimiento al cierre de ofertas o adjudicación.,https://community.secop.gov.co/Public/Tendering/OpportunityDetail/Index?noticeUID=CO1.NTC.10229818,"REPOSICIÓN DE REDES DE ACUEDUCTO Y ALCANTARILLADO, MEJORAMIENTO DE PAVIMENTOS Y DEMÁS OBRAS COMPLEMENTARIAS PARA EL EMBELLECIMIENTO DE LA CARRERA 5 ENTRE LAS CALLES 9 A LA 11 DEL MUNICIPIO DE VILLAMARIA."
CO1.REQ.11121513,OBRA 2025-12-001,80,Licitación Abierta (En Ofertas),Oportunidad de Alianza / Cotización,Construcción & Obra Civil General,,"$1,871,302,722 COP",FONDO MIXTO DE LA CULTURA Y LAS ARTES DEL DEPARTAMENTO DEL QUINDIO.,Quindío,Armenia,Contratación régimen especial,MARCO JULIO SUESCUN LOZANO,No Definido,Compartir la oportunidad con clientes aliados para que presenten oferta incluyendo nuestros suministros.,https://community.secop.gov.co/Public/Tendering/OpportunityDetail/Index?noticeUID=CO1.NTC.10975962,LA CONSTRUCCION DE OBRAS DE ESTABILIZACION Y MITIGACION DE PUNTOS CRITICOS SECTOR ENTRERRIOS VEREDA SARDINEROS DEL MUNICIPIO DE CORDOBA
CO1.REQ.11165660,LP-015-2026,80,Licitación Abierta (En Ofertas),Oportunidad de Alianza / Cotización,Construcción & Obra Civil General,,"$1,869,111,200 COP",CUNDINAMARCA-ALCALDIA MUNICIPIO MOSQUERA,Cundinamarca,Mosquera,Licitación pública Obra Publica,No Definido,No Definido,Compartir la oportunidad con clientes aliados para que presenten oferta incluyendo nuestros suministros.,https://community.secop.gov.co/Public/Tendering/OpportunityDetail/Index?noticeUID=CO1.NTC.11022287,"ESTUDIOS, DISEÑOS Y CONSTRUCCIÓN DEL CENTRO TRANSITORIO PARA LA CLASIFICACIÓN DE RESIDUOS SÓLIDOS EN EL MUNICIPIO DE MOSQUERA, CUNDINAMARCA"
CO1.REQ.10692090,CMA-003-2026,80,Borrador de Pliegos,Oportunidad Pre-Licitación,Interventoría & Consultoría,consultoría especializada,"$1,855,816,563 COP",AGENCIA NACIONAL DE DEFENSA JURÍDICA DEL ESTADO,Distrito Capital de Bogotá,No Definido,Concurso de méritos abierto,No Definido,No Definido,Notificar a clientes contratistas para que soliciten observaciones o preparen propuesta de consorcio.,https://community.secop.gov.co/Public/Tendering/OpportunityDetail/Index?noticeUID=CO1.NTC.10550878,"Contratar una consultoría especializada para diseñar, estructurar, implementar y poner en marcha el Observatorio de Arbitraje Internacional de Inversión de la Agencia Nacional de Defensa Jurídica del Estado, mediante la elaboración de documentos técn"
CO1.REQ.11142572,LP-003-2026 (Fase de Selección (Presentación de ofertas)),80,Licitación Abierta (En Ofertas),Oportunidad de Alianza / Cotización,Construcción & Obra Civil General,,"$1,818,181,850 COP",MUNICIPIO DE APULO,Cundinamarca,Apulo,Licitación pública Obra Publica,No Definido,No Definido,Compartir la oportunidad con clientes aliados para que presenten oferta incluyendo nuestros suministros.,https://community.secop.gov.co/Public/Tendering/OpportunityDetail/Index?noticeUID=CO1.NTC.10997319,"MEJORAMIENTO DEL ESPACIO PUBLICO Y EMBELLECIMIENTO DE FACHADAS  DEL MUNICIPIO DE APULO, CUNDINAMARCA, EN CUMPLIMIENTO DEL CONVENIO INTERADMINISTRATIVO ICCU 866-2025."
CO1.REQ.11034237,SVO-2026-071,80,Proceso Activo (Evaluación),Monitoreo Comercial,"Construcción & Obra Civil General, Energía Solar & Alumbrado Público",alumbrado publico,"$1,803,335,484 COP",EMPRESA DE SERVICIO DE ALUMBRADO PUBLICO DE YOPAL S.A.S. E.S.P.,Casanare,Yopal,Contratación régimen especial,No Definido,No Definido,Hacer seguimiento al cierre de ofertas o adjudicación.,https://community.secop.gov.co/Public/Tendering/OpportunityDetail/Index?noticeUID=CO1.NTC.10888332,"AMPLIACIÓN DE LA COBERTURA DEL SISTEMA DE ALUMBRADO PUBLICO EN LA CALLEJUELA 4 DEL CORREGIMIENTO TACARIMENA Y LA CARRERA 34 ENTRE CALLE 11 Y 19A, DE LA VIA SIRIVANA DEL MUNICIPIO DE YOPAL, DEPARTAMENTO DE CASANARE."
CO1.REQ.10941666,SA-001 DE 2024 CESION OBRA AGUA POTABLE (SCALL),80,Adjudicado (Contrato firmado),Lead B2B de Venta Directa,"Construcción & Obra Civil General, Agua Potable & Saneamiento",agua potable,"$1,788,966,507 COP",ALCALDIA MUNICIPIO DE LETICIA,Amazonas,Leticia,Contratación régimen especial,CONSORCIO SAN ULPIANO SCALL,123456912,Contactar al contratista ganador/consorcio para ofrecer suministro y cotización inmediata.,https://community.secop.gov.co/Public/Tendering/OpportunityDetail/Index?noticeUID=CO1.NTC.10809053,CONSTRUCCIÓN DE DOS SISTEMAS DE ABASTECIMIENTO DE AGUA POTABLE MEDIANTE EL APROVECHAMIENTO DE LAS AGUAS LLUVIAS (SCALL)
CO1.REQ.11149514,FONDIGER-LIC-006-2026 (Fase de Selección (Presentación de ofertas)),80,Licitación Abierta (En Ofertas),Oportunidad de Alianza / Cotización,Construcción & Obra Civil General,,"$1,784,058,391 COP",INSTITUTO DISTRITAL DE GESTIÓN DE RIESGOS Y CAMBIO CLIMÁTICO - IDIGER,Distrito Capital de Bogotá,Bogotá,Licitación pública Obra Publica,No Definido,No Definido,Compartir la oportunidad con clientes aliados para que presenten oferta incluyendo nuestros suministros.,https://community.secop.gov.co/Public/Tendering/OpportunityDetail/Index?noticeUID=CO1.NTC.11005016,"REALIZAR EL MANTENIMIENTO PREVENTIVO Y CORRECTIVO DE OBRAS DE MITIGACIÓN CONSTRUIDAS Y PRIORIZADAS POR EL IDIGER, A PRECIOS UNITARIOS FIJOS SIN FORMULA DE REAJUSTE, A MONTO AGOTABLE, EN DIFERENTES LOCALIDADES DE BOGOTÁ D.C."
CO1.REQ.11046284,MS-LP-007-2026,80,Licitación Abierta (En Ofertas),Oportunidad de Alianza / Cotización,"Construcción & Obra Civil General, Agua Potable & Saneamiento",acueductos,"$1,773,266,419 COP",MUNICIPIO DE SAMACA,Boyacá,Samacá,Licitación pública Obra Publica,No Definido,No Definido,Compartir la oportunidad con clientes aliados para que presenten oferta incluyendo nuestros suministros.,https://community.secop.gov.co/Public/Tendering/OpportunityDetail/Index?noticeUID=CO1.NTC.10902021,"OPTIMIZACIÓN DE ACUEDUCTOS RURALES AÑO 2026 PARA GARANTIZAR EL USO EFICIENTE Y AHORRO DE AGUA EN EL MUNICIPIO DE SAMACÁ, DEPARTAMENTO DE BOYACÁ"
CO1.REQ.11162734,076-00-J-EMAVI-GRUAL-2026 (Manifestación de interés (Menor Cuantía)) (Presentación de oferta),80,Licitación Abierta (En Ofertas),Oportunidad de Alianza / Cotización,Construcción & Obra Civil General,,"$1,740,000,000 COP",EMAVI,Valle del Cauca,Cali,Selección Abreviada de Menor Cuantía,No Definido,No Definido,Compartir la oportunidad con clientes aliados para que presenten oferta incluyendo nuestros suministros.,https://community.secop.gov.co/Public/Tendering/OpportunityDetail/Index?noticeUID=CO1.NTC.11017348,OBRA PÚBLICA PARA EL MANTENIMIENTO Y ADECUACIÓN DE LOS ALOJAMIENTOS DE CADETES DE LA ESCUELA MILITAR DE AVIACIÓN MARCO FIDEL SUÁREZ
CO1.REQ.11178847,054-2026.,80,Licitación Abierta (En Ofertas),Oportunidad de Alianza / Cotización,"Construcción & Obra Civil General, Agua Potable & Saneamiento, Interventoría & Consultoría","estudios y diseños, acueducto","$1,738,884,676 COP",EMPRESA DE OBRAS SANITARIAS DE LA PROVINCIA DE OBANDO EMPOOBANDO E.S.P.,Nariño,Ipiales,Contratación régimen especial,EDISSON FABIAN LOPEZ PASICHANA,No Definido,Compartir la oportunidad con clientes aliados para que presenten oferta incluyendo nuestros suministros.,https://community.secop.gov.co/Public/Tendering/OpportunityDetail/Index?noticeUID=CO1.NTC.11033304,"ESTUDIOS Y DISEÑOS PARA LA FORMULACIÓN DEL PLAN MAESTRO DEL ACUEDUCTO PARA EL CASCO URBANO DEL MUNICIPIO DE IPIALES, DEPARTAMENTO DE NARIÑO FASE 1"
CO1.REQ.11132008,CD-139-2026,80,Licitación Abierta (En Ofertas),Oportunidad de Alianza / Cotización,"Construcción & Obra Civil General, Dotación, Uniformes & Mobiliario, Interventoría & Consultoría","estudios y diseños, mobiliario","$1,447,410,210 COP",AGENCIA LOGÍSTICA DE GESTIÓN INMOBILIARIA Y DE SERVICIOS DE CUNDINAMARCA,Distrito Capital de Bogotá,Bogotá,Contratación régimen especial,OG CAPITAL SAS,No Definido,Compartir la oportunidad con clientes aliados para que presenten oferta incluyendo nuestros suministros.,https://community.secop.gov.co/Public/Tendering/OpportunityDetail/Index?noticeUID=CO1.NTC.10986551,"ESTUDIOS Y DISEÑOS FASE l, ADECUACIONES, INTERIORISMO, MANTENIMIENTO, DOTACIÓN E INSTALACIÓN DE MOBILIARIO FASE II PARA LAS TIENDAS KUNA MYA EN EL MARCO DEL CONTRATO INTERADMINISTRATIVO NO. ACODER-Cl-387-2025 SUSCRITO CON LA AGENCIA DE COMERCIALIZACI"
CO1.REQ.10711445,CDSC20260045,80,Adjudicado (Contrato firmado),Lead B2B de Venta Directa,"Tecnología & Equipos de Cómputo, Salud: Insumos & Equipos Médicos","equipos de cómputo, laboratorio clínico, reactivos, dispositivos médicos","$1,410,000,000 COP",ESE HOSPITAL UNIVERSITARIO JULIO MENDEZ BARRENECHE,Magdalena,Santa Marta,Contratación régimen especial,Comprolab S.A.S,860350711,Contactar al contratista ganador/consorcio para ofrecer suministro y cotización inmediata.,https://community.secop.gov.co/Public/Tendering/OpportunityDetail/Index?noticeUID=CO1.NTC.10577933,"SUMINISTRO OPORTUNO DE REACTIVOS DE LABORATORIO CLÍNICO, UNIDAD DE GESTIONN PRETRASNSFUSIONAL, APOYO TECNOLOÓGICO Y ENTREGA EN LA MODALIDAD DE COMODATO DE DISPOSITIVOS MÉDICOS Y EQUIPOS DE CÓMPUTO AL ÁREA DE LABORATORIO CLÍNICO, DE LA E.S.E. HOSPITAL"
CO1.REQ.10799546,SMDR- SASIE-128-2026,80,Licitación Abierta (En Ofertas),Oportunidad de Alianza / Cotización,"Dotación, Uniformes & Mobiliario",,"$1,149,000,000 COP",MUNICIPIO DE PEREIRA- OFICIAL,Risaralda,Pereira,Selección abreviada subasta inversa,No Definido,No Definido,Compartir la oportunidad con clientes aliados para que presenten oferta incluyendo nuestros suministros.,https://community.secop.gov.co/Public/Tendering/OpportunityDetail/Index?noticeUID=CO1.NTC.11016398,"SUMINISTRO DE IMPLEMENTACIÓN, ADQUISICIÓN DE ELEMENTOS BÁSICOS DE FORMACIÓN
DEPORTIVA Y DOTACIÓN PARA LOS DIFERENTES PROGRAMAS Y PROYECTOS DE LA
ALCALDIA MUNICIPAL DE PEREIRA"
CO1.REQ.10597735,0063-ARC-CBNL01-2026 (Presentación de oferta),80,Adjudicado (Contratista Seleccionado),Lead B2B de Venta Directa,HORECA & Maquinaria Gastronómica,utensilios de cocina,"$279,960,700 COP",ARMADA NACIONAL - BASE NAVAL No.1 ARC BOLÍVAR,Bolívar,Cartagena,Selección abreviada subasta inversa,YANETH PUYO LOPEZ,36381210,Contactar al contratista ganador/consorcio para ofrecer suministro y cotización inmediata.,https://community.secop.gov.co/Public/Tendering/OpportunityDetail/Index?noticeUID=CO1.NTC.10463869,ADQUISICIÓN DE EQUIPOS Y UTENSILIOS DE COCINA Y CAFETERIA PARA LOS COMPONENTES DE LA FUERZA NAVAL DEL CARIBE Y DEPARTAMENTOS DE LA BASE NAVAL No. 1 ARC BOLÍVAR
CO1.REQ.10485344,SA-SI-011-2026 (Presentación de oferta),80,Adjudicado (Contratista Seleccionado),Lead B2B de Venta Directa,Vehículos & Maquinaria,maquinaria pesada,"$256,739,082 COP",GOBERNACION DE CALDAS,Caldas,No Definido,Selección abreviada subasta inversa,GECOLSA,860002576,Contactar al contratista ganador/consorcio para ofrecer suministro y cotización inmediata.,https://community.secop.gov.co/Public/Tendering/OpportunityDetail/Index?noticeUID=CO1.NTC.10341957,ADQUISICIÓN DE MAQUINARIA PESADA Y SEMIPESADA PARA REALIZACIÓN DEL MANTENIMIENTO MECANIZADO DE LA RED VIAL A CARGO DEL DEPARTAMENTO DE CALDAS
CO1.REQ.10783165,SASI-PTY-CAAA-0006-2026 (Presentación de oferta),80,Adjudicado (Contratista Seleccionado),Lead B2B de Venta Directa,"Tecnología & Equipos de Cómputo, Dotación, Uniformes & Mobiliario","equipos de cómputo, mobiliario","$218,432,599 COP",SENA REGIONAL PUTUMAYO Grupo de Apoyo Administrativo,Putumayo,Puerto Asís,Selección abreviada subasta inversa,AMAZU S.A.S.,901756479,Contactar al contratista ganador/consorcio para ofrecer suministro y cotización inmediata.,https://community.secop.gov.co/Public/Tendering/OpportunityDetail/Index?noticeUID=CO1.NTC.10636942,"Contratar la adquisición de equipos de cómputo y mobiliario para el fortalecimiento de los ambientes de formación, garantizando su entrega y correcto funcionamiento en las áreas designadas por la Entidad"
CO1.REQ.10933568,SA-SIP-006-SECRD-2026 (Presentación de oferta),80,Adjudicado (Contratista Seleccionado),Lead B2B de Venta Directa,"HORECA & Maquinaria Gastronómica, Alimentación Escolar (PAE)","menaje, restaurantes escolares","$209,997,500 COP",ALCALDIA MUNICIPAL SAN PEDRO DE URABA,Antioquia,San Pedro De Uraba,Selección abreviada subasta inversa,DISTRIBUCIONES CARDOMS SAS,901544843,Contactar al contratista ganador/consorcio para ofrecer suministro y cotización inmediata.,https://community.secop.gov.co/Public/Tendering/OpportunityDetail/Index?noticeUID=CO1.NTC.10787152,"ADQUISICIÓN DE MENAJE PARA LA DOTACIÓN DE LOS RESTAURANTES ESCOLARES DE LAS INSTITUCIONES OFICIALES DEL MUNICIPIO DE SAN PEDRO DE URABA, ANTIOQUIA"
CO1.REQ.11006161,IC 059-2026,80,Adjudicado (Contratista Seleccionado),Lead B2B de Venta Directa,Salud: Insumos & Equipos Médicos,"biomedicos, equipos biomedicos","$200,000,000 COP",SUBRED INTEGRADA DE SERVICIOS DE SALUD SUR E.S.E.**,Distrito Capital de Bogotá,Bogotá,Contratación régimen especial (con ofertas),GOLDEN HEALTH TECNOLOGY SAS,901742317,Contactar al contratista ganador/consorcio para ofrecer suministro y cotización inmediata.,https://community.secop.gov.co/Public/Tendering/OpportunityDetail/Index?noticeUID=CO1.NTC.10860865,ADQUISICIÓN TERMOHIGROMETROS EQUIPOS BIOMEDICOS DE LAS UNIDADES DE SERVICIOS DE LA SUBRED INTEGRADA DE SERVICIOS DE SALUD SUR E.S.E
CO1.REQ.10996836,266 COGFM DIADF 2026   (Manifestación de interés (Menor Cuantía)) (Presentación de oferta),80,Adjudicado (Contratista Seleccionado),Lead B2B de Venta Directa,"Construcción & Obra Civil General, Acero & Metalmecánica","estructura metálica, infraestructura física","$177,419,305 COP",COMANDO GENERAL DE LAS FUERZAS MILITARES,Distrito Capital de Bogotá,Bogotá,Selección Abreviada de Menor Cuantía,EULHYN MAYRELL CORREA ORTIZ,No Definido,Contactar al contratista ganador/consorcio para ofrecer suministro y cotización inmediata.,https://community.secop.gov.co/Public/Tendering/OpportunityDetail/Index?noticeUID=CO1.NTC.10850808,"CONTRATAR LA REMODELACION DEL ESTUDIO DE GRABACIÓN ÁREA DE MEDIOS AUDIOVISUALES COMES  INCLUYENDO SUMINISTRO, INSTALACIÓN, ADECUACIÓN, REMODELACION Y PUESTA EN FUNCIONAMIENTO INTEGRAL DE LA INFRAESTRUCTURA FÍSICA Y TECNOLÓGICA  DEL  SISTEMAS DE INSON"
CO1.REQ.10883340,IMC-021-2026,80,Adjudicado (Contratista Seleccionado),Lead B2B de Venta Directa,"Dotación, Uniformes & Mobiliario",muebles,"$175,090,500 COP",DISTRITO ESPECIAL INDUSTRIAL Y PORTUARIO DE BARRANQUILLA,Atlántico,Barranquilla,Mínima cuantía,OFIEXPORT SAS,802023673,Contactar al contratista ganador/consorcio para ofrecer suministro y cotización inmediata.,https://community.secop.gov.co/Public/Tendering/OpportunityDetail/Index?noticeUID=CO1.NTC.10738852,DOTACION DE MUEBLES Y ELEMENTOS CON DESTINO A LA INFRAESTRUCTURA PROXIMA A SER ENTREGADA PARA LA OPERACIÓN DE NUEVAS SEDES DE LA POLICIA METROPOLITANA  DE BARRANQUILLA
CO1.REQ.10715184,MC-CUC-CA-031-2026,80,Adjudicado (Contratista Seleccionado),Lead B2B de Venta Directa,"HORECA & Maquinaria Gastronómica, Dotación, Uniformes & Mobiliario","menaje, mobiliario","$175,000,000 COP",SENA REGIONAL CAUCA Centro agropecuario,Cauca,Popayán,Mínima cuantía,ELIZABETH CRISTINA MUÑOZ ESCOBAR,34535384,Contactar al contratista ganador/consorcio para ofrecer suministro y cotización inmediata.,https://community.secop.gov.co/Public/Tendering/OpportunityDetail/Index?noticeUID=CO1.NTC.10584368,SUMINISTRO DE MENAJE Y MOBILIARIO PARA EL FUNCIONAMIENTO DE LA CAFETERÍA COMO AMBIENTE DE FORMACIÓN DEL CENTRO AGROPECUARIO
CO1.REQ.11039914,IES-SAMC-001-2026 (Manifestación de interés (Menor Cuantía)) (Presentación de oferta),80,Adjudicado (Contratista Seleccionado),Lead B2B de Venta Directa,"Construcción & Obra Civil General, Acero & Metalmecánica","estructura metálica, infraestructura física","$155,437,164 COP",INSTITUCIÓN EDUCATIVA DE SANTANDER,Santander,Bucaramanga,Selección Abreviada de Menor Cuantía,ARBATTI,901852457,Contactar al contratista ganador/consorcio para ofrecer suministro y cotización inmediata.,https://community.secop.gov.co/Public/Tendering/OpportunityDetail/Index?noticeUID=CO1.NTC.10893929,"Realizar el mejoramiento de la infraestructura física de la Institución Educativa de Santander, Sede D, en el marco de los Acuerdos Escolares vigencia 2023, consistente en el reemplazo de la cubierta y de la estructura metálica del bloque oriental de"
CO1.REQ.11013027,SAB-003-2026 (Fase de ofertas),80,Adjudicado (Contratista Seleccionado),Lead B2B de Venta Directa,"Eventos, Logística & Víveres",víveres,"$151,207,630 COP",MUNICIPIO DE MUTATA,Antioquia,No Definido,Selección abreviada subasta inversa,INVERSIONS DAVID CANO,901835980,Contactar al contratista ganador/consorcio para ofrecer suministro y cotización inmediata.,https://community.secop.gov.co/Public/Tendering/OpportunityDetail/Index?noticeUID=CO1.NTC.10867112,No definido
CO1.REQ.10750067,SASI-01-2026 (Presentación de oferta),80,Adjudicado (Contratista Seleccionado),Lead B2B de Venta Directa,"HORECA & Maquinaria Gastronómica, Alimentación Escolar (PAE)","menaje, restaurantes escolares","$136,392,000 COP",MUNICIPIO DE TIMBIO,Cauca,Timbío,Selección abreviada subasta inversa,Deicy Bravo Jojoa,59706955,Contactar al contratista ganador/consorcio para ofrecer suministro y cotización inmediata.,https://community.secop.gov.co/Public/Tendering/OpportunityDetail/Index?noticeUID=CO1.NTC.10608198,No definido
CO1.REQ.10729979,MP-SE-SI-001-2026 (Presentación de oferta),79,Adjudicado (Contratista Seleccionado),Lead B2B de Venta Directa,"HORECA & Maquinaria Gastronómica, Alimentación Escolar (PAE)","pae, menaje","$1,009,999,971 COP",ALCALDÍA DE POPAYÁN,Cauca,Popayán,Selección abreviada subasta inversa,YANETH PUYO LOPEZ,36381210,Contactar al contratista ganador/consorcio para ofrecer suministro y cotización inmediata.,https://community.secop.gov.co/Public/Tendering/OpportunityDetail/Index?noticeUID=CO1.NTC.10591370,EL CONTRATISTA SE OBLIGA CON EL MUNICIPIO DE POPAYAN A TRANSFERIR A TÍTULO DE VENTA EQUIPOS Y MENAJE PARA LA DOTACIÓN DE COMEDORES ESCOLARES PRIORIZADOS CON PAE EN LAS INSTITUCIONES EDUCATIVAS OFICIALES DE POPAYAN CAUCA EN EL MARCO DE EJECUCIÓN DEL P
CO1.REQ.10620947,RE-REQ-055-2026,78,Adjudicado (Contratista Seleccionado),Lead B2B de Venta Directa,"Acero & Metalmecánica, Dotación, Uniformes & Mobiliario","acero inoxidable, muebles","$1,341,594,766 COP",EMPRESA SOCIAL DEL ESTADO HOSPITAL SAN RAFAEL DE TUNJA,Boyacá,Tunja,Contratación régimen especial (con ofertas),ARIKA INGENIERIA S.A.S.,901763600,Contactar al contratista ganador/consorcio para ofrecer suministro y cotización inmediata.,https://community.secop.gov.co/Public/Tendering/OpportunityDetail/Index?noticeUID=CO1.NTC.10478433,"SUMINISTRO E INSTALACIÓN DE CARPINTERIA EN MADERA, MUEBLES EN ACERO INOXIDABLE Y SEÑALETICA PARA LA PUESTA EN FUNCIONAMIENTO DE LA UNIDAD MATERNO INFANTIL DE LA E.S.E. HOSPITAL UNIVERSITARIO SAN RAFAEL DE TUNJA DEPARTAMENTO DE BOYACA"
CO1.REQ.11112466,PN MECAR SA SI 039 2026,78,Licitación Abierta (En Ofertas),Oportunidad de Alianza / Cotización,Vehículos & Maquinaria,"motocicletas, vehículos","$958,221,800 COP",POLICIA METROPOLITANA DE CARTAGENA DE INDIAS,Bolívar,Cartagena,Selección abreviada subasta inversa,No Definido,No Definido,Compartir la oportunidad con clientes aliados para que presenten oferta incluyendo nuestros suministros.,https://community.secop.gov.co/Public/Tendering/OpportunityDetail/Index?noticeUID=CO1.NTC.11009047,"ADQUISICIÓN DE LLANTAS (INCLUYE DESMONTAJE, MONTAJE, ALINEACIÓN Y BALANCEO) PARA VEHÍCULOS Y MOTOCICLETAS DE LA POLICÍA METROPOLITANA DE CARTAGENA DE INDIAS, DEPARTAMENTO DE POLICÍA BOLÍVAR, GRUPO DE DIÁLOGO Y MANTENIMIENTO DEL ORDEN (GUDMO) Y DEMÁS "
CO1.REQ.11143117,SAINV-0912-2026,78,Licitación Abierta (En Ofertas),Oportunidad de Alianza / Cotización,Vehículos & Maquinaria,"camionetas, vehículos","$839,990,000 COP",CORPORACION AUTONOMA REGIONAL DE LA FRONTERA NORORIENTAL+,Norte de Santander,Cúcuta,Selección abreviada subasta inversa,No Definido,No Definido,Compartir la oportunidad con clientes aliados para que presenten oferta incluyendo nuestros suministros.,https://community.secop.gov.co/Public/Tendering/OpportunityDetail/Index?noticeUID=CO1.NTC.10997827,"COMPRAVENTA DE SEIS CAMIONETAS PICK UP 4X4 CON MANDOS DESDE LA CABINA, DOBLE CABINA PARA CINCO PASAJEROS, PARA CUMPLIR EL OBJETO MISIONAL DE LA CORPORACIÓN AUTÓNOMA REGIONAL DE LA FRONTERA NORORIENTAL  CORPONOR  EN LA JURISDICCIÓN DE NORTE DE SANTAND"
CO1.REQ.11128427,LP-002-SECRD-2026 (Presentación de oferta),78,Licitación Abierta (En Ofertas),Oportunidad de Alianza / Cotización,"Alimentación Escolar (PAE), Eventos, Logística & Víveres","pae, alimentación escolar, víveres","$724,380,554 COP",ALCALDIA MUNICIPAL SAN PEDRO DE URABA,Antioquia,San Pedro De Uraba,Licitación pública,No Definido,No Definido,Compartir la oportunidad con clientes aliados para que presenten oferta incluyendo nuestros suministros.,https://community.secop.gov.co/Public/Tendering/OpportunityDetail/Index?noticeUID=CO1.NTC.10983235,"FORTALECIMIENTO EN LA EJECUCIÓN DEL PROGRAMA DE ALIMENTACIÓN ESCOLAR - (PAE), ATENDIENDO PAGO A PERSONAL MANIPULADOR DE ALIMENTOS, TRASPORTE, LOGÍSTICA, DISTRIBUCIÓN DE VÍVERES VIGENCIA  2026-2, EN CUMPLIMIENTO DEL CONVENIO INTERADMINISTRATIVO (46000"
CO1.REQ.10828010,LP-003-2026 (Presentación de oferta),78,Adjudicado (Contratista Seleccionado),Lead B2B de Venta Directa,Vehículos & Maquinaria,,"$694,000,000 COP",MUNICIPIO DE LA CALERA CUNDINAMARCA,Cundinamarca,La Calera,Licitación pública,GAMA,800023917,Contactar al contratista ganador/consorcio para ofrecer suministro y cotización inmediata.,https://community.secop.gov.co/Public/Tendering/OpportunityDetail/Index?noticeUID=CO1.NTC.10682734,"ADQUIRIR UNA UNIDAD MÓVIL DESTINADA AL FORTALECIMIENTO DE LA OFERTA INSTITUCIONAL Y A LA PRESTACIÓN DE SERVICIOS DE ATENCIÓN INTEGRAL A LA CIUDADANÍA DOTADA DE ESPACIOS CON ACCESIBILIDAD UNIVERSAL, SISTEMA ELÉCTRICO AUTÓNOMO Y EL EQUIPAMIENTO NECESAR"
CO1.REQ.10629618,UAEGRD-SA-SU-004-2026 (Presentación de oferta),78,Adjudicado (Contratista Seleccionado),Lead B2B de Venta Directa,"Dotación, Uniformes & Mobiliario, Eventos, Logística & Víveres",kit de alimentos,"$675,666,171 COP",DEPARTAMENTO DE CUNDINAMARCA-UNIDAD ADMINISTRATIVA ESPECIAL PARA LA GESTION DEL RIESGO DE DESASTRES DE CUNDINAMARCA,Distrito Capital de Bogotá,No Definido,Selección abreviada subasta inversa,SUMIMAS S.A.S,830001338,Contactar al contratista ganador/consorcio para ofrecer suministro y cotización inmediata.,https://community.secop.gov.co/Public/Tendering/OpportunityDetail/Index?noticeUID=CO1.NTC.10484244,"SUMINISTRO DE KIT DE ALIMENTOS, ASEO Y COCINA PARA AYUDAS HUMANITARIAS CON EL FIN DE MITIGAR LAS AFECTACIONES DE LA POBLACIÓN DAMNIFICADA POR LOS DIFERENTES EVENTOS NATURALES QUE SE PRESENTEN EN EL DEPARTAMENTO DE CUNDINAMARCA"
CO1.REQ.11131567,DJC-LP-08.01-092-2026,78,Licitación Abierta (En Ofertas),Oportunidad de Alianza / Cotización,Vehículos & Maquinaria,"parque automotor, vehículos","$666,255,895 COP",UNIAJC,Valle del Cauca,Cali,Licitación pública,No Definido,No Definido,Compartir la oportunidad con clientes aliados para que presenten oferta incluyendo nuestros suministros.,https://community.secop.gov.co/Public/Tendering/OpportunityDetail/Index?noticeUID=CO1.NTC.10987667,ADQUISICIÓN DE UN PARQUE AUTOMOTOR CONFORMADO POR TRES (03) VEHÍCULOS DE COMBUSTIÓN E HÍBRIDOS PARA LA OPERACIÓN DE LA INSTITUCIÓN UNIVERSITARIA ANTONIO JOSÉ CAMACHO - UNIAJC
CO1.REQ.10945827,SUBASTA INVERSA 122-2026 (Presentación de oferta),78,Adjudicado (Contratista Seleccionado),Lead B2B de Venta Directa,"Agua Potable & Saneamiento, Vehículos & Maquinaria",agua potable,"$660,000,000 COP",MUNICIPIO DE ANAPOIMA/,Cundinamarca,No Definido,Selección abreviada subasta inversa,MIAGA S.A.S.,901301441,Contactar al contratista ganador/consorcio para ofrecer suministro y cotización inmediata.,https://community.secop.gov.co/Public/Tendering/OpportunityDetail/Index?noticeUID=CO1.NTC.10799617,"ADQUISICIÓN DE VEHICULO TIPO CARROTANQUE PARA EL TRANSPORTE DE AGUA POTABLE, ATENDIENDO EL DESABASTECIMIENTO DE AGUA POTABLE Y ATENCIÓN DE INCENDIOS FORESTALES COMO MEDIDA DE MITIGACIÓN EN TEMPORADAS SECAS EN EL MUNICIPIO DE ANAPOIMA"
CO1.REQ.11050327,SA 014 DE 2026,78,Licitación Abierta (En Ofertas),Oportunidad de Alianza / Cotización,"Construcción & Obra Civil General, Acero & Metalmecánica","vías terciarias, acero de refuerzo, mejoramiento de vías","$387,574,706 COP",MUNICIPIO DE DABEIBA,Antioquia,Dabeiba,Selección Abreviada de Menor Cuantía,No Definido,No Definido,Compartir la oportunidad con clientes aliados para que presenten oferta incluyendo nuestros suministros.,https://community.secop.gov.co/Public/Tendering/OpportunityDetail/Index?noticeUID=CO1.NTC.10905786,"SUMINISTRO Y TRANSPORTE DE MATERIALES PÉTREOS, ELEMENTOS DE FORMALETA, Y TRANSPORTE DE CEMENTO Y ACERO DE REFUERZO ADQUIRIDOS POR EL MUNICIPIO A TRAVÉS DE LA EMPRESA DE VIVIENDA DE ANTIOQUIA - VIVA, PARA SU ENTREGA A LAS COMUNIDADES RURALES EN EL MAR"
CO1.REQ.11156113,CD-2092-2026,75,Adjudicado (Contratista Seleccionado),Lead B2B de Venta Directa,"Eventos, Logística & Víveres",operador logistico,"$25,463,353,346 COP",MINISTERIO DEL INTERIOR,Distrito Capital de Bogotá,Bogotá,Contratación Directa (con ofertas),CANAL REGIONAL DE TELEVISION S.A.S,830005370,Contactar al contratista ganador/consorcio para ofrecer suministro y cotización inmediata.,https://community.secop.gov.co/Public/Tendering/OpportunityDetail/Index?noticeUID=CO1.NTC.11015519,"Prestar los servicios de operación logística para llevar a cabo la organización, producción y ejecución de los eventos, encuentros y demás actividades logísticas que se requieran para el desarrollo de las funciones,  planes, programas y metas del min"
CO1.REQ.10875617,OCO-260081,75,Licitación Abierta (En Ofertas),Oportunidad de Alianza / Cotización,"Acero & Metalmecánica, Dotación, Uniformes & Mobiliario","soldadura, estructura metalica","$297,797,500 COP",UNIVERSIDAD FRANCISCO DE PAULA SANTANDER,Norte de Santander,Cúcuta,Contratación régimen especial,No Definido,No Definido,Compartir la oportunidad con clientes aliados para que presenten oferta incluyendo nuestros suministros.,https://community.secop.gov.co/Public/Tendering/OpportunityDetail/Index?noticeUID=CO1.NTC.10731107,ADQUISICION DE SILLAS UNIVERSITARIAS NTC 4734 CON ESTRUCTURA METALICA CUBIERTA EN PINTURA ELECTROSTATICA ASIENTO ESPALDAR Y BRAZO FIJO 4 ZURDOS 18 DIESTROS ELABORADOS EN TRIPLEX LACADO AL NATURAL SUPERFICIE SILLA TRIPLEX Y TERMINADO AL NATURAL ESTRUC
CO1.REQ.11180357,EMSET-DSP-037-2026,75,Licitación Abierta (En Ofertas),Oportunidad de Alianza / Cotización,"Agua Potable & Saneamiento, Acero & Metalmecánica","planta de tratamiento, agua potable, acero inoxidable, ptap","$273,267,424 COP",EMPRESA MUNICIPAL DE SERVICIOS PÚBLICOS DE TAURAMENA SA ESP,Casanare,Tauramena,Contratación régimen especial,No Definido,No Definido,Compartir la oportunidad con clientes aliados para que presenten oferta incluyendo nuestros suministros.,https://community.secop.gov.co/Public/Tendering/OpportunityDetail/Index?noticeUID=CO1.NTC.11034737,"REALIZAR LA ADQUISICION, INSTALACION Y PUESTA EN FUNCIONAMIENTO DE BOMBAS DOSIFICADORAS LIQUIDAS DE SULFATO Y CAL, Y DEMAS ELEMENTOS REQUERIDOS PARA SU ADECUADA OPERACION EN PLANTA 2 DE LA PLANTA DE TRATAMIENTO DE AGUA POTABLE (PTAP) Y DOS (2) TANQUE"
CO1.REQ.11117203,17209,75,Licitación Abierta (En Ofertas),Oportunidad de Alianza / Cotización,"Eventos, Logística & Víveres","viveres, víveres, abarrotes","$256,659,906 COP",DEPARTAMENTO DE ANTIOQUIA//,Antioquia,Medellín,Selección abreviada subasta inversa,No Definido,No Definido,Compartir la oportunidad con clientes aliados para que presenten oferta incluyendo nuestros suministros.,https://community.secop.gov.co/Public/Tendering/OpportunityDetail/Index?noticeUID=CO1.NTC.10972122,"SUMINISTRO, DISTRIBUCION Y ENTREGA DE VIVERES, ABARROTES Y DEMAS INSUMOS REQUERIDOS PARA LA ATENCION DE LAS PERSONAS PRIVADAS DE LA LIBERTAD EN EL ESTABLECIMIENTO DE RECLUSION ESPECIAL DEPARTAMENTAL DE ANTIOQUIA YARUMITO - E.R.E."
CO1.REQ.11009961,EMSET-DSP-033-2026,75,Licitación Abierta (En Ofertas),Oportunidad de Alianza / Cotización,"Construcción & Obra Civil General, Agua Potable & Saneamiento, Acero & Metalmecánica","acero de refuerzo, alcantarillado","$255,574,070 COP",EMPRESA MUNICIPAL DE SERVICIOS PÚBLICOS DE TAURAMENA SA ESP,Casanare,Tauramena,Contratación régimen especial,No Definido,No Definido,Compartir la oportunidad con clientes aliados para que presenten oferta incluyendo nuestros suministros.,https://community.secop.gov.co/Public/Tendering/OpportunityDetail/Index?noticeUID=CO1.NTC.10864302,"MANTENIMIENTO Y REHABILITACION DE LA INFRAESTRUCTURA DE ALCANTARILLADO SANITARIO MEDIANTE LA INTERVENCION DE POZOS DE INSPECCION (DEMOLICION Y RECONSTRUCCION DE PLACAS, PLACAS DE MANHOLE PARA TRAFICO PESADO, ACERO DE REFUERZO, ALISTADOS, IMPERMEABILI"
CO1.REQ.10926537,ODC-DAD-0052-2026,75,Licitación Abierta (En Ofertas),Oportunidad de Alianza / Cotización,"Agua Potable & Saneamiento, Acero & Metalmecánica","acero inoxidable, agua potable","$118,451,278 COP",UNIMAGDALENA,Magdalena,Santa Marta,Contratación régimen especial,No Definido,No Definido,Compartir la oportunidad con clientes aliados para que presenten oferta incluyendo nuestros suministros.,https://community.secop.gov.co/Public/Tendering/OpportunityDetail/Index?noticeUID=CO1.NTC.10780187,"COMPRA E INSTALACIÓN DE UN SISTEMA DE TRATAMIENTO DE AGUA POTABLE CON ABLANDAMIENTO, FILTRACIÓN, OXIDES INFECCIÓN, OSMOSIS INVERSA Y DOS (2) DISPOSITIVOS DE DISPENSACIÓN REFRIGERADA EN ACERO INOXIDABLE PARA EL SUMINISTRO A TODA LA COMUNIDAD UNIVERSIT"
CO1.REQ.10549986,SASI2026-155 (Presentación de oferta),75,Adjudicado (Contratista Seleccionado),Lead B2B de Venta Directa,"HORECA & Maquinaria Gastronómica, Alimentación Escolar (PAE)","pae, menaje, alimentación escolar","$112,197,691 COP",ALCALDIA MUNICIPIO DE ANORI,Antioquia,No Definido,Selección abreviada subasta inversa,COMERCIALIZADORA E INVERSIONES D.O.,1151437954,Contactar al contratista ganador/consorcio para ofrecer suministro y cotización inmediata.,https://community.secop.gov.co/Public/Tendering/OpportunityDetail/Index?noticeUID=CO1.NTC.10406227,"SUMINISTRO DE ELEMENTOS DE MENAJE ESCOLAR EN EL DESARROLLO DEL PROGRAMA DE ALIMENTACIÓN ESCOLAR PAE, PARA LOS RESTAURANTES DE LAS INSTITUCIONES Y SEDES EDUCATIVAS DEL MUNICIPIO DE ANORI-ANTIOQUIA"
CO1.REQ.10369226,CW384145,73,Licitación Abierta (En Ofertas),Oportunidad de Alianza / Cotización,Acero & Metalmecánica,varillas,"$4,277,863,440 COP",EMPRESAS PUBLICAS DE MEDELLIN E.S.P.,Antioquia,Medellín,Contratación régimen especial,FUNDIHERRAJES DE COLOMBIA S.A.S,900131075,Compartir la oportunidad con clientes aliados para que presenten oferta incluyendo nuestros suministros.,https://community.secop.gov.co/Public/Tendering/OpportunityDetail/Index?noticeUID=CO1.NTC.10226141,"Suministro de collarines, guardacabos, perchas y varillas de anclaje GRUPO 1 Y 3"
CO1.REQ.9383468,MP-SE-SI-002-2025,73,Borrador de Pliegos,Oportunidad Pre-Licitación,"HORECA & Maquinaria Gastronómica, Alimentación Escolar (PAE)","pae, menaje","$998,001,520 COP",ALCALDÍA DE POPAYÁN,Cauca,Popayán,Selección abreviada subasta inversa,No Definido,No Definido,Notificar a clientes contratistas para que soliciten observaciones o preparen propuesta de consorcio.,https://community.secop.gov.co/STS/Users/Login/Index,EL CONTRATISTA SE OBLIGA CON EL MUNICIPIO DE POPAYAN A TRANSFERIR A TÍTULO DE VENTA EQUIPOS Y MENAJE PARA LA DOTACIÓN DE COMEDORES ESCOLARES PRIORIZADOS CON PAE EN LAS INSTITUCIONES EDUCATIVAS OFICIALES DE POPAYAN CAUCA EN EL MARCO DE EJECUCIÓN DEL P
CO1.REQ.11098357,LP-001-2026,70,Licitación Abierta (En Ofertas),Oportunidad de Alianza / Cotización,"Alimentación Escolar (PAE), Eventos, Logística & Víveres","alimentacion escolar, viveres","$1,371,734,590 COP",MUNICIPIO DE CAREPA,Antioquia,Carepa,Licitación pública,No Definido,No Definido,Compartir la oportunidad con clientes aliados para que presenten oferta incluyendo nuestros suministros.,https://community.secop.gov.co/Public/Tendering/OpportunityDetail/Index?noticeUID=CO1.NTC.10954354,"SUMINISTRO DE VIVERES Y PAGO DE BONIFICACION PERSONAL MANIPULADOR DE ALIMENTOS PARA EL PROGRAMA DE ALIMENTACION ESCOLAR EN LA VlGENCIA 2026-2 CONFORME A LO ESTIPULADO EN EL
CONVENIO INTERADMINISTRATIVO 4600019304 SUSCRITO ENTRE LA SECRETARIA DE EDUCA"
CO1.REQ.11174903,SASI-014-2026,70,Licitación Abierta (En Ofertas),Oportunidad de Alianza / Cotización,"HORECA & Maquinaria Gastronómica, Alimentación Escolar (PAE)","pae, menaje, alimentacion escolar","$243,674,112 COP",MUNICIPIO DE MESETAS,Meta,Mesetas,Selección abreviada subasta inversa,No Definido,No Definido,Compartir la oportunidad con clientes aliados para que presenten oferta incluyendo nuestros suministros.,https://community.secop.gov.co/Public/Tendering/OpportunityDetail/Index?noticeUID=CO1.NTC.11029468,"ADQUISICION DE MENAJE Y ELEMENTOS PARA EL FORTALECIMIENTO DE LOS COMEDORES ESCOLARES DE LAS INSTITUCIONES EDUCATIVAS LOS FUNDADORES, JARDÍN DE LAS PEÑAS, CENTRO EDUCATIVO RIO CAFRE (SEDE LA GUAJIRA - SEDE ONDAS DEL CAFRE Y VILLA LUCIA), RIO GUEJAR (S"
CO1.REQ.11122489,00-2026-OC-44,70,Licitación Abierta (En Ofertas),Oportunidad de Alianza / Cotización,"Eventos, Logística & Víveres","frutas, verduras","$105,403,920 COP",EMPRESA SOCIAL DEL ESTADO HOSPITAL GERIATRICO Y ANCIANATO SAN MIGUEL 12,Valle del Cauca,Cali,Contratación régimen especial,SURTIFRUVER DEL VALLE CALI,No Definido,Compartir la oportunidad con clientes aliados para que presenten oferta incluyendo nuestros suministros.,https://community.secop.gov.co/Public/Tendering/OpportunityDetail/Index?noticeUID=CO1.NTC.10977376,"ADQUISICIÓN DE LAS FRUTAS Y VERDURAS NECESARIAS PARA LA PREPARACIÓN DE LAS DIETAS DE LOS ADULTOS MAYORES CUMPLIENDOA ASI CON LOS CICLOS DE MENU DISEÑADOS PARA LA POBLACIÓN Y CUMPLIR EL APORTE TANTO DE VITAMINAS, MINERALES Y FIBRA, GARANTIZANDO ASI EL"
CO1.REQ.10916146,MC-CMC-CDA-011-2026,70,Adjudicado (Contratista Seleccionado),Lead B2B de Venta Directa,HORECA & Maquinaria Gastronómica,menaje,"$99,997,961 COP",SENA REGIONAL CUNDINAMARCA Grupo Administrativo CDA,Cundinamarca,Chía,Mínima cuantía,SOCIEDAD RUSSI SAS,901267812,Contactar al contratista ganador/consorcio para ofrecer suministro y cotización inmediata.,https://community.secop.gov.co/Public/Tendering/OpportunityDetail/Index?noticeUID=CO1.NTC.10773099,"Adquirir utensilios y menaje de cocina destinados a la dotación y fortalecimiento de los ambientes de formación del Servicio Nacional de Aprendizaje - SENA, Centro de Desarrollo Agroempresarial, con el fin de apoyar los procesos formativos, prácticas"
CO1.REQ.10874713,SE-SA-SI-MC-08-2026 (Presentación de oferta),70,Adjudicado (Contratista Seleccionado),Lead B2B de Venta Directa,"HORECA & Maquinaria Gastronómica, Alimentación Escolar (PAE)","menaje, restaurantes escolares","$93,753,986 COP",ALCALDIA DE SALGAR,Antioquia,Salgar,Selección abreviada subasta inversa,PUBLIUNIVERSAL,98465821,Contactar al contratista ganador/consorcio para ofrecer suministro y cotización inmediata.,https://community.secop.gov.co/Public/Tendering/OpportunityDetail/Index?noticeUID=CO1.NTC.10729828,ADQUISICION DE ELEMENTOS DE MENAJE PARA DOTACION DE RESTAURANTES ESCOLARES DEL MUNICIPIO DE SALGAR-ANTIOQUIA
CO1.REQ.10923750,MGODSSACV-000013-2026 (Presentación de oferta),70,Adjudicado (Contratista Seleccionado),Lead B2B de Venta Directa,"HORECA & Maquinaria Gastronómica, Dotación, Uniformes & Mobiliario","menaje, mobiliario","$77,119,000 COP",ALCALDIA MUNICIPIO DE GARZON,Huila,Garzón,Selección abreviada subasta inversa,DISTRICOM V&O ASOCIADOS SAS,901268555,Contactar al contratista ganador/consorcio para ofrecer suministro y cotización inmediata.,https://community.secop.gov.co/Public/Tendering/OpportunityDetail/Index?noticeUID=CO1.NTC.10789343,COMPRA DE MENAJE Y MOBILIARIO PARA DOTACIÓN DEL CENTRO VIDA UBICADO EN EL CENTRO POBLADO SAN ANTONIO DEL PESCADO DEL MUNICIPIO DE GARZON - HUILA.
CO1.REQ.10689153,MC-BYC-CGAFE-020-2026,70,Adjudicado (Contratista Seleccionado),Lead B2B de Venta Directa,HORECA & Maquinaria Gastronómica,"menaje, utensilios de cocina","$37,611,259 COP",SENA REGIONAL BOYACA Grupo Administrativo CGAFE,Boyacá,Tunja,Mínima cuantía,SOCIEDAD RUSSI SAS,901267812,Contactar al contratista ganador/consorcio para ofrecer suministro y cotización inmediata.,https://community.secop.gov.co/Public/Tendering/OpportunityDetail/Index?noticeUID=CO1.NTC.10678572,ADQUISICIÓN DE MENAJE Y UTENSILIOS DE COCINA PARA LA ESTRATEGIA DE CAFETERÍAS COMO AMBIENTES DE FORMACIÓN DEL CENTRO DE GESTIÓN ADMINISTRATIVA Y FORTALECIMIENTO EMPRESARIAL CEGAFE SENA REGIONAL BOYACÁ
CO1.REQ.10534976,MC-HIL-CGDSS-022-2026,70,Adjudicado (Contratista Seleccionado),Lead B2B de Venta Directa,"HORECA & Maquinaria Gastronómica, Dotación, Uniformes & Mobiliario","menaje, mobiliario","$36,116,000 COP",SENA REGIONAL HUILA Grupo Administrativo CGDSS,Huila,Pitalito,Mínima cuantía,ANZETY INGENIERIA SAS,901257667,Contactar al contratista ganador/consorcio para ofrecer suministro y cotización inmediata.,https://community.secop.gov.co/Public/Tendering/OpportunityDetail/Index?noticeUID=CO1.NTC.10396222,"Entregar a título de compraventa menaje, equipos y mobiliario y enseres para las cafeterías del Centro de Gestión y Desarrollo Sostenible Surcolombiano"
CO1.REQ.11156514,SASI-ANT-CSGE-003-2026 (Presentación de oferta),67,Licitación Abierta (En Ofertas),Oportunidad de Alianza / Cotización,HORECA & Maquinaria Gastronómica,equipos de cocina,"$842,000,674 COP",SENA REGIONAL ANTIOQUIA Grupo de Apoyo Administrativo Mixto,Antioquia,Medellín,Selección abreviada subasta inversa,No Definido,No Definido,Compartir la oportunidad con clientes aliados para que presenten oferta incluyendo nuestros suministros.,https://community.secop.gov.co/Public/Tendering/OpportunityDetail/Index?noticeUID=CO1.NTC.11011046,MODERNIZACION AMBIENTES: 5_9402_437 Contratar la compra de equipos de cocina para el fortalecimiento de los ambientes de formación del Centro de Servicios y Gestión Empresarial del SENA.
CO1.REQ.11159529,SASI 007 MT 2026,67,Licitación Abierta (En Ofertas),Oportunidad de Alianza / Cotización,HORECA & Maquinaria Gastronómica,menaje,"$419,902,342 COP",MUNICIPIO DE TOCANCIPA,Cundinamarca,Tocancipá,Selección abreviada subasta inversa,No Definido,No Definido,Compartir la oportunidad con clientes aliados para que presenten oferta incluyendo nuestros suministros.,https://community.secop.gov.co/Public/Tendering/OpportunityDetail/Index?noticeUID=CO1.NTC.11016226,COMPRA DE MENAJE E INSUMOS DE COCINA NECESARIOS PARA PARA LA DOTACIÓN DE LAS INSTALACIONES DE LAS DIFERENTES DEPENDENCIAS A CARGO DE LA ADMINISTRACIÓN MUNICIPAL DE TOCANCIPÁ
CO1.REQ.11174401,MPT-SG-SASI-002-2026,67,Licitación Abierta (En Ofertas),Oportunidad de Alianza / Cotización,"HORECA & Maquinaria Gastronómica, Dotación, Uniformes & Mobiliario","menaje, mobiliario","$320,181,162 COP",MUNICIPIO DE PIENDAMO,Cauca,Piendamó,Selección abreviada subasta inversa,No Definido,No Definido,Compartir la oportunidad con clientes aliados para que presenten oferta incluyendo nuestros suministros.,https://community.secop.gov.co/Public/Tendering/OpportunityDetail/Index?noticeUID=CO1.NTC.11034443,"ADQUISIÓN DE MATERIAL ESCOLAR, DIDÁCTICO, MOBILIARIO Y MENAJE DESTINADO A LAS INSTITUCIONES EDUCATIVAS OFICIALES; MOBILIARIO PARA EL FORTALECIMIENTO DEL FUNCIONAMIENTO DE LA COMISARÍA DE FAMILIA; MESAS Y SILLAS PARA EL FORTALECIMIENTO DE LOS CENTROS "
CO1.REQ.11117860,SAMC-CMC-CBA-010-2026,65,Licitación Abierta (En Ofertas),Oportunidad de Alianza / Cotización,"Construcción & Obra Civil General, Acero & Metalmecánica, HORECA & Maquinaria Gastronómica","estructura metálica, cocina industrial","$194,130,330 COP",SENA REGIONAL CUNDINAMARCA Grupo Administrativo CBA,Cundinamarca,Mosquera,Selección Abreviada de Menor Cuantía,No Definido,No Definido,Compartir la oportunidad con clientes aliados para que presenten oferta incluyendo nuestros suministros.,https://community.secop.gov.co/Public/Tendering/OpportunityDetail/Index?noticeUID=CO1.NTC.10972764,"CONTRATAR LAS OBRAS DE ADECUACIÓN PARA LA MODERNIZACIÓN DE LA SALA DE LACTANCIA Y LA CONSTRUCCIÓN DEL ESPACIO PARA COCINA INDUSTRIAL, ESTRUCTURA METÁLICA Y CUBIERTA DEL PROYECTO ANCESTRALAB DEL CENTRO DE BIOTECNOLOGÍA AGROPECUARIA SEDE MOSQUERA- CUND"
CO1.REQ.11105584,SECT SIP 002 DE 2026 (Presentación de oferta),65,Proceso Activo (Evaluación),Monitoreo Comercial,"HORECA & Maquinaria Gastronómica, Alimentación Escolar (PAE)","equipos de cocina, menaje, alimentación escolar","$180,527,000 COP",ALCALDIA MUNICIPAL DE OCAÑA,Norte de Santander,Ocaña,Selección abreviada subasta inversa,No Definido,No Definido,Hacer seguimiento al cierre de ofertas o adjudicación.,https://community.secop.gov.co/Public/Tendering/OpportunityDetail/Index?noticeUID=CO1.NTC.10960870,"SUMINISTRO DE MENAJE, UTENSILIOS Y EQUIPOS DE COCINA PARA LOS COMEDORES ESCOLARES DE LAS INSTITUCIONES EDUCATIVAS BENEFICIARIAS DEL PROGRAMA DE ALIMENTACIÓN ESCOLAR DEL MUNICIPIO DE OCAÑA, NORTE DE SANTANDER"
CO1.REQ.10478629,SASI-BLV-CCS-001-2026,63,Licitación Abierta (En Ofertas),Oportunidad de Alianza / Cotización,"Eventos, Logística & Víveres",alimentos perecederos,"$408,702,923 COP",SENA REGIONAL BOLIVAR Grupo de Apoyo Administrativo Mixto,Bolívar,Cartagena,Selección abreviada subasta inversa,No Definido,No Definido,Compartir la oportunidad con clientes aliados para que presenten oferta incluyendo nuestros suministros.,https://community.secop.gov.co/Public/Tendering/OpportunityDetail/Index?noticeUID=CO1.NTC.11014248,"CONTRATAR EL SUMINISTRO DE MATERIALES DE FORMACIÓN CONSISTENTES EN ALIMENTOS PERECEDEROS Y NO PERECEDEROS, LICORES, VINOS, APERITIVOS Y ELEMENTOS DE USO ÚNICO (DESECHABLES),  PARA LAS ACTIVIDADES DE APRENDIZAJE DE LOS PROGRAMAS DE COCINA, MESA Y BAR,"
CO1.REQ.11156070,9677-PPAL001-462-2025,60,Proceso Activo (En aprobación),Monitoreo Comercial,"Eventos, Logística & Víveres",kits de alimentos,"$31,809,250,000 COP",FONDO NACIONAL DE GESTIÓN DEL RIESGO DE DESASTRES - FNGRD,Distrito Capital de Bogotá,Bogotá,Contratación régimen especial,No Definido,No Definido,Hacer seguimiento al cierre de ofertas o adjudicación.,https://community.secop.gov.co/STS/Users/Login/Index,"SUMINISTRO DE ASISTENCIA HUMANITARIA DE
EMERGENCIA (AHE): KITS DE ALIMENTOS, KITS DE ASEO, KIT DE COCINA, HAMACAS, FRAZADAS Y
TOLDILLOS, PARA LA ATENCIÓN DE LAS SITUACIONES DE CALAMIDAD PÚBLICA DECLARADA EN
EL DEPARTAMENTO DE LA GUAJIRA, MEDIANTE EL "
CO1.REQ.11134253,DAPRE-CD-NEOMUNDO-2026,60,Adjudicado (Contrato firmado),Lead B2B de Venta Directa,"Eventos, Logística & Víveres",operador logistico,"$5,389,296,263 COP",DAPRE,Distrito Capital de Bogotá,Bogotá,Contratación Directa (con ofertas),NEOMUNDO,804008684,Contactar al contratista ganador/consorcio para ofrecer suministro y cotización inmediata.,https://community.secop.gov.co/Public/Tendering/OpportunityDetail/Index?noticeUID=CO1.NTC.10989316,"Prestar los servicios de planificación, organización, operación y producción de todas las acciones logísticas necesarias para la atención de los eventos y demás actividades requeridas por el Departamento Administrativo de la Presidencia de la Repúbli"
CO1.REQ.11105105,SAMEC-005-2026 (Manifestación de interés (Menor Cuantía)) (Presentación de oferta),60,Adjudicado (Contratista Seleccionado),Lead B2B de Venta Directa,"Eventos, Logística & Víveres",hortalizas,"$255,164,770 COP",MUNICIPIO DE SANTA FE DE ANTIOQUIA,Antioquia,No Definido,Selección Abreviada de Menor Cuantía,MAXX PROYECTOS Y ASESORÍAS S.A.S.,901100624,Contactar al contratista ganador/consorcio para ofrecer suministro y cotización inmediata.,https://community.secop.gov.co/Public/Tendering/OpportunityDetail/Index?noticeUID=CO1.NTC.10960031,"MEJORAR Y CONSOLIDAR LAS CADENAS PRODUCTIVAS AGROPECUARIAS EN AGUACATE, LIMÓN TAHITÍ, PISCICULTURA, RENOVACIÓN DE CAFÉ Y HORTALIZAS MEDIANTE EL SUMINISTRO DE INSUMOS Y APOYO EN EL FORTALECIMIENTO DE SISTEMAS QUE MEJOREN LA PRODUCTIVIDAD EN EL ÁREA RU"
CO1.REQ.10379126,SI-SGM-010-2026  (Presentación de oferta),60,Adjudicado (Contratista Seleccionado),Lead B2B de Venta Directa,"Eventos, Logística & Víveres",refrigerios,"$220,000,000 COP",MUNICIPIO DE MONTERIA,Córdoba,Montería,Selección abreviada subasta inversa,LINA MARCELA MEJIA GOMEZ,26202687,Contactar al contratista ganador/consorcio para ofrecer suministro y cotización inmediata.,https://community.secop.gov.co/Public/Tendering/OpportunityDetail/Index?noticeUID=CO1.NTC.10236081,"SUMINISTRO DE ALIMENTOS PREPARADOS (DESAYUNOS, ALMUERZOS, COMIDAS Y REFRIGERIOS) INCLUIDO MENAJE PARA LOS DISTINTOS EVENTOS ORGANIZADOS POR LAS DEPENDENCIAS ADMINISTRATIVAS DEL MUNICIPIO DE MONTERIA"
CO1.REQ.11114230,SI-002-2026 (Presentación de oferta),60,Proceso Activo (Evaluación),Monitoreo Comercial,"Alimentación Escolar (PAE), Eventos, Logística & Víveres","pae, alimentación escolar, víveres","$179,438,308 COP",ALCALDÍA MUNICIPAL DE BELMIRA ANTIOQUIA,Antioquia,Belmira,Selección abreviada subasta inversa,No Definido,No Definido,Hacer seguimiento al cierre de ofertas o adjudicación.,https://community.secop.gov.co/Public/Tendering/OpportunityDetail/Index?noticeUID=CO1.NTC.10969208,"PRESTACIÓN DEL SERVICIO DE MANIPULACIÓN DE ALIMENTOS Y SUMINISTROS DE ALIMENTOS Y VÍVERES DE LA CANASTA FAMILIAR PARA LA EJECUCIÓN DEL PROGRAMA DE ALIMENTACIÓN ESCOLAR PAE, PARA LOS NIÑOS, NIÑAS Y ADOLESCENTES DE LA MATRICULA OFICIAL DEL MUNICIPIO DE"
CO1.REQ.11159577,081-2026,60,Licitación Abierta (En Ofertas),Oportunidad de Alianza / Cotización,"Eventos, Logística & Víveres","víveres, abarrotes","$92,104,000 COP",SANATORIO DE CONTRATACION EMPRESA SOCIAL DEL ESTADO,Santander,Contratación,Contratación régimen especial,MILTON CARREÑO NARANJO,No Definido,Compartir la oportunidad con clientes aliados para que presenten oferta incluyendo nuestros suministros.,https://community.secop.gov.co/Public/Tendering/OpportunityDetail/Index?noticeUID=CO1.NTC.11014210,"SUMINISTRO DE VÍVERES, ABARROTES, LECHE, QUESO, PAN Y DEMÁS ELEMENTOS CON DESTINO AL SANATORIO DE CONTRATACIÓN E.S.E. PARA LA VIGENCIA 2026."
CO1.REQ.11175853,2026-0403,55,Licitación Abierta (En Ofertas),Oportunidad de Alianza / Cotización,"Eventos, Logística & Víveres",abarrotes,"$170,000,000 COP",FONDO DE DESARROLLO DE PROYECTOS DE CUNDINAMARCA,Distrito Capital de Bogotá,Bogotá,Contratación régimen especial,ASOCIACIÓN DE GANADEROS DE LA REGIÓN CENTRAL- AGRECE,901846131,Compartir la oportunidad con clientes aliados para que presenten oferta incluyendo nuestros suministros.,https://community.secop.gov.co/Public/Tendering/OpportunityDetail/Index?noticeUID=CO1.NTC.11031761,SUMINISTRO AL FONDO DE DESARROLLO DE PROYECTOS DE CUNDINAMARCA  FONDECÚN  DE PRODUCTOS ALIMENTICIOS Y/O ABARROTES DE ORIGEN CUNDINAMARQUÉS EN LA ESTRATEGIA  COMPRAMOS TU COSECHA  EN EL MARCO DEL CONTRATO INTERADMINISTRATIVO ACIDC-CI-513-2024 (FONDECÚ
CO1.REQ.11163588,CO-2026-049,55,Licitación Abierta (En Ofertas),Oportunidad de Alianza / Cotización,"Eventos, Logística & Víveres",refrigerios,"$137,365,745 COP",AGUAS REGIONALES EPM SA ESP,Antioquia,Apartadó,Contratación régimen especial,No Definido,No Definido,Compartir la oportunidad con clientes aliados para que presenten oferta incluyendo nuestros suministros.,https://community.secop.gov.co/Public/Tendering/OpportunityDetail/Index?noticeUID=CO1.NTC.11018317,SUMINISTRO DE REFRIGERIOS PARA LOS EVENTOS QUE REALICE AGUAS REGIONALES EPM S.A E.S.P. CON SUS DIFERENTES GRUPOS DE INTERÉS EN LA SUBREGIÓN DE URABÁ
CO1.REQ.11166863,BMC 2026-0766,53,Adjudicado (Contrato firmado),Lead B2B de Venta Directa,"Eventos, Logística & Víveres",eventos institucionales,"$783,508,379 COP",ALCALDIA MUNICIPAL FUSAGASUGA,Cundinamarca,Fusagasugá,Contratación régimen especial,RENTA Y CAMPO CORREDORES S.A.,802017459,Contactar al contratista ganador/consorcio para ofrecer suministro y cotización inmediata.,https://community.secop.gov.co/Public/Tendering/OpportunityDetail/Index?noticeUID=CO1.NTC.11025955,"CONTRATAR LA SOCIEDAD COMISIONISTA DE BOLSA PARA LLEVAR A CABO LA OPERACION REQUERIDA PARA LA PRESTACIÓN DE SERVICIOS DE LOGÍSTICA PARA LA ORGANIZACIÓN, COORDINACIÓN Y EJECUCIÓN DE LOS DIFERENTES EVENTOS INSTITUCIONALES, INTERACCIONES Y ACTIVIDADES D"
